Year;Week;GroupDesc;StockGroupDesc;BrandDesc;SatisSayisi
2023;1;Erkek;SEGMENT_A;BRAND_A1;160
2023;2;Erkek;SEGMENT_A;BRAND_A1;177
2023;3;Erkek;SEGMENT_A;BRAND_A1;140
2023;4;Erkek;SEGMENT_A;BRAND_A1;136
2023;5;Erkek;SEGMENT_A;BRAND_A1;125
2023;6;Erkek;SEGMENT_A;BRAND_A1;173
2023;7;Erkek;SEGMENT_A;BRAND_A1;112
2023;8;Erkek;SEGMENT_A;BRAND_A1;141
2023;9;Erkek;SEGMENT_A;BRAND_A1;141
2023;10;Erkek;SEGMENT_A;BRAND_A1;139
2023;11;Erkek;SEGMENT_A;BRAND_A1;115
2023;12;Erkek;SEGMENT_A;BRAND_A1;108
2023;13;Erkek;SEGMENT_A;BRAND_A1;124
2023;14;Erkek;SEGMENT_A;BRAND_A1;137
2023;15;Erkek;SEGMENT_A;BRAND_A1;120
2023;16;Erkek;SEGMENT_A;BRAND_A1;127
2023;17;Erkek;SEGMENT_A;BRAND_A1;126
2023;18;Erkek;SEGMENT_A;BRAND_A1;140
2023;19;Erkek;SEGMENT_A;BRAND_A1;143
2023;20;Erkek;SEGMENT_A;BRAND_A1;177
2023;21;Erkek;SEGMENT_A;BRAND_A1;162
2023;22;Erkek;SEGMENT_A;BRAND_A1;135
2023;23;Erkek;SEGMENT_A;BRAND_A1;141
2023;24;Erkek;SEGMENT_A;BRAND_A1;182
2023;25;Erkek;SEGMENT_A;BRAND_A1;173
2023;26;Erkek;SEGMENT_A;BRAND_A1;226
2023;27;Erkek;SEGMENT_A;BRAND_A1;233
2023;28;Erkek;SEGMENT_A;BRAND_A1;170
2023;29;Erkek;SEGMENT_A;BRAND_A1;201
2023;30;Erkek;SEGMENT_A;BRAND_A1;173
2023;31;Erkek;SEGMENT_A;BRAND_A1;221
2023;32;Erkek;SEGMENT_A;BRAND_A1;256
2023;33;Erkek;SEGMENT_A;BRAND_A1;215
2023;34;Erkek;SEGMENT_A;BRAND_A1;204
2023;35;Erkek;SEGMENT_A;BRAND_A1;227
2023;36;Erkek;SEGMENT_A;BRAND_A1;244
2023;37;Erkek;SEGMENT_A;BRAND_A1;246
2023;38;Erkek;SEGMENT_A;BRAND_A1;211
2023;39;Erkek;SEGMENT_A;BRAND_A1;205
2023;40;Erkek;SEGMENT_A;BRAND_A1;227
2023;41;Erkek;SEGMENT_A;BRAND_A1;211
2023;42;Erkek;SEGMENT_A;BRAND_A1;252
2023;43;Erkek;SEGMENT_A;BRAND_A1;206
2023;44;Erkek;SEGMENT_A;BRAND_A1;214
2023;45;Erkek;SEGMENT_A;BRAND_A1;218
2023;46;Erkek;SEGMENT_A;BRAND_A1;173
2023;47;Erkek;SEGMENT_A;BRAND_A1;253
2023;48;Erkek;SEGMENT_A;BRAND_A1;333
2023;49;Erkek;SEGMENT_A;BRAND_A1;212
2023;50;Erkek;SEGMENT_A;BRAND_A1;178
2023;51;Erkek;SEGMENT_A;BRAND_A1;197
2023;52;Erkek;SEGMENT_A;BRAND_A1;203
2024;1;Erkek;SEGMENT_A;BRAND_A1;166
2024;2;Erkek;SEGMENT_A;BRAND_A1;183
2024;3;Erkek;SEGMENT_A;BRAND_A1;174
2024;4;Erkek;SEGMENT_A;BRAND_A1;136
2024;5;Erkek;SEGMENT_A;BRAND_A1;149
2024;6;Erkek;SEGMENT_A;BRAND_A1;180
2024;7;Erkek;SEGMENT_A;BRAND_A1;183
2024;8;Erkek;SEGMENT_A;BRAND_A1;159
2024;9;Erkek;SEGMENT_A;BRAND_A1;131
2024;10;Erkek;SEGMENT_A;BRAND_A1;108
2024;11;Erkek;SEGMENT_A;BRAND_A1;127
2024;12;Erkek;SEGMENT_A;BRAND_A1;119
2024;13;Erkek;SEGMENT_A;BRAND_A1;171
2024;14;Erkek;SEGMENT_A;BRAND_A1;114
2024;15;Erkek;SEGMENT_A;BRAND_A1;125
2024;16;Erkek;SEGMENT_A;BRAND_A1;149
2024;17;Erkek;SEGMENT_A;BRAND_A1;148
2024;18;Erkek;SEGMENT_A;BRAND_A1;183
2024;19;Erkek;SEGMENT_A;BRAND_A1;168
2024;20;Erkek;SEGMENT_A;BRAND_A1;158
2024;21;Erkek;SEGMENT_A;BRAND_A1;193
2024;22;Erkek;SEGMENT_A;BRAND_A1;164
2024;23;Erkek;SEGMENT_A;BRAND_A1;216
2024;24;Erkek;SEGMENT_A;BRAND_A1;165
2024;25;Erkek;SEGMENT_A;BRAND_A1;137
2024;26;Erkek;SEGMENT_A;BRAND_A1;194
2024;27;Erkek;SEGMENT_A;BRAND_A1;158
2024;28;Erkek;SEGMENT_A;BRAND_A1;232
2024;29;Erkek;SEGMENT_A;BRAND_A1;216
2024;30;Erkek;SEGMENT_A;BRAND_A1;265
2024;31;Erkek;SEGMENT_A;BRAND_A1;216
2024;32;Erkek;SEGMENT_A;BRAND_A1;192
2024;33;Erkek;SEGMENT_A;BRAND_A1;244
2024;34;Erkek;SEGMENT_A;BRAND_A1;220
2024;35;Erkek;SEGMENT_A;BRAND_A1;260
2024;36;Erkek;SEGMENT_A;BRAND_A1;217
2024;37;Erkek;SEGMENT_A;BRAND_A1;286
2024;38;Erkek;SEGMENT_A;BRAND_A1;244
2024;39;Erkek;SEGMENT_A;BRAND_A1;238
2024;40;Erkek;SEGMENT_A;BRAND_A1;283
2024;41;Erkek;SEGMENT_A;BRAND_A1;269
2024;42;Erkek;SEGMENT_A;BRAND_A1;218
2024;43;Erkek;SEGMENT_A;BRAND_A1;262
2024;44;Erkek;SEGMENT_A;BRAND_A1;252
2024;45;Erkek;SEGMENT_A;BRAND_A1;226
2024;46;Erkek;SEGMENT_A;BRAND_A1;247
2024;47;Erkek;SEGMENT_A;BRAND_A1;350
2024;48;Erkek;SEGMENT_A;BRAND_A1;287
2024;49;Erkek;SEGMENT_A;BRAND_A1;207
2024;50;Erkek;SEGMENT_A;BRAND_A1;200
2024;51;Erkek;SEGMENT_A;BRAND_A1;181
2024;52;Erkek;SEGMENT_A;BRAND_A1;190
2025;1;Erkek;SEGMENT_A;BRAND_A1;182
2025;2;Erkek;SEGMENT_A;BRAND_A1;176
2025;3;Erkek;SEGMENT_A;BRAND_A1;170
2025;4;Erkek;SEGMENT_A;BRAND_A1;149
2025;5;Erkek;SEGMENT_A;BRAND_A1;189
2025;6;Erkek;SEGMENT_A;BRAND_A1;152
2025;7;Erkek;SEGMENT_A;BRAND_A1;190
2025;8;Erkek;SEGMENT_A;BRAND_A1;139
2025;9;Erkek;SEGMENT_A;BRAND_A1;189
2025;10;Erkek;SEGMENT_A;BRAND_A1;146
2025;11;Erkek;SEGMENT_A;BRAND_A1;169
2025;12;Erkek;SEGMENT_A;BRAND_A1;154
2025;13;Erkek;SEGMENT_A;BRAND_A1;131
2025;14;Erkek;SEGMENT_A;BRAND_A1;133
2025;15;Erkek;SEGMENT_A;BRAND_A1;144
2025;16;Erkek;SEGMENT_A;BRAND_A1;150
2025;17;Erkek;SEGMENT_A;BRAND_A1;161
2025;18;Erkek;SEGMENT_A;BRAND_A1;172
2025;19;Erkek;SEGMENT_A;BRAND_A1;167
2025;20;Erkek;SEGMENT_A;BRAND_A1;181
2025;21;Erkek;SEGMENT_A;BRAND_A1;191
2025;22;Erkek;SEGMENT_A;BRAND_A1;182
2025;23;Erkek;SEGMENT_A;BRAND_A1;209
2025;24;Erkek;SEGMENT_A;BRAND_A1;222
2025;25;Erkek;SEGMENT_A;BRAND_A1;218
2025;26;Erkek;SEGMENT_A;BRAND_A1;227
2025;27;Erkek;SEGMENT_A;BRAND_A1;224
2025;28;Erkek;SEGMENT_A;BRAND_A1;259
2025;29;Erkek;SEGMENT_A;BRAND_A1;231
2025;30;Erkek;SEGMENT_A;BRAND_A1;220
2025;31;Erkek;SEGMENT_A;BRAND_A1;243
2025;32;Erkek;SEGMENT_A;BRAND_A1;213
2025;33;Erkek;SEGMENT_A;BRAND_A1;214
2025;34;Erkek;SEGMENT_A;BRAND_A1;284
2025;35;Erkek;SEGMENT_A;BRAND_A1;308
2025;36;Erkek;SEGMENT_A;BRAND_A1;250
2025;37;Erkek;SEGMENT_A;BRAND_A1;292
2025;38;Erkek;SEGMENT_A;BRAND_A1;214
2025;39;Erkek;SEGMENT_A;BRAND_A1;210
2025;40;Erkek;SEGMENT_A;BRAND_A1;302
2025;41;Erkek;SEGMENT_A;BRAND_A1;276
2025;42;Erkek;SEGMENT_A;BRAND_A1;258
2025;43;Erkek;SEGMENT_A;BRAND_A1;312
2025;44;Erkek;SEGMENT_A;BRAND_A1;247
2025;45;Erkek;SEGMENT_A;BRAND_A1;219
2025;46;Erkek;SEGMENT_A;BRAND_A1;204
2025;47;Erkek;SEGMENT_A;BRAND_A1;322
2025;48;Erkek;SEGMENT_A;BRAND_A1;321
2025;49;Erkek;SEGMENT_A;BRAND_A1;221
2025;50;Erkek;SEGMENT_A;BRAND_A1;246
2025;51;Erkek;SEGMENT_A;BRAND_A1;252
2025;52;Erkek;SEGMENT_A;BRAND_A1;200
2026;1;Erkek;SEGMENT_A;BRAND_A1;164
2026;2;Erkek;SEGMENT_A;BRAND_A1;203
2026;3;Erkek;SEGMENT_A;BRAND_A1;219
2026;4;Erkek;SEGMENT_A;BRAND_A1;178
2026;5;Erkek;SEGMENT_A;BRAND_A1;192
2026;6;Erkek;SEGMENT_A;BRAND_A1;155
2026;7;Erkek;SEGMENT_A;BRAND_A1;178
2026;8;Erkek;SEGMENT_A;BRAND_A1;181
2026;9;Erkek;SEGMENT_A;BRAND_A1;172
2026;10;Erkek;SEGMENT_A;BRAND_A1;209
2026;11;Erkek;SEGMENT_A;BRAND_A1;195
2026;12;Erkek;SEGMENT_A;BRAND_A1;178
2026;13;Erkek;SEGMENT_A;BRAND_A1;187
2026;14;Erkek;SEGMENT_A;BRAND_A1;187
2026;15;Erkek;SEGMENT_A;BRAND_A1;173
2026;16;Erkek;SEGMENT_A;BRAND_A1;170
2026;17;Erkek;SEGMENT_A;BRAND_A1;166
2026;18;Erkek;SEGMENT_A;BRAND_A1;157
2026;19;Erkek;SEGMENT_A;BRAND_A1;221
2026;20;Erkek;SEGMENT_A;BRAND_A1;242
2026;21;Erkek;SEGMENT_A;BRAND_A1;196
2026;22;Erkek;SEGMENT_A;BRAND_A1;203
2026;23;Erkek;SEGMENT_A;BRAND_A1;224
2026;24;Erkek;SEGMENT_A;BRAND_A1;212
2026;25;Erkek;SEGMENT_A;BRAND_A1;198
2026;26;Erkek;SEGMENT_A;BRAND_A1;197
2026;27;Erkek;SEGMENT_A;BRAND_A1;300
2026;28;Erkek;SEGMENT_A;BRAND_A1;201
2026;29;Erkek;SEGMENT_A;BRAND_A1;260
2026;30;Erkek;SEGMENT_A;BRAND_A1;214
2026;31;Erkek;SEGMENT_A;BRAND_A1;259
2026;32;Erkek;SEGMENT_A;BRAND_A1;256
2026;33;Erkek;SEGMENT_A;BRAND_A1;231
2026;34;Erkek;SEGMENT_A;BRAND_A1;297
2023;1;Erkek;SEGMENT_A;BRAND_A2;185
2023;2;Erkek;SEGMENT_A;BRAND_A2;175
2023;3;Erkek;SEGMENT_A;BRAND_A2;165
2023;4;Erkek;SEGMENT_A;BRAND_A2;147
2023;5;Erkek;SEGMENT_A;BRAND_A2;203
2023;6;Erkek;SEGMENT_A;BRAND_A2;142
2023;7;Erkek;SEGMENT_A;BRAND_A2;130
2023;8;Erkek;SEGMENT_A;BRAND_A2;182
2023;9;Erkek;SEGMENT_A;BRAND_A2;191
2023;10;Erkek;SEGMENT_A;BRAND_A2;150
2023;11;Erkek;SEGMENT_A;BRAND_A2;109
2023;12;Erkek;SEGMENT_A;BRAND_A2;149
2023;13;Erkek;SEGMENT_A;BRAND_A2;169
2023;14;Erkek;SEGMENT_A;BRAND_A2;176
2023;15;Erkek;SEGMENT_A;BRAND_A2;138
2023;16;Erkek;SEGMENT_A;BRAND_A2;153
2023;17;Erkek;SEGMENT_A;BRAND_A2;167
2023;18;Erkek;SEGMENT_A;BRAND_A2;183
2023;19;Erkek;SEGMENT_A;BRAND_A2;186
2023;20;Erkek;SEGMENT_A;BRAND_A2;187
2023;21;Erkek;SEGMENT_A;BRAND_A2;209
2023;22;Erkek;SEGMENT_A;BRAND_A2;186
2023;23;Erkek;SEGMENT_A;BRAND_A2;233
2023;24;Erkek;SEGMENT_A;BRAND_A2;188
2023;25;Erkek;SEGMENT_A;BRAND_A2;226
2023;26;Erkek;SEGMENT_A;BRAND_A2;203
2023;27;Erkek;SEGMENT_A;BRAND_A2;217
2023;28;Erkek;SEGMENT_A;BRAND_A2;228
2023;29;Erkek;SEGMENT_A;BRAND_A2;220
2023;30;Erkek;SEGMENT_A;BRAND_A2;276
2023;31;Erkek;SEGMENT_A;BRAND_A2;234
2023;32;Erkek;SEGMENT_A;BRAND_A2;249
2023;33;Erkek;SEGMENT_A;BRAND_A2;272
2023;34;Erkek;SEGMENT_A;BRAND_A2;347
2023;35;Erkek;SEGMENT_A;BRAND_A2;280
2023;36;Erkek;SEGMENT_A;BRAND_A2;265
2023;37;Erkek;SEGMENT_A;BRAND_A2;212
2023;38;Erkek;SEGMENT_A;BRAND_A2;261
2023;39;Erkek;SEGMENT_A;BRAND_A2;246
2023;40;Erkek;SEGMENT_A;BRAND_A2;255
2023;41;Erkek;SEGMENT_A;BRAND_A2;250
2023;42;Erkek;SEGMENT_A;BRAND_A2;279
2023;43;Erkek;SEGMENT_A;BRAND_A2;253
2023;44;Erkek;SEGMENT_A;BRAND_A2;230
2023;45;Erkek;SEGMENT_A;BRAND_A2;280
2023;46;Erkek;SEGMENT_A;BRAND_A2;213
2023;47;Erkek;SEGMENT_A;BRAND_A2;326
2023;48;Erkek;SEGMENT_A;BRAND_A2;312
2023;49;Erkek;SEGMENT_A;BRAND_A2;239
2023;50;Erkek;SEGMENT_A;BRAND_A2;257
2023;51;Erkek;SEGMENT_A;BRAND_A2;301
2023;52;Erkek;SEGMENT_A;BRAND_A2;213
2024;1;Erkek;SEGMENT_A;BRAND_A2;189
2024;2;Erkek;SEGMENT_A;BRAND_A2;182
2024;3;Erkek;SEGMENT_A;BRAND_A2;177
2024;4;Erkek;SEGMENT_A;BRAND_A2;195
2024;5;Erkek;SEGMENT_A;BRAND_A2;143
2024;6;Erkek;SEGMENT_A;BRAND_A2;154
2024;7;Erkek;SEGMENT_A;BRAND_A2;182
2024;8;Erkek;SEGMENT_A;BRAND_A2;193
2024;9;Erkek;SEGMENT_A;BRAND_A2;190
2024;10;Erkek;SEGMENT_A;BRAND_A2;170
2024;11;Erkek;SEGMENT_A;BRAND_A2;184
2024;12;Erkek;SEGMENT_A;BRAND_A2;192
2024;13;Erkek;SEGMENT_A;BRAND_A2;160
2024;14;Erkek;SEGMENT_A;BRAND_A2;191
2024;15;Erkek;SEGMENT_A;BRAND_A2;142
2024;16;Erkek;SEGMENT_A;BRAND_A2;149
2024;17;Erkek;SEGMENT_A;BRAND_A2;171
2024;18;Erkek;SEGMENT_A;BRAND_A2;149
2024;19;Erkek;SEGMENT_A;BRAND_A2;201
2024;20;Erkek;SEGMENT_A;BRAND_A2;181
2024;21;Erkek;SEGMENT_A;BRAND_A2;196
2024;22;Erkek;SEGMENT_A;BRAND_A2;145
2024;23;Erkek;SEGMENT_A;BRAND_A2;210
2024;24;Erkek;SEGMENT_A;BRAND_A2;211
2024;25;Erkek;SEGMENT_A;BRAND_A2;207
2024;26;Erkek;SEGMENT_A;BRAND_A2;250
2024;27;Erkek;SEGMENT_A;BRAND_A2;226
2024;28;Erkek;SEGMENT_A;BRAND_A2;245
2024;29;Erkek;SEGMENT_A;BRAND_A2;267
2024;30;Erkek;SEGMENT_A;BRAND_A2;301
2024;31;Erkek;SEGMENT_A;BRAND_A2;304
2024;32;Erkek;SEGMENT_A;BRAND_A2;258
2024;33;Erkek;SEGMENT_A;BRAND_A2;252
2024;34;Erkek;SEGMENT_A;BRAND_A2;333
2024;35;Erkek;SEGMENT_A;BRAND_A2;267
2024;36;Erkek;SEGMENT_A;BRAND_A2;305
2024;37;Erkek;SEGMENT_A;BRAND_A2;236
2024;38;Erkek;SEGMENT_A;BRAND_A2;227
2024;39;Erkek;SEGMENT_A;BRAND_A2;293
2024;40;Erkek;SEGMENT_A;BRAND_A2;281
2024;41;Erkek;SEGMENT_A;BRAND_A2;315
2024;42;Erkek;SEGMENT_A;BRAND_A2;261
2024;43;Erkek;SEGMENT_A;BRAND_A2;292
2024;44;Erkek;SEGMENT_A;BRAND_A2;302
2024;45;Erkek;SEGMENT_A;BRAND_A2;251
2024;46;Erkek;SEGMENT_A;BRAND_A2;258
2024;47;Erkek;SEGMENT_A;BRAND_A2;311
2024;48;Erkek;SEGMENT_A;BRAND_A2;381
2024;49;Erkek;SEGMENT_A;BRAND_A2;267
2024;50;Erkek;SEGMENT_A;BRAND_A2;263
2024;51;Erkek;SEGMENT_A;BRAND_A2;230
2024;52;Erkek;SEGMENT_A;BRAND_A2;245
2025;1;Erkek;SEGMENT_A;BRAND_A2;164
2025;2;Erkek;SEGMENT_A;BRAND_A2;213
2025;3;Erkek;SEGMENT_A;BRAND_A2;255
2025;4;Erkek;SEGMENT_A;BRAND_A2;205
2025;5;Erkek;SEGMENT_A;BRAND_A2;225
2025;6;Erkek;SEGMENT_A;BRAND_A2;189
2025;7;Erkek;SEGMENT_A;BRAND_A2;223
2025;8;Erkek;SEGMENT_A;BRAND_A2;170
2025;9;Erkek;SEGMENT_A;BRAND_A2;194
2025;10;Erkek;SEGMENT_A;BRAND_A2;169
2025;11;Erkek;SEGMENT_A;BRAND_A2;187
2025;12;Erkek;SEGMENT_A;BRAND_A2;170
2025;13;Erkek;SEGMENT_A;BRAND_A2;182
2025;14;Erkek;SEGMENT_A;BRAND_A2;175
2025;15;Erkek;SEGMENT_A;BRAND_A2;201
2025;16;Erkek;SEGMENT_A;BRAND_A2;200
2025;17;Erkek;SEGMENT_A;BRAND_A2;179
2025;18;Erkek;SEGMENT_A;BRAND_A2;183
2025;19;Erkek;SEGMENT_A;BRAND_A2;183
2025;20;Erkek;SEGMENT_A;BRAND_A2;185
2025;21;Erkek;SEGMENT_A;BRAND_A2;237
2025;22;Erkek;SEGMENT_A;BRAND_A2;200
2025;23;Erkek;SEGMENT_A;BRAND_A2;241
2025;24;Erkek;SEGMENT_A;BRAND_A2;225
2025;25;Erkek;SEGMENT_A;BRAND_A2;278
2025;26;Erkek;SEGMENT_A;BRAND_A2;319
2025;27;Erkek;SEGMENT_A;BRAND_A2;187
2025;28;Erkek;SEGMENT_A;BRAND_A2;245
2025;29;Erkek;SEGMENT_A;BRAND_A2;261
2025;30;Erkek;SEGMENT_A;BRAND_A2;277
2025;31;Erkek;SEGMENT_A;BRAND_A2;281
2025;32;Erkek;SEGMENT_A;BRAND_A2;254
2025;33;Erkek;SEGMENT_A;BRAND_A2;379
2025;34;Erkek;SEGMENT_A;BRAND_A2;297
2025;35;Erkek;SEGMENT_A;BRAND_A2;327
2025;36;Erkek;SEGMENT_A;BRAND_A2;331
2025;37;Erkek;SEGMENT_A;BRAND_A2;263
2025;38;Erkek;SEGMENT_A;BRAND_A2;301
2025;39;Erkek;SEGMENT_A;BRAND_A2;344
2025;40;Erkek;SEGMENT_A;BRAND_A2;371
2025;41;Erkek;SEGMENT_A;BRAND_A2;300
2025;42;Erkek;SEGMENT_A;BRAND_A2;264
2025;43;Erkek;SEGMENT_A;BRAND_A2;285
2025;44;Erkek;SEGMENT_A;BRAND_A2;288
2025;45;Erkek;SEGMENT_A;BRAND_A2;282
2025;46;Erkek;SEGMENT_A;BRAND_A2;262
2025;47;Erkek;SEGMENT_A;BRAND_A2;325
2025;48;Erkek;SEGMENT_A;BRAND_A2;329
2025;49;Erkek;SEGMENT_A;BRAND_A2;253
2025;50;Erkek;SEGMENT_A;BRAND_A2;288
2025;51;Erkek;SEGMENT_A;BRAND_A2;293
2025;52;Erkek;SEGMENT_A;BRAND_A2;252
2026;1;Erkek;SEGMENT_A;BRAND_A2;212
2026;2;Erkek;SEGMENT_A;BRAND_A2;220
2026;3;Erkek;SEGMENT_A;BRAND_A2;179
2026;4;Erkek;SEGMENT_A;BRAND_A2;263
2026;5;Erkek;SEGMENT_A;BRAND_A2;199
2026;6;Erkek;SEGMENT_A;BRAND_A2;220
2026;7;Erkek;SEGMENT_A;BRAND_A2;233
2026;8;Erkek;SEGMENT_A;BRAND_A2;250
2026;9;Erkek;SEGMENT_A;BRAND_A2;220
2026;10;Erkek;SEGMENT_A;BRAND_A2;188
2026;11;Erkek;SEGMENT_A;BRAND_A2;209
2026;12;Erkek;SEGMENT_A;BRAND_A2;240
2026;13;Erkek;SEGMENT_A;BRAND_A2;181
2026;14;Erkek;SEGMENT_A;BRAND_A2;167
2026;15;Erkek;SEGMENT_A;BRAND_A2;181
2026;16;Erkek;SEGMENT_A;BRAND_A2;216
2026;17;Erkek;SEGMENT_A;BRAND_A2;199
2026;18;Erkek;SEGMENT_A;BRAND_A2;212
2026;19;Erkek;SEGMENT_A;BRAND_A2;237
2026;20;Erkek;SEGMENT_A;BRAND_A2;204
2026;21;Erkek;SEGMENT_A;BRAND_A2;230
2026;22;Erkek;SEGMENT_A;BRAND_A2;227
2026;23;Erkek;SEGMENT_A;BRAND_A2;305
2026;24;Erkek;SEGMENT_A;BRAND_A2;284
2026;25;Erkek;SEGMENT_A;BRAND_A2;254
2026;26;Erkek;SEGMENT_A;BRAND_A2;261
2026;27;Erkek;SEGMENT_A;BRAND_A2;351
2026;28;Erkek;SEGMENT_A;BRAND_A2;357
2026;29;Erkek;SEGMENT_A;BRAND_A2;315
2026;30;Erkek;SEGMENT_A;BRAND_A2;304
2026;31;Erkek;SEGMENT_A;BRAND_A2;270
2026;32;Erkek;SEGMENT_A;BRAND_A2;288
2026;33;Erkek;SEGMENT_A;BRAND_A2;277
2026;34;Erkek;SEGMENT_A;BRAND_A2;375
2023;1;Erkek;SEGMENT_A;BRAND_A3;204
2023;2;Erkek;SEGMENT_A;BRAND_A3;167
2023;3;Erkek;SEGMENT_A;BRAND_A3;169
2023;4;Erkek;SEGMENT_A;BRAND_A3;214
2023;5;Erkek;SEGMENT_A;BRAND_A3;199
2023;6;Erkek;SEGMENT_A;BRAND_A3;187
2023;7;Erkek;SEGMENT_A;BRAND_A3;174
2023;8;Erkek;SEGMENT_A;BRAND_A3;148
2023;9;Erkek;SEGMENT_A;BRAND_A3;166
2023;10;Erkek;SEGMENT_A;BRAND_A3;172
2023;11;Erkek;SEGMENT_A;BRAND_A3;188
2023;12;Erkek;SEGMENT_A;BRAND_A3;198
2023;13;Erkek;SEGMENT_A;BRAND_A3;191
2023;14;Erkek;SEGMENT_A;BRAND_A3;183
2023;15;Erkek;SEGMENT_A;BRAND_A3;179
2023;16;Erkek;SEGMENT_A;BRAND_A3;187
2023;17;Erkek;SEGMENT_A;BRAND_A3;174
2023;18;Erkek;SEGMENT_A;BRAND_A3;193
2023;19;Erkek;SEGMENT_A;BRAND_A3;192
2023;20;Erkek;SEGMENT_A;BRAND_A3;267
2023;21;Erkek;SEGMENT_A;BRAND_A3;215
2023;22;Erkek;SEGMENT_A;BRAND_A3;169
2023;23;Erkek;SEGMENT_A;BRAND_A3;211
2023;24;Erkek;SEGMENT_A;BRAND_A3;223
2023;25;Erkek;SEGMENT_A;BRAND_A3;265
2023;26;Erkek;SEGMENT_A;BRAND_A3;256
2023;27;Erkek;SEGMENT_A;BRAND_A3;263
2023;28;Erkek;SEGMENT_A;BRAND_A3;306
2023;29;Erkek;SEGMENT_A;BRAND_A3;330
2023;30;Erkek;SEGMENT_A;BRAND_A3;299
2023;31;Erkek;SEGMENT_A;BRAND_A3;268
2023;32;Erkek;SEGMENT_A;BRAND_A3;275
2023;33;Erkek;SEGMENT_A;BRAND_A3;201
2023;34;Erkek;SEGMENT_A;BRAND_A3;341
2023;35;Erkek;SEGMENT_A;BRAND_A3;287
2023;36;Erkek;SEGMENT_A;BRAND_A3;300
2023;37;Erkek;SEGMENT_A;BRAND_A3;287
2023;38;Erkek;SEGMENT_A;BRAND_A3;269
2023;39;Erkek;SEGMENT_A;BRAND_A3;397
2023;40;Erkek;SEGMENT_A;BRAND_A3;302
2023;41;Erkek;SEGMENT_A;BRAND_A3;362
2023;42;Erkek;SEGMENT_A;BRAND_A3;288
2023;43;Erkek;SEGMENT_A;BRAND_A3;275
2023;44;Erkek;SEGMENT_A;BRAND_A3;315
2023;45;Erkek;SEGMENT_A;BRAND_A3;326
2023;46;Erkek;SEGMENT_A;BRAND_A3;323
2023;47;Erkek;SEGMENT_A;BRAND_A3;366
2023;48;Erkek;SEGMENT_A;BRAND_A3;398
2023;49;Erkek;SEGMENT_A;BRAND_A3;247
2023;50;Erkek;SEGMENT_A;BRAND_A3;259
2023;51;Erkek;SEGMENT_A;BRAND_A3;241
2023;52;Erkek;SEGMENT_A;BRAND_A3;230
2024;1;Erkek;SEGMENT_A;BRAND_A3;239
2024;2;Erkek;SEGMENT_A;BRAND_A3;201
2024;3;Erkek;SEGMENT_A;BRAND_A3;249
2024;4;Erkek;SEGMENT_A;BRAND_A3;205
2024;5;Erkek;SEGMENT_A;BRAND_A3;234
2024;6;Erkek;SEGMENT_A;BRAND_A3;184
2024;7;Erkek;SEGMENT_A;BRAND_A3;191
2024;8;Erkek;SEGMENT_A;BRAND_A3;173
2024;9;Erkek;SEGMENT_A;BRAND_A3;170
2024;10;Erkek;SEGMENT_A;BRAND_A3;175
2024;11;Erkek;SEGMENT_A;BRAND_A3;172
2024;12;Erkek;SEGMENT_A;BRAND_A3;168
2024;13;Erkek;SEGMENT_A;BRAND_A3;192
2024;14;Erkek;SEGMENT_A;BRAND_A3;208
2024;15;Erkek;SEGMENT_A;BRAND_A3;212
2024;16;Erkek;SEGMENT_A;BRAND_A3;163
2024;17;Erkek;SEGMENT_A;BRAND_A3;198
2024;18;Erkek;SEGMENT_A;BRAND_A3;200
2024;19;Erkek;SEGMENT_A;BRAND_A3;254
2024;20;Erkek;SEGMENT_A;BRAND_A3;215
2024;21;Erkek;SEGMENT_A;BRAND_A3;227
2024;22;Erkek;SEGMENT_A;BRAND_A3;200
2024;23;Erkek;SEGMENT_A;BRAND_A3;222
2024;24;Erkek;SEGMENT_A;BRAND_A3;212
2024;25;Erkek;SEGMENT_A;BRAND_A3;263
2024;26;Erkek;SEGMENT_A;BRAND_A3;318
2024;27;Erkek;SEGMENT_A;BRAND_A3;253
2024;28;Erkek;SEGMENT_A;BRAND_A3;277
2024;29;Erkek;SEGMENT_A;BRAND_A3;264
2024;30;Erkek;SEGMENT_A;BRAND_A3;279
2024;31;Erkek;SEGMENT_A;BRAND_A3;311
2024;32;Erkek;SEGMENT_A;BRAND_A3;394
2024;33;Erkek;SEGMENT_A;BRAND_A3;375
2024;34;Erkek;SEGMENT_A;BRAND_A3;395
2024;35;Erkek;SEGMENT_A;BRAND_A3;365
2024;36;Erkek;SEGMENT_A;BRAND_A3;321
2024;37;Erkek;SEGMENT_A;BRAND_A3;317
2024;38;Erkek;SEGMENT_A;BRAND_A3;304
2024;39;Erkek;SEGMENT_A;BRAND_A3;250
2024;40;Erkek;SEGMENT_A;BRAND_A3;322
2024;41;Erkek;SEGMENT_A;BRAND_A3;392
2024;42;Erkek;SEGMENT_A;BRAND_A3;388
2024;43;Erkek;SEGMENT_A;BRAND_A3;430
2024;44;Erkek;SEGMENT_A;BRAND_A3;326
2024;45;Erkek;SEGMENT_A;BRAND_A3;272
2024;46;Erkek;SEGMENT_A;BRAND_A3;365
2024;47;Erkek;SEGMENT_A;BRAND_A3;434
2024;48;Erkek;SEGMENT_A;BRAND_A3;502
2024;49;Erkek;SEGMENT_A;BRAND_A3;347
2024;50;Erkek;SEGMENT_A;BRAND_A3;264
2024;51;Erkek;SEGMENT_A;BRAND_A3;238
2024;52;Erkek;SEGMENT_A;BRAND_A3;230
2025;1;Erkek;SEGMENT_A;BRAND_A3;236
2025;2;Erkek;SEGMENT_A;BRAND_A3;233
2025;3;Erkek;SEGMENT_A;BRAND_A3;233
2025;4;Erkek;SEGMENT_A;BRAND_A3;255
2025;5;Erkek;SEGMENT_A;BRAND_A3;220
2025;6;Erkek;SEGMENT_A;BRAND_A3;225
2025;7;Erkek;SEGMENT_A;BRAND_A3;183
2025;8;Erkek;SEGMENT_A;BRAND_A3;196
2025;9;Erkek;SEGMENT_A;BRAND_A3;192
2025;10;Erkek;SEGMENT_A;BRAND_A3;172
2025;11;Erkek;SEGMENT_A;BRAND_A3;199
2025;12;Erkek;SEGMENT_A;BRAND_A3;174
2025;13;Erkek;SEGMENT_A;BRAND_A3;198
2025;14;Erkek;SEGMENT_A;BRAND_A3;214
2025;15;Erkek;SEGMENT_A;BRAND_A3;254
2025;16;Erkek;SEGMENT_A;BRAND_A3;197
2025;17;Erkek;SEGMENT_A;BRAND_A3;225
2025;18;Erkek;SEGMENT_A;BRAND_A3;211
2025;19;Erkek;SEGMENT_A;BRAND_A3;195
2025;20;Erkek;SEGMENT_A;BRAND_A3;287
2025;21;Erkek;SEGMENT_A;BRAND_A3;254
2025;22;Erkek;SEGMENT_A;BRAND_A3;272
2025;23;Erkek;SEGMENT_A;BRAND_A3;324
2025;24;Erkek;SEGMENT_A;BRAND_A3;260
2025;25;Erkek;SEGMENT_A;BRAND_A3;244
2025;26;Erkek;SEGMENT_A;BRAND_A3;264
2025;27;Erkek;SEGMENT_A;BRAND_A3;257
2025;28;Erkek;SEGMENT_A;BRAND_A3;354
2025;29;Erkek;SEGMENT_A;BRAND_A3;404
2025;30;Erkek;SEGMENT_A;BRAND_A3;330
2025;31;Erkek;SEGMENT_A;BRAND_A3;362
2025;32;Erkek;SEGMENT_A;BRAND_A3;382
2025;33;Erkek;SEGMENT_A;BRAND_A3;426
2025;34;Erkek;SEGMENT_A;BRAND_A3;443
2025;35;Erkek;SEGMENT_A;BRAND_A3;285
2025;36;Erkek;SEGMENT_A;BRAND_A3;333
2025;37;Erkek;SEGMENT_A;BRAND_A3;360
2025;38;Erkek;SEGMENT_A;BRAND_A3;331
2025;39;Erkek;SEGMENT_A;BRAND_A3;349
2025;40;Erkek;SEGMENT_A;BRAND_A3;378
2025;41;Erkek;SEGMENT_A;BRAND_A3;275
2025;42;Erkek;SEGMENT_A;BRAND_A3;372
2025;43;Erkek;SEGMENT_A;BRAND_A3;393
2025;44;Erkek;SEGMENT_A;BRAND_A3;347
2025;45;Erkek;SEGMENT_A;BRAND_A3;258
2025;46;Erkek;SEGMENT_A;BRAND_A3;320
2025;47;Erkek;SEGMENT_A;BRAND_A3;458
2025;48;Erkek;SEGMENT_A;BRAND_A3;487
2025;49;Erkek;SEGMENT_A;BRAND_A3;345
2025;50;Erkek;SEGMENT_A;BRAND_A3;299
2025;51;Erkek;SEGMENT_A;BRAND_A3;272
2025;52;Erkek;SEGMENT_A;BRAND_A3;284
2026;1;Erkek;SEGMENT_A;BRAND_A3;226
2026;2;Erkek;SEGMENT_A;BRAND_A3;252
2026;3;Erkek;SEGMENT_A;BRAND_A3;303
2026;4;Erkek;SEGMENT_A;BRAND_A3;252
2026;5;Erkek;SEGMENT_A;BRAND_A3;259
2026;6;Erkek;SEGMENT_A;BRAND_A3;205
2026;7;Erkek;SEGMENT_A;BRAND_A3;267
2026;8;Erkek;SEGMENT_A;BRAND_A3;228
2026;9;Erkek;SEGMENT_A;BRAND_A3;238
2026;10;Erkek;SEGMENT_A;BRAND_A3;242
2026;11;Erkek;SEGMENT_A;BRAND_A3;253
2026;12;Erkek;SEGMENT_A;BRAND_A3;229
2026;13;Erkek;SEGMENT_A;BRAND_A3;222
2026;14;Erkek;SEGMENT_A;BRAND_A3;198
2026;15;Erkek;SEGMENT_A;BRAND_A3;194
2026;16;Erkek;SEGMENT_A;BRAND_A3;239
2026;17;Erkek;SEGMENT_A;BRAND_A3;250
2026;18;Erkek;SEGMENT_A;BRAND_A3;261
2026;19;Erkek;SEGMENT_A;BRAND_A3;229
2026;20;Erkek;SEGMENT_A;BRAND_A3;243
2026;21;Erkek;SEGMENT_A;BRAND_A3;273
2026;22;Erkek;SEGMENT_A;BRAND_A3;263
2026;23;Erkek;SEGMENT_A;BRAND_A3;386
2026;24;Erkek;SEGMENT_A;BRAND_A3;276
2026;25;Erkek;SEGMENT_A;BRAND_A3;321
2026;26;Erkek;SEGMENT_A;BRAND_A3;348
2026;27;Erkek;SEGMENT_A;BRAND_A3;361
2026;28;Erkek;SEGMENT_A;BRAND_A3;316
2026;29;Erkek;SEGMENT_A;BRAND_A3;366
2026;30;Erkek;SEGMENT_A;BRAND_A3;370
2026;31;Erkek;SEGMENT_A;BRAND_A3;386
2026;32;Erkek;SEGMENT_A;BRAND_A3;372
2026;33;Erkek;SEGMENT_A;BRAND_A3;412
2026;34;Erkek;SEGMENT_A;BRAND_A3;389
2023;1;Erkek;SEGMENT_A;BRAND_A4;165
2023;2;Erkek;SEGMENT_A;BRAND_A4;154
2023;3;Erkek;SEGMENT_A;BRAND_A4;157
2023;4;Erkek;SEGMENT_A;BRAND_A4;165
2023;5;Erkek;SEGMENT_A;BRAND_A4;126
2023;6;Erkek;SEGMENT_A;BRAND_A4;143
2023;7;Erkek;SEGMENT_A;BRAND_A4;136
2023;8;Erkek;SEGMENT_A;BRAND_A4;168
2023;9;Erkek;SEGMENT_A;BRAND_A4;145
2023;10;Erkek;SEGMENT_A;BRAND_A4;147
2023;11;Erkek;SEGMENT_A;BRAND_A4;132
2023;12;Erkek;SEGMENT_A;BRAND_A4;128
2023;13;Erkek;SEGMENT_A;BRAND_A4;139
2023;14;Erkek;SEGMENT_A;BRAND_A4;127
2023;15;Erkek;SEGMENT_A;BRAND_A4;125
2023;16;Erkek;SEGMENT_A;BRAND_A4;133
2023;17;Erkek;SEGMENT_A;BRAND_A4;164
2023;18;Erkek;SEGMENT_A;BRAND_A4;136
2023;19;Erkek;SEGMENT_A;BRAND_A4;143
2023;20;Erkek;SEGMENT_A;BRAND_A4;139
2023;21;Erkek;SEGMENT_A;BRAND_A4;180
2023;22;Erkek;SEGMENT_A;BRAND_A4;179
2023;23;Erkek;SEGMENT_A;BRAND_A4;163
2023;24;Erkek;SEGMENT_A;BRAND_A4;209
2023;25;Erkek;SEGMENT_A;BRAND_A4;170
2023;26;Erkek;SEGMENT_A;BRAND_A4;184
2023;27;Erkek;SEGMENT_A;BRAND_A4;201
2023;28;Erkek;SEGMENT_A;BRAND_A4;181
2023;29;Erkek;SEGMENT_A;BRAND_A4;173
2023;30;Erkek;SEGMENT_A;BRAND_A4;211
2023;31;Erkek;SEGMENT_A;BRAND_A4;236
2023;32;Erkek;SEGMENT_A;BRAND_A4;239
2023;33;Erkek;SEGMENT_A;BRAND_A4;206
2023;34;Erkek;SEGMENT_A;BRAND_A4;198
2023;35;Erkek;SEGMENT_A;BRAND_A4;208
2023;36;Erkek;SEGMENT_A;BRAND_A4;226
2023;37;Erkek;SEGMENT_A;BRAND_A4;206
2023;38;Erkek;SEGMENT_A;BRAND_A4;248
2023;39;Erkek;SEGMENT_A;BRAND_A4;290
2023;40;Erkek;SEGMENT_A;BRAND_A4;295
2023;41;Erkek;SEGMENT_A;BRAND_A4;269
2023;42;Erkek;SEGMENT_A;BRAND_A4;245
2023;43;Erkek;SEGMENT_A;BRAND_A4;202
2023;44;Erkek;SEGMENT_A;BRAND_A4;194
2023;45;Erkek;SEGMENT_A;BRAND_A4;250
2023;46;Erkek;SEGMENT_A;BRAND_A4;196
2023;47;Erkek;SEGMENT_A;BRAND_A4;259
2023;48;Erkek;SEGMENT_A;BRAND_A4;287
2023;49;Erkek;SEGMENT_A;BRAND_A4;251
2023;50;Erkek;SEGMENT_A;BRAND_A4;236
2023;51;Erkek;SEGMENT_A;BRAND_A4;196
2023;52;Erkek;SEGMENT_A;BRAND_A4;216
2024;1;Erkek;SEGMENT_A;BRAND_A4;196
2024;2;Erkek;SEGMENT_A;BRAND_A4;167
2024;3;Erkek;SEGMENT_A;BRAND_A4;161
2024;4;Erkek;SEGMENT_A;BRAND_A4;210
2024;5;Erkek;SEGMENT_A;BRAND_A4;175
2024;6;Erkek;SEGMENT_A;BRAND_A4;134
2024;7;Erkek;SEGMENT_A;BRAND_A4;138
2024;8;Erkek;SEGMENT_A;BRAND_A4;199
2024;9;Erkek;SEGMENT_A;BRAND_A4;138
2024;10;Erkek;SEGMENT_A;BRAND_A4;134
2024;11;Erkek;SEGMENT_A;BRAND_A4;173
2024;12;Erkek;SEGMENT_A;BRAND_A4;123
2024;13;Erkek;SEGMENT_A;BRAND_A4;142
2024;14;Erkek;SEGMENT_A;BRAND_A4;140
2024;15;Erkek;SEGMENT_A;BRAND_A4;189
2024;16;Erkek;SEGMENT_A;BRAND_A4;152
2024;17;Erkek;SEGMENT_A;BRAND_A4;143
2024;18;Erkek;SEGMENT_A;BRAND_A4;159
2024;19;Erkek;SEGMENT_A;BRAND_A4;168
2024;20;Erkek;SEGMENT_A;BRAND_A4;160
2024;21;Erkek;SEGMENT_A;BRAND_A4;166
2024;22;Erkek;SEGMENT_A;BRAND_A4;181
2024;23;Erkek;SEGMENT_A;BRAND_A4;180
2024;24;Erkek;SEGMENT_A;BRAND_A4;158
2024;25;Erkek;SEGMENT_A;BRAND_A4;206
2024;26;Erkek;SEGMENT_A;BRAND_A4;202
2024;27;Erkek;SEGMENT_A;BRAND_A4;262
2024;28;Erkek;SEGMENT_A;BRAND_A4;227
2024;29;Erkek;SEGMENT_A;BRAND_A4;228
2024;30;Erkek;SEGMENT_A;BRAND_A4;229
2024;31;Erkek;SEGMENT_A;BRAND_A4;231
2024;32;Erkek;SEGMENT_A;BRAND_A4;213
2024;33;Erkek;SEGMENT_A;BRAND_A4;274
2024;34;Erkek;SEGMENT_A;BRAND_A4;297
2024;35;Erkek;SEGMENT_A;BRAND_A4;241
2024;36;Erkek;SEGMENT_A;BRAND_A4;295
2024;37;Erkek;SEGMENT_A;BRAND_A4;349
2024;38;Erkek;SEGMENT_A;BRAND_A4;329
2024;39;Erkek;SEGMENT_A;BRAND_A4;305
2024;40;Erkek;SEGMENT_A;BRAND_A4;229
2024;41;Erkek;SEGMENT_A;BRAND_A4;227
2024;42;Erkek;SEGMENT_A;BRAND_A4;276
2024;43;Erkek;SEGMENT_A;BRAND_A4;254
2024;44;Erkek;SEGMENT_A;BRAND_A4;199
2024;45;Erkek;SEGMENT_A;BRAND_A4;235
2024;46;Erkek;SEGMENT_A;BRAND_A4;259
2024;47;Erkek;SEGMENT_A;BRAND_A4;313
2024;48;Erkek;SEGMENT_A;BRAND_A4;312
2024;49;Erkek;SEGMENT_A;BRAND_A4;198
2024;50;Erkek;SEGMENT_A;BRAND_A4;209
2024;51;Erkek;SEGMENT_A;BRAND_A4;230
2024;52;Erkek;SEGMENT_A;BRAND_A4;196
2025;1;Erkek;SEGMENT_A;BRAND_A4;232
2025;2;Erkek;SEGMENT_A;BRAND_A4;196
2025;3;Erkek;SEGMENT_A;BRAND_A4;199
2025;4;Erkek;SEGMENT_A;BRAND_A4;198
2025;5;Erkek;SEGMENT_A;BRAND_A4;192
2025;6;Erkek;SEGMENT_A;BRAND_A4;157
2025;7;Erkek;SEGMENT_A;BRAND_A4;156
2025;8;Erkek;SEGMENT_A;BRAND_A4;133
2025;9;Erkek;SEGMENT_A;BRAND_A4;160
2025;10;Erkek;SEGMENT_A;BRAND_A4;148
2025;11;Erkek;SEGMENT_A;BRAND_A4;154
2025;12;Erkek;SEGMENT_A;BRAND_A4;159
2025;13;Erkek;SEGMENT_A;BRAND_A4;167
2025;14;Erkek;SEGMENT_A;BRAND_A4;162
2025;15;Erkek;SEGMENT_A;BRAND_A4;164
2025;16;Erkek;SEGMENT_A;BRAND_A4;177
2025;17;Erkek;SEGMENT_A;BRAND_A4;173
2025;18;Erkek;SEGMENT_A;BRAND_A4;198
2025;19;Erkek;SEGMENT_A;BRAND_A4;183
2025;20;Erkek;SEGMENT_A;BRAND_A4;226
2025;21;Erkek;SEGMENT_A;BRAND_A4;174
2025;22;Erkek;SEGMENT_A;BRAND_A4;194
2025;23;Erkek;SEGMENT_A;BRAND_A4;193
2025;24;Erkek;SEGMENT_A;BRAND_A4;220
2025;25;Erkek;SEGMENT_A;BRAND_A4;198
2025;26;Erkek;SEGMENT_A;BRAND_A4;254
2025;27;Erkek;SEGMENT_A;BRAND_A4;200
2025;28;Erkek;SEGMENT_A;BRAND_A4;220
2025;29;Erkek;SEGMENT_A;BRAND_A4;213
2025;30;Erkek;SEGMENT_A;BRAND_A4;249
2025;31;Erkek;SEGMENT_A;BRAND_A4;266
2025;32;Erkek;SEGMENT_A;BRAND_A4;223
2025;33;Erkek;SEGMENT_A;BRAND_A4;259
2025;34;Erkek;SEGMENT_A;BRAND_A4;310
2025;35;Erkek;SEGMENT_A;BRAND_A4;325
2025;36;Erkek;SEGMENT_A;BRAND_A4;305
2025;37;Erkek;SEGMENT_A;BRAND_A4;216
2025;38;Erkek;SEGMENT_A;BRAND_A4;285
2025;39;Erkek;SEGMENT_A;BRAND_A4;324
2025;40;Erkek;SEGMENT_A;BRAND_A4;267
2025;41;Erkek;SEGMENT_A;BRAND_A4;244
2025;42;Erkek;SEGMENT_A;BRAND_A4;315
2025;43;Erkek;SEGMENT_A;BRAND_A4;318
2025;44;Erkek;SEGMENT_A;BRAND_A4;270
2025;45;Erkek;SEGMENT_A;BRAND_A4;232
2025;46;Erkek;SEGMENT_A;BRAND_A4;216
2025;47;Erkek;SEGMENT_A;BRAND_A4;358
2025;48;Erkek;SEGMENT_A;BRAND_A4;314
2025;49;Erkek;SEGMENT_A;BRAND_A4;241
2025;50;Erkek;SEGMENT_A;BRAND_A4;232
2025;51;Erkek;SEGMENT_A;BRAND_A4;208
2025;52;Erkek;SEGMENT_A;BRAND_A4;184
2026;1;Erkek;SEGMENT_A;BRAND_A4;206
2026;2;Erkek;SEGMENT_A;BRAND_A4;214
2026;3;Erkek;SEGMENT_A;BRAND_A4;209
2026;4;Erkek;SEGMENT_A;BRAND_A4;184
2026;5;Erkek;SEGMENT_A;BRAND_A4;224
2026;6;Erkek;SEGMENT_A;BRAND_A4;167
2026;7;Erkek;SEGMENT_A;BRAND_A4;139
2026;8;Erkek;SEGMENT_A;BRAND_A4;203
2026;9;Erkek;SEGMENT_A;BRAND_A4;181
2026;10;Erkek;SEGMENT_A;BRAND_A4;168
2026;11;Erkek;SEGMENT_A;BRAND_A4;186
2026;12;Erkek;SEGMENT_A;BRAND_A4;171
2026;13;Erkek;SEGMENT_A;BRAND_A4;150
2026;14;Erkek;SEGMENT_A;BRAND_A4;153
2026;15;Erkek;SEGMENT_A;BRAND_A4;158
2026;16;Erkek;SEGMENT_A;BRAND_A4;177
2026;17;Erkek;SEGMENT_A;BRAND_A4;176
2026;18;Erkek;SEGMENT_A;BRAND_A4;215
2026;19;Erkek;SEGMENT_A;BRAND_A4;184
2026;20;Erkek;SEGMENT_A;BRAND_A4;189
2026;21;Erkek;SEGMENT_A;BRAND_A4;192
2026;22;Erkek;SEGMENT_A;BRAND_A4;196
2026;23;Erkek;SEGMENT_A;BRAND_A4;204
2026;24;Erkek;SEGMENT_A;BRAND_A4;200
2026;25;Erkek;SEGMENT_A;BRAND_A4;243
2026;26;Erkek;SEGMENT_A;BRAND_A4;242
2026;27;Erkek;SEGMENT_A;BRAND_A4;248
2026;28;Erkek;SEGMENT_A;BRAND_A4;218
2026;29;Erkek;SEGMENT_A;BRAND_A4;280
2026;30;Erkek;SEGMENT_A;BRAND_A4;290
2026;31;Erkek;SEGMENT_A;BRAND_A4;335
2026;32;Erkek;SEGMENT_A;BRAND_A4;301
2026;33;Erkek;SEGMENT_A;BRAND_A4;358
2026;34;Erkek;SEGMENT_A;BRAND_A4;273
2023;1;Erkek;SEGMENT_B;BRAND_B1;241
2023;2;Erkek;SEGMENT_B;BRAND_B1;231
2023;3;Erkek;SEGMENT_B;BRAND_B1;210
2023;4;Erkek;SEGMENT_B;BRAND_B1;199
2023;5;Erkek;SEGMENT_B;BRAND_B1;188
2023;6;Erkek;SEGMENT_B;BRAND_B1;235
2023;7;Erkek;SEGMENT_B;BRAND_B1;182
2023;8;Erkek;SEGMENT_B;BRAND_B1;191
2023;9;Erkek;SEGMENT_B;BRAND_B1;189
2023;10;Erkek;SEGMENT_B;BRAND_B1;182
2023;11;Erkek;SEGMENT_B;BRAND_B1;165
2023;12;Erkek;SEGMENT_B;BRAND_B1;189
2023;13;Erkek;SEGMENT_B;BRAND_B1;160
2023;14;Erkek;SEGMENT_B;BRAND_B1;138
2023;15;Erkek;SEGMENT_B;BRAND_B1;140
2023;16;Erkek;SEGMENT_B;BRAND_B1;121
2023;17;Erkek;SEGMENT_B;BRAND_B1;148
2023;18;Erkek;SEGMENT_B;BRAND_B1;152
2023;19;Erkek;SEGMENT_B;BRAND_B1;155
2023;20;Erkek;SEGMENT_B;BRAND_B1;153
2023;21;Erkek;SEGMENT_B;BRAND_B1;144
2023;22;Erkek;SEGMENT_B;BRAND_B1;150
2023;23;Erkek;SEGMENT_B;BRAND_B1;154
2023;24;Erkek;SEGMENT_B;BRAND_B1;178
2023;25;Erkek;SEGMENT_B;BRAND_B1;132
2023;26;Erkek;SEGMENT_B;BRAND_B1;161
2023;27;Erkek;SEGMENT_B;BRAND_B1;157
2023;28;Erkek;SEGMENT_B;BRAND_B1;233
2023;29;Erkek;SEGMENT_B;BRAND_B1;219
2023;30;Erkek;SEGMENT_B;BRAND_B1;189
2023;31;Erkek;SEGMENT_B;BRAND_B1;176
2023;32;Erkek;SEGMENT_B;BRAND_B1;188
2023;33;Erkek;SEGMENT_B;BRAND_B1;248
2023;34;Erkek;SEGMENT_B;BRAND_B1;192
2023;35;Erkek;SEGMENT_B;BRAND_B1;236
2023;36;Erkek;SEGMENT_B;BRAND_B1;266
2023;37;Erkek;SEGMENT_B;BRAND_B1;216
2023;38;Erkek;SEGMENT_B;BRAND_B1;254
2023;39;Erkek;SEGMENT_B;BRAND_B1;247
2023;40;Erkek;SEGMENT_B;BRAND_B1;247
2023;41;Erkek;SEGMENT_B;BRAND_B1;246
2023;42;Erkek;SEGMENT_B;BRAND_B1;298
2023;43;Erkek;SEGMENT_B;BRAND_B1;320
2023;44;Erkek;SEGMENT_B;BRAND_B1;263
2023;45;Erkek;SEGMENT_B;BRAND_B1;282
2023;46;Erkek;SEGMENT_B;BRAND_B1;271
2023;47;Erkek;SEGMENT_B;BRAND_B1;296
2023;48;Erkek;SEGMENT_B;BRAND_B1;346
2023;49;Erkek;SEGMENT_B;BRAND_B1;210
2023;50;Erkek;SEGMENT_B;BRAND_B1;243
2023;51;Erkek;SEGMENT_B;BRAND_B1;251
2023;52;Erkek;SEGMENT_B;BRAND_B1;267
2024;1;Erkek;SEGMENT_B;BRAND_B1;247
2024;2;Erkek;SEGMENT_B;BRAND_B1;259
2024;3;Erkek;SEGMENT_B;BRAND_B1;205
2024;4;Erkek;SEGMENT_B;BRAND_B1;254
2024;5;Erkek;SEGMENT_B;BRAND_B1;249
2024;6;Erkek;SEGMENT_B;BRAND_B1;163
2024;7;Erkek;SEGMENT_B;BRAND_B1;164
2024;8;Erkek;SEGMENT_B;BRAND_B1;188
2024;9;Erkek;SEGMENT_B;BRAND_B1;171
2024;10;Erkek;SEGMENT_B;BRAND_B1;168
2024;11;Erkek;SEGMENT_B;BRAND_B1;175
2024;12;Erkek;SEGMENT_B;BRAND_B1;184
2024;13;Erkek;SEGMENT_B;BRAND_B1;144
2024;14;Erkek;SEGMENT_B;BRAND_B1;178
2024;15;Erkek;SEGMENT_B;BRAND_B1;141
2024;16;Erkek;SEGMENT_B;BRAND_B1;196
2024;17;Erkek;SEGMENT_B;BRAND_B1;174
2024;18;Erkek;SEGMENT_B;BRAND_B1;139
2024;19;Erkek;SEGMENT_B;BRAND_B1;129
2024;20;Erkek;SEGMENT_B;BRAND_B1;141
2024;21;Erkek;SEGMENT_B;BRAND_B1;141
2024;22;Erkek;SEGMENT_B;BRAND_B1;168
2024;23;Erkek;SEGMENT_B;BRAND_B1;129
2024;24;Erkek;SEGMENT_B;BRAND_B1;139
2024;25;Erkek;SEGMENT_B;BRAND_B1;183
2024;26;Erkek;SEGMENT_B;BRAND_B1;162
2024;27;Erkek;SEGMENT_B;BRAND_B1;175
2024;28;Erkek;SEGMENT_B;BRAND_B1;211
2024;29;Erkek;SEGMENT_B;BRAND_B1;225
2024;30;Erkek;SEGMENT_B;BRAND_B1;240
2024;31;Erkek;SEGMENT_B;BRAND_B1;234
2024;32;Erkek;SEGMENT_B;BRAND_B1;218
2024;33;Erkek;SEGMENT_B;BRAND_B1;224
2024;34;Erkek;SEGMENT_B;BRAND_B1;229
2024;35;Erkek;SEGMENT_B;BRAND_B1;215
2024;36;Erkek;SEGMENT_B;BRAND_B1;228
2024;37;Erkek;SEGMENT_B;BRAND_B1;295
2024;38;Erkek;SEGMENT_B;BRAND_B1;245
2024;39;Erkek;SEGMENT_B;BRAND_B1;237
2024;40;Erkek;SEGMENT_B;BRAND_B1;316
2024;41;Erkek;SEGMENT_B;BRAND_B1;237
2024;42;Erkek;SEGMENT_B;BRAND_B1;288
2024;43;Erkek;SEGMENT_B;BRAND_B1;222
2024;44;Erkek;SEGMENT_B;BRAND_B1;346
2024;45;Erkek;SEGMENT_B;BRAND_B1;340
2024;46;Erkek;SEGMENT_B;BRAND_B1;249
2024;47;Erkek;SEGMENT_B;BRAND_B1;374
2024;48;Erkek;SEGMENT_B;BRAND_B1;334
2024;49;Erkek;SEGMENT_B;BRAND_B1;244
2024;50;Erkek;SEGMENT_B;BRAND_B1;256
2024;51;Erkek;SEGMENT_B;BRAND_B1;283
2024;52;Erkek;SEGMENT_B;BRAND_B1;276
2025;1;Erkek;SEGMENT_B;BRAND_B1;265
2025;2;Erkek;SEGMENT_B;BRAND_B1;238
2025;3;Erkek;SEGMENT_B;BRAND_B1;255
2025;4;Erkek;SEGMENT_B;BRAND_B1;199
2025;5;Erkek;SEGMENT_B;BRAND_B1;226
2025;6;Erkek;SEGMENT_B;BRAND_B1;213
2025;7;Erkek;SEGMENT_B;BRAND_B1;199
2025;8;Erkek;SEGMENT_B;BRAND_B1;204
2025;9;Erkek;SEGMENT_B;BRAND_B1;151
2025;10;Erkek;SEGMENT_B;BRAND_B1;164
2025;11;Erkek;SEGMENT_B;BRAND_B1;189
2025;12;Erkek;SEGMENT_B;BRAND_B1;172
2025;13;Erkek;SEGMENT_B;BRAND_B1;141
2025;14;Erkek;SEGMENT_B;BRAND_B1;163
2025;15;Erkek;SEGMENT_B;BRAND_B1;150
2025;16;Erkek;SEGMENT_B;BRAND_B1;180
2025;17;Erkek;SEGMENT_B;BRAND_B1;137
2025;18;Erkek;SEGMENT_B;BRAND_B1;138
2025;19;Erkek;SEGMENT_B;BRAND_B1;164
2025;20;Erkek;SEGMENT_B;BRAND_B1;155
2025;21;Erkek;SEGMENT_B;BRAND_B1;157
2025;22;Erkek;SEGMENT_B;BRAND_B1;214
2025;23;Erkek;SEGMENT_B;BRAND_B1;182
2025;24;Erkek;SEGMENT_B;BRAND_B1;167
2025;25;Erkek;SEGMENT_B;BRAND_B1;150
2025;26;Erkek;SEGMENT_B;BRAND_B1;178
2025;27;Erkek;SEGMENT_B;BRAND_B1;168
2025;28;Erkek;SEGMENT_B;BRAND_B1;181
2025;29;Erkek;SEGMENT_B;BRAND_B1;189
2025;30;Erkek;SEGMENT_B;BRAND_B1;245
2025;31;Erkek;SEGMENT_B;BRAND_B1;192
2025;32;Erkek;SEGMENT_B;BRAND_B1;260
2025;33;Erkek;SEGMENT_B;BRAND_B1;255
2025;34;Erkek;SEGMENT_B;BRAND_B1;263
2025;35;Erkek;SEGMENT_B;BRAND_B1;231
2025;36;Erkek;SEGMENT_B;BRAND_B1;290
2025;37;Erkek;SEGMENT_B;BRAND_B1;196
2025;38;Erkek;SEGMENT_B;BRAND_B1;246
2025;39;Erkek;SEGMENT_B;BRAND_B1;336
2025;40;Erkek;SEGMENT_B;BRAND_B1;326
2025;41;Erkek;SEGMENT_B;BRAND_B1;354
2025;42;Erkek;SEGMENT_B;BRAND_B1;295
2025;43;Erkek;SEGMENT_B;BRAND_B1;290
2025;44;Erkek;SEGMENT_B;BRAND_B1;283
2025;45;Erkek;SEGMENT_B;BRAND_B1;384
2025;46;Erkek;SEGMENT_B;BRAND_B1;317
2025;47;Erkek;SEGMENT_B;BRAND_B1;344
2025;48;Erkek;SEGMENT_B;BRAND_B1;457
2025;49;Erkek;SEGMENT_B;BRAND_B1;279
2025;50;Erkek;SEGMENT_B;BRAND_B1;212
2025;51;Erkek;SEGMENT_B;BRAND_B1;252
2025;52;Erkek;SEGMENT_B;BRAND_B1;304
2026;1;Erkek;SEGMENT_B;BRAND_B1;276
2026;2;Erkek;SEGMENT_B;BRAND_B1;274
2026;3;Erkek;SEGMENT_B;BRAND_B1;288
2026;4;Erkek;SEGMENT_B;BRAND_B1;196
2026;5;Erkek;SEGMENT_B;BRAND_B1;212
2026;6;Erkek;SEGMENT_B;BRAND_B1;224
2026;7;Erkek;SEGMENT_B;BRAND_B1;244
2026;8;Erkek;SEGMENT_B;BRAND_B1;183
2026;9;Erkek;SEGMENT_B;BRAND_B1;191
2026;10;Erkek;SEGMENT_B;BRAND_B1;192
2026;11;Erkek;SEGMENT_B;BRAND_B1;169
2026;12;Erkek;SEGMENT_B;BRAND_B1;179
2026;13;Erkek;SEGMENT_B;BRAND_B1;171
2026;14;Erkek;SEGMENT_B;BRAND_B1;160
2026;15;Erkek;SEGMENT_B;BRAND_B1;183
2026;16;Erkek;SEGMENT_B;BRAND_B1;176
2026;17;Erkek;SEGMENT_B;BRAND_B1;180
2026;18;Erkek;SEGMENT_B;BRAND_B1;181
2026;19;Erkek;SEGMENT_B;BRAND_B1;197
2026;20;Erkek;SEGMENT_B;BRAND_B1;139
2026;21;Erkek;SEGMENT_B;BRAND_B1;143
2026;22;Erkek;SEGMENT_B;BRAND_B1;186
2026;23;Erkek;SEGMENT_B;BRAND_B1;167
2026;24;Erkek;SEGMENT_B;BRAND_B1;170
2026;25;Erkek;SEGMENT_B;BRAND_B1;172
2026;26;Erkek;SEGMENT_B;BRAND_B1;215
2026;27;Erkek;SEGMENT_B;BRAND_B1;259
2026;28;Erkek;SEGMENT_B;BRAND_B1;233
2026;29;Erkek;SEGMENT_B;BRAND_B1;206
2026;30;Erkek;SEGMENT_B;BRAND_B1;249
2026;31;Erkek;SEGMENT_B;BRAND_B1;200
2026;32;Erkek;SEGMENT_B;BRAND_B1;181
2026;33;Erkek;SEGMENT_B;BRAND_B1;246
2026;34;Erkek;SEGMENT_B;BRAND_B1;214
2023;1;Erkek;SEGMENT_B;BRAND_B2;165
2023;2;Erkek;SEGMENT_B;BRAND_B2;186
2023;3;Erkek;SEGMENT_B;BRAND_B2;168
2023;4;Erkek;SEGMENT_B;BRAND_B2;147
2023;5;Erkek;SEGMENT_B;BRAND_B2;151
2023;6;Erkek;SEGMENT_B;BRAND_B2;152
2023;7;Erkek;SEGMENT_B;BRAND_B2;116
2023;8;Erkek;SEGMENT_B;BRAND_B2;132
2023;9;Erkek;SEGMENT_B;BRAND_B2;151
2023;10;Erkek;SEGMENT_B;BRAND_B2;149
2023;11;Erkek;SEGMENT_B;BRAND_B2;119
2023;12;Erkek;SEGMENT_B;BRAND_B2;132
2023;13;Erkek;SEGMENT_B;BRAND_B2;118
2023;14;Erkek;SEGMENT_B;BRAND_B2;127
2023;15;Erkek;SEGMENT_B;BRAND_B2;112
2023;16;Erkek;SEGMENT_B;BRAND_B2;121
2023;17;Erkek;SEGMENT_B;BRAND_B2;106
2023;18;Erkek;SEGMENT_B;BRAND_B2;94
2023;19;Erkek;SEGMENT_B;BRAND_B2;111
2023;20;Erkek;SEGMENT_B;BRAND_B2;108
2023;21;Erkek;SEGMENT_B;BRAND_B2;113
2023;22;Erkek;SEGMENT_B;BRAND_B2;127
2023;23;Erkek;SEGMENT_B;BRAND_B2;92
2023;24;Erkek;SEGMENT_B;BRAND_B2;159
2023;25;Erkek;SEGMENT_B;BRAND_B2;152
2023;26;Erkek;SEGMENT_B;BRAND_B2;130
2023;27;Erkek;SEGMENT_B;BRAND_B2;125
2023;28;Erkek;SEGMENT_B;BRAND_B2;145
2023;29;Erkek;SEGMENT_B;BRAND_B2;145
2023;30;Erkek;SEGMENT_B;BRAND_B2;188
2023;31;Erkek;SEGMENT_B;BRAND_B2;199
2023;32;Erkek;SEGMENT_B;BRAND_B2;183
2023;33;Erkek;SEGMENT_B;BRAND_B2;152
2023;34;Erkek;SEGMENT_B;BRAND_B2;179
2023;35;Erkek;SEGMENT_B;BRAND_B2;193
2023;36;Erkek;SEGMENT_B;BRAND_B2;188
2023;37;Erkek;SEGMENT_B;BRAND_B2;192
2023;38;Erkek;SEGMENT_B;BRAND_B2;202
2023;39;Erkek;SEGMENT_B;BRAND_B2;279
2023;40;Erkek;SEGMENT_B;BRAND_B2;192
2023;41;Erkek;SEGMENT_B;BRAND_B2;266
2023;42;Erkek;SEGMENT_B;BRAND_B2;222
2023;43;Erkek;SEGMENT_B;BRAND_B2;220
2023;44;Erkek;SEGMENT_B;BRAND_B2;206
2023;45;Erkek;SEGMENT_B;BRAND_B2;201
2023;46;Erkek;SEGMENT_B;BRAND_B2;169
2023;47;Erkek;SEGMENT_B;BRAND_B2;257
2023;48;Erkek;SEGMENT_B;BRAND_B2;229
2023;49;Erkek;SEGMENT_B;BRAND_B2;167
2023;50;Erkek;SEGMENT_B;BRAND_B2;173
2023;51;Erkek;SEGMENT_B;BRAND_B2;226
2023;52;Erkek;SEGMENT_B;BRAND_B2;221
2024;1;Erkek;SEGMENT_B;BRAND_B2;171
2024;2;Erkek;SEGMENT_B;BRAND_B2;153
2024;3;Erkek;SEGMENT_B;BRAND_B2;167
2024;4;Erkek;SEGMENT_B;BRAND_B2;184
2024;5;Erkek;SEGMENT_B;BRAND_B2;184
2024;6;Erkek;SEGMENT_B;BRAND_B2;162
2024;7;Erkek;SEGMENT_B;BRAND_B2;159
2024;8;Erkek;SEGMENT_B;BRAND_B2;152
2024;9;Erkek;SEGMENT_B;BRAND_B2;117
2024;10;Erkek;SEGMENT_B;BRAND_B2;116
2024;11;Erkek;SEGMENT_B;BRAND_B2;162
2024;12;Erkek;SEGMENT_B;BRAND_B2;131
2024;13;Erkek;SEGMENT_B;BRAND_B2;98
2024;14;Erkek;SEGMENT_B;BRAND_B2;128
2024;15;Erkek;SEGMENT_B;BRAND_B2;106
2024;16;Erkek;SEGMENT_B;BRAND_B2;133
2024;17;Erkek;SEGMENT_B;BRAND_B2;130
2024;18;Erkek;SEGMENT_B;BRAND_B2;125
2024;19;Erkek;SEGMENT_B;BRAND_B2;119
2024;20;Erkek;SEGMENT_B;BRAND_B2;138
2024;21;Erkek;SEGMENT_B;BRAND_B2;142
2024;22;Erkek;SEGMENT_B;BRAND_B2;110
2024;23;Erkek;SEGMENT_B;BRAND_B2;135
2024;24;Erkek;SEGMENT_B;BRAND_B2;121
2024;25;Erkek;SEGMENT_B;BRAND_B2;118
2024;26;Erkek;SEGMENT_B;BRAND_B2;165
2024;27;Erkek;SEGMENT_B;BRAND_B2;158
2024;28;Erkek;SEGMENT_B;BRAND_B2;154
2024;29;Erkek;SEGMENT_B;BRAND_B2;141
2024;30;Erkek;SEGMENT_B;BRAND_B2;193
2024;31;Erkek;SEGMENT_B;BRAND_B2;228
2024;32;Erkek;SEGMENT_B;BRAND_B2;156
2024;33;Erkek;SEGMENT_B;BRAND_B2;157
2024;34;Erkek;SEGMENT_B;BRAND_B2;186
2024;35;Erkek;SEGMENT_B;BRAND_B2;208
2024;36;Erkek;SEGMENT_B;BRAND_B2;189
2024;37;Erkek;SEGMENT_B;BRAND_B2;331
2024;38;Erkek;SEGMENT_B;BRAND_B2;211
2024;39;Erkek;SEGMENT_B;BRAND_B2;197
2024;40;Erkek;SEGMENT_B;BRAND_B2;202
2024;41;Erkek;SEGMENT_B;BRAND_B2;271
2024;42;Erkek;SEGMENT_B;BRAND_B2;216
2024;43;Erkek;SEGMENT_B;BRAND_B2;261
2024;44;Erkek;SEGMENT_B;BRAND_B2;181
2024;45;Erkek;SEGMENT_B;BRAND_B2;251
2024;46;Erkek;SEGMENT_B;BRAND_B2;200
2024;47;Erkek;SEGMENT_B;BRAND_B2;324
2024;48;Erkek;SEGMENT_B;BRAND_B2;266
2024;49;Erkek;SEGMENT_B;BRAND_B2;203
2024;50;Erkek;SEGMENT_B;BRAND_B2;184
2024;51;Erkek;SEGMENT_B;BRAND_B2;226
2024;52;Erkek;SEGMENT_B;BRAND_B2;225
2025;1;Erkek;SEGMENT_B;BRAND_B2;179
2025;2;Erkek;SEGMENT_B;BRAND_B2;159
2025;3;Erkek;SEGMENT_B;BRAND_B2;217
2025;4;Erkek;SEGMENT_B;BRAND_B2;165
2025;5;Erkek;SEGMENT_B;BRAND_B2;169
2025;6;Erkek;SEGMENT_B;BRAND_B2;149
2025;7;Erkek;SEGMENT_B;BRAND_B2;174
2025;8;Erkek;SEGMENT_B;BRAND_B2;168
2025;9;Erkek;SEGMENT_B;BRAND_B2;179
2025;10;Erkek;SEGMENT_B;BRAND_B2;164
2025;11;Erkek;SEGMENT_B;BRAND_B2;157
2025;12;Erkek;SEGMENT_B;BRAND_B2;133
2025;13;Erkek;SEGMENT_B;BRAND_B2;127
2025;14;Erkek;SEGMENT_B;BRAND_B2;138
2025;15;Erkek;SEGMENT_B;BRAND_B2;123
2025;16;Erkek;SEGMENT_B;BRAND_B2;141
2025;17;Erkek;SEGMENT_B;BRAND_B2;108
2025;18;Erkek;SEGMENT_B;BRAND_B2;99
2025;19;Erkek;SEGMENT_B;BRAND_B2;131
2025;20;Erkek;SEGMENT_B;BRAND_B2;116
2025;21;Erkek;SEGMENT_B;BRAND_B2;110
2025;22;Erkek;SEGMENT_B;BRAND_B2;168
2025;23;Erkek;SEGMENT_B;BRAND_B2;132
2025;24;Erkek;SEGMENT_B;BRAND_B2;116
2025;25;Erkek;SEGMENT_B;BRAND_B2;130
2025;26;Erkek;SEGMENT_B;BRAND_B2;140
2025;27;Erkek;SEGMENT_B;BRAND_B2;161
2025;28;Erkek;SEGMENT_B;BRAND_B2;145
2025;29;Erkek;SEGMENT_B;BRAND_B2;160
2025;30;Erkek;SEGMENT_B;BRAND_B2;175
2025;31;Erkek;SEGMENT_B;BRAND_B2;186
2025;32;Erkek;SEGMENT_B;BRAND_B2;181
2025;33;Erkek;SEGMENT_B;BRAND_B2;235
2025;34;Erkek;SEGMENT_B;BRAND_B2;213
2025;35;Erkek;SEGMENT_B;BRAND_B2;218
2025;36;Erkek;SEGMENT_B;BRAND_B2;223
2025;37;Erkek;SEGMENT_B;BRAND_B2;244
2025;38;Erkek;SEGMENT_B;BRAND_B2;222
2025;39;Erkek;SEGMENT_B;BRAND_B2;196
2025;40;Erkek;SEGMENT_B;BRAND_B2;236
2025;41;Erkek;SEGMENT_B;BRAND_B2;243
2025;42;Erkek;SEGMENT_B;BRAND_B2;269
2025;43;Erkek;SEGMENT_B;BRAND_B2;203
2025;44;Erkek;SEGMENT_B;BRAND_B2;208
2025;45;Erkek;SEGMENT_B;BRAND_B2;233
2025;46;Erkek;SEGMENT_B;BRAND_B2;249
2025;47;Erkek;SEGMENT_B;BRAND_B2;266
2025;48;Erkek;SEGMENT_B;BRAND_B2;269
2025;49;Erkek;SEGMENT_B;BRAND_B2;248
2025;50;Erkek;SEGMENT_B;BRAND_B2;189
2025;51;Erkek;SEGMENT_B;BRAND_B2;194
2025;52;Erkek;SEGMENT_B;BRAND_B2;235
2026;1;Erkek;SEGMENT_B;BRAND_B2;220
2026;2;Erkek;SEGMENT_B;BRAND_B2;184
2026;3;Erkek;SEGMENT_B;BRAND_B2;204
2026;4;Erkek;SEGMENT_B;BRAND_B2;193
2026;5;Erkek;SEGMENT_B;BRAND_B2;177
2026;6;Erkek;SEGMENT_B;BRAND_B2;166
2026;7;Erkek;SEGMENT_B;BRAND_B2;177
2026;8;Erkek;SEGMENT_B;BRAND_B2;141
2026;9;Erkek;SEGMENT_B;BRAND_B2;164
2026;10;Erkek;SEGMENT_B;BRAND_B2;153
2026;11;Erkek;SEGMENT_B;BRAND_B2;149
2026;12;Erkek;SEGMENT_B;BRAND_B2;126
2026;13;Erkek;SEGMENT_B;BRAND_B2;160
2026;14;Erkek;SEGMENT_B;BRAND_B2;123
2026;15;Erkek;SEGMENT_B;BRAND_B2;123
2026;16;Erkek;SEGMENT_B;BRAND_B2;126
2026;17;Erkek;SEGMENT_B;BRAND_B2;137
2026;18;Erkek;SEGMENT_B;BRAND_B2;131
2026;19;Erkek;SEGMENT_B;BRAND_B2;106
2026;20;Erkek;SEGMENT_B;BRAND_B2;129
2026;21;Erkek;SEGMENT_B;BRAND_B2;132
2026;22;Erkek;SEGMENT_B;BRAND_B2;158
2026;23;Erkek;SEGMENT_B;BRAND_B2;133
2026;24;Erkek;SEGMENT_B;BRAND_B2;151
2026;25;Erkek;SEGMENT_B;BRAND_B2;205
2026;26;Erkek;SEGMENT_B;BRAND_B2;175
2026;27;Erkek;SEGMENT_B;BRAND_B2;141
2026;28;Erkek;SEGMENT_B;BRAND_B2;179
2026;29;Erkek;SEGMENT_B;BRAND_B2;180
2026;30;Erkek;SEGMENT_B;BRAND_B2;170
2026;31;Erkek;SEGMENT_B;BRAND_B2;202
2026;32;Erkek;SEGMENT_B;BRAND_B2;170
2026;33;Erkek;SEGMENT_B;BRAND_B2;183
2026;34;Erkek;SEGMENT_B;BRAND_B2;200
2023;1;Erkek;SEGMENT_B;BRAND_B3;177
2023;2;Erkek;SEGMENT_B;BRAND_B3;158
2023;3;Erkek;SEGMENT_B;BRAND_B3;145
2023;4;Erkek;SEGMENT_B;BRAND_B3;171
2023;5;Erkek;SEGMENT_B;BRAND_B3;155
2023;6;Erkek;SEGMENT_B;BRAND_B3;118
2023;7;Erkek;SEGMENT_B;BRAND_B3;113
2023;8;Erkek;SEGMENT_B;BRAND_B3;122
2023;9;Erkek;SEGMENT_B;BRAND_B3;107
2023;10;Erkek;SEGMENT_B;BRAND_B3;135
2023;11;Erkek;SEGMENT_B;BRAND_B3;108
2023;12;Erkek;SEGMENT_B;BRAND_B3;119
2023;13;Erkek;SEGMENT_B;BRAND_B3;140
2023;14;Erkek;SEGMENT_B;BRAND_B3;116
2023;15;Erkek;SEGMENT_B;BRAND_B3;84
2023;16;Erkek;SEGMENT_B;BRAND_B3;97
2023;17;Erkek;SEGMENT_B;BRAND_B3;100
2023;18;Erkek;SEGMENT_B;BRAND_B3;105
2023;19;Erkek;SEGMENT_B;BRAND_B3;114
2023;20;Erkek;SEGMENT_B;BRAND_B3;136
2023;21;Erkek;SEGMENT_B;BRAND_B3;128
2023;22;Erkek;SEGMENT_B;BRAND_B3;107
2023;23;Erkek;SEGMENT_B;BRAND_B3;109
2023;24;Erkek;SEGMENT_B;BRAND_B3;137
2023;25;Erkek;SEGMENT_B;BRAND_B3;117
2023;26;Erkek;SEGMENT_B;BRAND_B3;114
2023;27;Erkek;SEGMENT_B;BRAND_B3;142
2023;28;Erkek;SEGMENT_B;BRAND_B3;137
2023;29;Erkek;SEGMENT_B;BRAND_B3;116
2023;30;Erkek;SEGMENT_B;BRAND_B3;137
2023;31;Erkek;SEGMENT_B;BRAND_B3;127
2023;32;Erkek;SEGMENT_B;BRAND_B3;115
2023;33;Erkek;SEGMENT_B;BRAND_B3;198
2023;34;Erkek;SEGMENT_B;BRAND_B3;166
2023;35;Erkek;SEGMENT_B;BRAND_B3;164
2023;36;Erkek;SEGMENT_B;BRAND_B3;164
2023;37;Erkek;SEGMENT_B;BRAND_B3;178
2023;38;Erkek;SEGMENT_B;BRAND_B3;172
2023;39;Erkek;SEGMENT_B;BRAND_B3;166
2023;40;Erkek;SEGMENT_B;BRAND_B3;179
2023;41;Erkek;SEGMENT_B;BRAND_B3;226
2023;42;Erkek;SEGMENT_B;BRAND_B3;216
2023;43;Erkek;SEGMENT_B;BRAND_B3;184
2023;44;Erkek;SEGMENT_B;BRAND_B3;246
2023;45;Erkek;SEGMENT_B;BRAND_B3;193
2023;46;Erkek;SEGMENT_B;BRAND_B3;177
2023;47;Erkek;SEGMENT_B;BRAND_B3;271
2023;48;Erkek;SEGMENT_B;BRAND_B3;311
2023;49;Erkek;SEGMENT_B;BRAND_B3;221
2023;50;Erkek;SEGMENT_B;BRAND_B3;169
2023;51;Erkek;SEGMENT_B;BRAND_B3;157
2023;52;Erkek;SEGMENT_B;BRAND_B3;169
2024;1;Erkek;SEGMENT_B;BRAND_B3;183
2024;2;Erkek;SEGMENT_B;BRAND_B3;184
2024;3;Erkek;SEGMENT_B;BRAND_B3;187
2024;4;Erkek;SEGMENT_B;BRAND_B3;160
2024;5;Erkek;SEGMENT_B;BRAND_B3;155
2024;6;Erkek;SEGMENT_B;BRAND_B3;148
2024;7;Erkek;SEGMENT_B;BRAND_B3;159
2024;8;Erkek;SEGMENT_B;BRAND_B3;150
2024;9;Erkek;SEGMENT_B;BRAND_B3;119
2024;10;Erkek;SEGMENT_B;BRAND_B3;137
2024;11;Erkek;SEGMENT_B;BRAND_B3;137
2024;12;Erkek;SEGMENT_B;BRAND_B3;134
2024;13;Erkek;SEGMENT_B;BRAND_B3;119
2024;14;Erkek;SEGMENT_B;BRAND_B3;115
2024;15;Erkek;SEGMENT_B;BRAND_B3;109
2024;16;Erkek;SEGMENT_B;BRAND_B3;109
2024;17;Erkek;SEGMENT_B;BRAND_B3;132
2024;18;Erkek;SEGMENT_B;BRAND_B3;108
2024;19;Erkek;SEGMENT_B;BRAND_B3;99
2024;20;Erkek;SEGMENT_B;BRAND_B3;113
2024;21;Erkek;SEGMENT_B;BRAND_B3;121
2024;22;Erkek;SEGMENT_B;BRAND_B3;127
2024;23;Erkek;SEGMENT_B;BRAND_B3;103
2024;24;Erkek;SEGMENT_B;BRAND_B3;143
2024;25;Erkek;SEGMENT_B;BRAND_B3;135
2024;26;Erkek;SEGMENT_B;BRAND_B3;152
2024;27;Erkek;SEGMENT_B;BRAND_B3;113
2024;28;Erkek;SEGMENT_B;BRAND_B3;157
2024;29;Erkek;SEGMENT_B;BRAND_B3;127
2024;30;Erkek;SEGMENT_B;BRAND_B3;145
2024;31;Erkek;SEGMENT_B;BRAND_B3;170
2024;32;Erkek;SEGMENT_B;BRAND_B3;141
2024;33;Erkek;SEGMENT_B;BRAND_B3;156
2024;34;Erkek;SEGMENT_B;BRAND_B3;147
2024;35;Erkek;SEGMENT_B;BRAND_B3;194
2024;36;Erkek;SEGMENT_B;BRAND_B3;166
2024;37;Erkek;SEGMENT_B;BRAND_B3;188
2024;38;Erkek;SEGMENT_B;BRAND_B3;201
2024;39;Erkek;SEGMENT_B;BRAND_B3;202
2024;40;Erkek;SEGMENT_B;BRAND_B3;203
2024;41;Erkek;SEGMENT_B;BRAND_B3;206
2024;42;Erkek;SEGMENT_B;BRAND_B3;174
2024;43;Erkek;SEGMENT_B;BRAND_B3;198
2024;44;Erkek;SEGMENT_B;BRAND_B3;209
2024;45;Erkek;SEGMENT_B;BRAND_B3;206
2024;46;Erkek;SEGMENT_B;BRAND_B3;201
2024;47;Erkek;SEGMENT_B;BRAND_B3;252
2024;48;Erkek;SEGMENT_B;BRAND_B3;279
2024;49;Erkek;SEGMENT_B;BRAND_B3;208
2024;50;Erkek;SEGMENT_B;BRAND_B3;184
2024;51;Erkek;SEGMENT_B;BRAND_B3;214
2024;52;Erkek;SEGMENT_B;BRAND_B3;222
2025;1;Erkek;SEGMENT_B;BRAND_B3;181
2025;2;Erkek;SEGMENT_B;BRAND_B3;160
2025;3;Erkek;SEGMENT_B;BRAND_B3;149
2025;4;Erkek;SEGMENT_B;BRAND_B3;159
2025;5;Erkek;SEGMENT_B;BRAND_B3;158
2025;6;Erkek;SEGMENT_B;BRAND_B3;133
2025;7;Erkek;SEGMENT_B;BRAND_B3;142
2025;8;Erkek;SEGMENT_B;BRAND_B3;159
2025;9;Erkek;SEGMENT_B;BRAND_B3;108
2025;10;Erkek;SEGMENT_B;BRAND_B3;134
2025;11;Erkek;SEGMENT_B;BRAND_B3;120
2025;12;Erkek;SEGMENT_B;BRAND_B3;124
2025;13;Erkek;SEGMENT_B;BRAND_B3;145
2025;14;Erkek;SEGMENT_B;BRAND_B3;117
2025;15;Erkek;SEGMENT_B;BRAND_B3;113
2025;16;Erkek;SEGMENT_B;BRAND_B3;123
2025;17;Erkek;SEGMENT_B;BRAND_B3;117
2025;18;Erkek;SEGMENT_B;BRAND_B3;114
2025;19;Erkek;SEGMENT_B;BRAND_B3;117
2025;20;Erkek;SEGMENT_B;BRAND_B3;132
2025;21;Erkek;SEGMENT_B;BRAND_B3;128
2025;22;Erkek;SEGMENT_B;BRAND_B3;115
2025;23;Erkek;SEGMENT_B;BRAND_B3;145
2025;24;Erkek;SEGMENT_B;BRAND_B3;118
2025;25;Erkek;SEGMENT_B;BRAND_B3;131
2025;26;Erkek;SEGMENT_B;BRAND_B3;138
2025;27;Erkek;SEGMENT_B;BRAND_B3;134
2025;28;Erkek;SEGMENT_B;BRAND_B3;171
2025;29;Erkek;SEGMENT_B;BRAND_B3;144
2025;30;Erkek;SEGMENT_B;BRAND_B3;154
2025;31;Erkek;SEGMENT_B;BRAND_B3;184
2025;32;Erkek;SEGMENT_B;BRAND_B3;160
2025;33;Erkek;SEGMENT_B;BRAND_B3;151
2025;34;Erkek;SEGMENT_B;BRAND_B3;183
2025;35;Erkek;SEGMENT_B;BRAND_B3;166
2025;36;Erkek;SEGMENT_B;BRAND_B3;168
2025;37;Erkek;SEGMENT_B;BRAND_B3;155
2025;38;Erkek;SEGMENT_B;BRAND_B3;160
2025;39;Erkek;SEGMENT_B;BRAND_B3;164
2025;40;Erkek;SEGMENT_B;BRAND_B3;253
2025;41;Erkek;SEGMENT_B;BRAND_B3;169
2025;42;Erkek;SEGMENT_B;BRAND_B3;188
2025;43;Erkek;SEGMENT_B;BRAND_B3;210
2025;44;Erkek;SEGMENT_B;BRAND_B3;230
2025;45;Erkek;SEGMENT_B;BRAND_B3;233
2025;46;Erkek;SEGMENT_B;BRAND_B3;194
2025;47;Erkek;SEGMENT_B;BRAND_B3;288
2025;48;Erkek;SEGMENT_B;BRAND_B3;277
2025;49;Erkek;SEGMENT_B;BRAND_B3;207
2025;50;Erkek;SEGMENT_B;BRAND_B3;206
2025;51;Erkek;SEGMENT_B;BRAND_B3;208
2025;52;Erkek;SEGMENT_B;BRAND_B3;181
2026;1;Erkek;SEGMENT_B;BRAND_B3;217
2026;2;Erkek;SEGMENT_B;BRAND_B3;228
2026;3;Erkek;SEGMENT_B;BRAND_B3;171
2026;4;Erkek;SEGMENT_B;BRAND_B3;224
2026;5;Erkek;SEGMENT_B;BRAND_B3;156
2026;6;Erkek;SEGMENT_B;BRAND_B3;162
2026;7;Erkek;SEGMENT_B;BRAND_B3;152
2026;8;Erkek;SEGMENT_B;BRAND_B3;150
2026;9;Erkek;SEGMENT_B;BRAND_B3;163
2026;10;Erkek;SEGMENT_B;BRAND_B3;135
2026;11;Erkek;SEGMENT_B;BRAND_B3;117
2026;12;Erkek;SEGMENT_B;BRAND_B3;121
2026;13;Erkek;SEGMENT_B;BRAND_B3;123
2026;14;Erkek;SEGMENT_B;BRAND_B3;126
2026;15;Erkek;SEGMENT_B;BRAND_B3;110
2026;16;Erkek;SEGMENT_B;BRAND_B3;110
2026;17;Erkek;SEGMENT_B;BRAND_B3;121
2026;18;Erkek;SEGMENT_B;BRAND_B3;121
2026;19;Erkek;SEGMENT_B;BRAND_B3;131
2026;20;Erkek;SEGMENT_B;BRAND_B3;111
2026;21;Erkek;SEGMENT_B;BRAND_B3;129
2026;22;Erkek;SEGMENT_B;BRAND_B3;122
2026;23;Erkek;SEGMENT_B;BRAND_B3;120
2026;24;Erkek;SEGMENT_B;BRAND_B3;129
2026;25;Erkek;SEGMENT_B;BRAND_B3;136
2026;26;Erkek;SEGMENT_B;BRAND_B3;121
2026;27;Erkek;SEGMENT_B;BRAND_B3;127
2026;28;Erkek;SEGMENT_B;BRAND_B3;163
2026;29;Erkek;SEGMENT_B;BRAND_B3;151
2026;30;Erkek;SEGMENT_B;BRAND_B3;167
2026;31;Erkek;SEGMENT_B;BRAND_B3;183
2026;32;Erkek;SEGMENT_B;BRAND_B3;174
2026;33;Erkek;SEGMENT_B;BRAND_B3;194
2026;34;Erkek;SEGMENT_B;BRAND_B3;189
2023;1;Erkek;SEGMENT_B;BRAND_B4;82
2023;2;Erkek;SEGMENT_B;BRAND_B4;107
2023;3;Erkek;SEGMENT_B;BRAND_B4;89
2023;4;Erkek;SEGMENT_B;BRAND_B4;95
2023;5;Erkek;SEGMENT_B;BRAND_B4;72
2023;6;Erkek;SEGMENT_B;BRAND_B4;83
2023;7;Erkek;SEGMENT_B;BRAND_B4;93
2023;8;Erkek;SEGMENT_B;BRAND_B4;100
2023;9;Erkek;SEGMENT_B;BRAND_B4;62
2023;10;Erkek;SEGMENT_B;BRAND_B4;67
2023;11;Erkek;SEGMENT_B;BRAND_B4;61
2023;12;Erkek;SEGMENT_B;BRAND_B4;65
2023;13;Erkek;SEGMENT_B;BRAND_B4;71
2023;14;Erkek;SEGMENT_B;BRAND_B4;72
2023;15;Erkek;SEGMENT_B;BRAND_B4;71
2023;16;Erkek;SEGMENT_B;BRAND_B4;51
2023;17;Erkek;SEGMENT_B;BRAND_B4;60
2023;18;Erkek;SEGMENT_B;BRAND_B4;56
2023;19;Erkek;SEGMENT_B;BRAND_B4;59
2023;20;Erkek;SEGMENT_B;BRAND_B4;57
2023;21;Erkek;SEGMENT_B;BRAND_B4;52
2023;22;Erkek;SEGMENT_B;BRAND_B4;73
2023;23;Erkek;SEGMENT_B;BRAND_B4;59
2023;24;Erkek;SEGMENT_B;BRAND_B4;62
2023;25;Erkek;SEGMENT_B;BRAND_B4;82
2023;26;Erkek;SEGMENT_B;BRAND_B4;60
2023;27;Erkek;SEGMENT_B;BRAND_B4;78
2023;28;Erkek;SEGMENT_B;BRAND_B4;87
2023;29;Erkek;SEGMENT_B;BRAND_B4;94
2023;30;Erkek;SEGMENT_B;BRAND_B4;87
2023;31;Erkek;SEGMENT_B;BRAND_B4;94
2023;32;Erkek;SEGMENT_B;BRAND_B4;101
2023;33;Erkek;SEGMENT_B;BRAND_B4;92
2023;34;Erkek;SEGMENT_B;BRAND_B4;87
2023;35;Erkek;SEGMENT_B;BRAND_B4;119
2023;36;Erkek;SEGMENT_B;BRAND_B4;109
2023;37;Erkek;SEGMENT_B;BRAND_B4;105
2023;38;Erkek;SEGMENT_B;BRAND_B4;92
2023;39;Erkek;SEGMENT_B;BRAND_B4;84
2023;40;Erkek;SEGMENT_B;BRAND_B4;116
2023;41;Erkek;SEGMENT_B;BRAND_B4;86
2023;42;Erkek;SEGMENT_B;BRAND_B4;113
2023;43;Erkek;SEGMENT_B;BRAND_B4;105
2023;44;Erkek;SEGMENT_B;BRAND_B4;108
2023;45;Erkek;SEGMENT_B;BRAND_B4;132
2023;46;Erkek;SEGMENT_B;BRAND_B4;105
2023;47;Erkek;SEGMENT_B;BRAND_B4;154
2023;48;Erkek;SEGMENT_B;BRAND_B4;139
2023;49;Erkek;SEGMENT_B;BRAND_B4;114
2023;50;Erkek;SEGMENT_B;BRAND_B4;110
2023;51;Erkek;SEGMENT_B;BRAND_B4;106
2023;52;Erkek;SEGMENT_B;BRAND_B4;116
2024;1;Erkek;SEGMENT_B;BRAND_B4;84
2024;2;Erkek;SEGMENT_B;BRAND_B4;80
2024;3;Erkek;SEGMENT_B;BRAND_B4;83
2024;4;Erkek;SEGMENT_B;BRAND_B4;94
2024;5;Erkek;SEGMENT_B;BRAND_B4;94
2024;6;Erkek;SEGMENT_B;BRAND_B4;62
2024;7;Erkek;SEGMENT_B;BRAND_B4;87
2024;8;Erkek;SEGMENT_B;BRAND_B4;98
2024;9;Erkek;SEGMENT_B;BRAND_B4;74
2024;10;Erkek;SEGMENT_B;BRAND_B4;89
2024;11;Erkek;SEGMENT_B;BRAND_B4;75
2024;12;Erkek;SEGMENT_B;BRAND_B4;82
2024;13;Erkek;SEGMENT_B;BRAND_B4;77
2024;14;Erkek;SEGMENT_B;BRAND_B4;63
2024;15;Erkek;SEGMENT_B;BRAND_B4;71
2024;16;Erkek;SEGMENT_B;BRAND_B4;61
2024;17;Erkek;SEGMENT_B;BRAND_B4;77
2024;18;Erkek;SEGMENT_B;BRAND_B4;61
2024;19;Erkek;SEGMENT_B;BRAND_B4;67
2024;20;Erkek;SEGMENT_B;BRAND_B4;80
2024;21;Erkek;SEGMENT_B;BRAND_B4;69
2024;22;Erkek;SEGMENT_B;BRAND_B4;63
2024;23;Erkek;SEGMENT_B;BRAND_B4;58
2024;24;Erkek;SEGMENT_B;BRAND_B4;59
2024;25;Erkek;SEGMENT_B;BRAND_B4;76
2024;26;Erkek;SEGMENT_B;BRAND_B4;74
2024;27;Erkek;SEGMENT_B;BRAND_B4;68
2024;28;Erkek;SEGMENT_B;BRAND_B4;88
2024;29;Erkek;SEGMENT_B;BRAND_B4;92
2024;30;Erkek;SEGMENT_B;BRAND_B4;86
2024;31;Erkek;SEGMENT_B;BRAND_B4;108
2024;32;Erkek;SEGMENT_B;BRAND_B4;77
2024;33;Erkek;SEGMENT_B;BRAND_B4;93
2024;34;Erkek;SEGMENT_B;BRAND_B4;108
2024;35;Erkek;SEGMENT_B;BRAND_B4;92
2024;36;Erkek;SEGMENT_B;BRAND_B4;118
2024;37;Erkek;SEGMENT_B;BRAND_B4;126
2024;38;Erkek;SEGMENT_B;BRAND_B4;84
2024;39;Erkek;SEGMENT_B;BRAND_B4;137
2024;40;Erkek;SEGMENT_B;BRAND_B4;123
2024;41;Erkek;SEGMENT_B;BRAND_B4;111
2024;42;Erkek;SEGMENT_B;BRAND_B4;100
2024;43;Erkek;SEGMENT_B;BRAND_B4;134
2024;44;Erkek;SEGMENT_B;BRAND_B4;104
2024;45;Erkek;SEGMENT_B;BRAND_B4;127
2024;46;Erkek;SEGMENT_B;BRAND_B4;104
2024;47;Erkek;SEGMENT_B;BRAND_B4;160
2024;48;Erkek;SEGMENT_B;BRAND_B4;176
2024;49;Erkek;SEGMENT_B;BRAND_B4;109
2024;50;Erkek;SEGMENT_B;BRAND_B4;135
2024;51;Erkek;SEGMENT_B;BRAND_B4;119
2024;52;Erkek;SEGMENT_B;BRAND_B4;96
2025;1;Erkek;SEGMENT_B;BRAND_B4;90
2025;2;Erkek;SEGMENT_B;BRAND_B4;93
2025;3;Erkek;SEGMENT_B;BRAND_B4;99
2025;4;Erkek;SEGMENT_B;BRAND_B4;117
2025;5;Erkek;SEGMENT_B;BRAND_B4;116
2025;6;Erkek;SEGMENT_B;BRAND_B4;84
2025;7;Erkek;SEGMENT_B;BRAND_B4;81
2025;8;Erkek;SEGMENT_B;BRAND_B4;91
2025;9;Erkek;SEGMENT_B;BRAND_B4;88
2025;10;Erkek;SEGMENT_B;BRAND_B4;90
2025;11;Erkek;SEGMENT_B;BRAND_B4;88
2025;12;Erkek;SEGMENT_B;BRAND_B4;65
2025;13;Erkek;SEGMENT_B;BRAND_B4;59
2025;14;Erkek;SEGMENT_B;BRAND_B4;74
2025;15;Erkek;SEGMENT_B;BRAND_B4;69
2025;16;Erkek;SEGMENT_B;BRAND_B4;52
2025;17;Erkek;SEGMENT_B;BRAND_B4;53
2025;18;Erkek;SEGMENT_B;BRAND_B4;55
2025;19;Erkek;SEGMENT_B;BRAND_B4;70
2025;20;Erkek;SEGMENT_B;BRAND_B4;66
2025;21;Erkek;SEGMENT_B;BRAND_B4;72
2025;22;Erkek;SEGMENT_B;BRAND_B4;61
2025;23;Erkek;SEGMENT_B;BRAND_B4;77
2025;24;Erkek;SEGMENT_B;BRAND_B4;76
2025;25;Erkek;SEGMENT_B;BRAND_B4;82
2025;26;Erkek;SEGMENT_B;BRAND_B4;74
2025;27;Erkek;SEGMENT_B;BRAND_B4;75
2025;28;Erkek;SEGMENT_B;BRAND_B4;72
2025;29;Erkek;SEGMENT_B;BRAND_B4;85
2025;30;Erkek;SEGMENT_B;BRAND_B4;104
2025;31;Erkek;SEGMENT_B;BRAND_B4;112
2025;32;Erkek;SEGMENT_B;BRAND_B4;86
2025;33;Erkek;SEGMENT_B;BRAND_B4;102
2025;34;Erkek;SEGMENT_B;BRAND_B4;128
2025;35;Erkek;SEGMENT_B;BRAND_B4;135
2025;36;Erkek;SEGMENT_B;BRAND_B4;107
2025;37;Erkek;SEGMENT_B;BRAND_B4;132
2025;38;Erkek;SEGMENT_B;BRAND_B4;132
2025;39;Erkek;SEGMENT_B;BRAND_B4;133
2025;40;Erkek;SEGMENT_B;BRAND_B4;100
2025;41;Erkek;SEGMENT_B;BRAND_B4;115
2025;42;Erkek;SEGMENT_B;BRAND_B4;122
2025;43;Erkek;SEGMENT_B;BRAND_B4;122
2025;44;Erkek;SEGMENT_B;BRAND_B4;124
2025;45;Erkek;SEGMENT_B;BRAND_B4;157
2025;46;Erkek;SEGMENT_B;BRAND_B4;120
2025;47;Erkek;SEGMENT_B;BRAND_B4;175
2025;48;Erkek;SEGMENT_B;BRAND_B4;172
2025;49;Erkek;SEGMENT_B;BRAND_B4;120
2025;50;Erkek;SEGMENT_B;BRAND_B4;104
2025;51;Erkek;SEGMENT_B;BRAND_B4;117
2025;52;Erkek;SEGMENT_B;BRAND_B4;89
2026;1;Erkek;SEGMENT_B;BRAND_B4;117
2026;2;Erkek;SEGMENT_B;BRAND_B4;83
2026;3;Erkek;SEGMENT_B;BRAND_B4;109
2026;4;Erkek;SEGMENT_B;BRAND_B4;93
2026;5;Erkek;SEGMENT_B;BRAND_B4;86
2026;6;Erkek;SEGMENT_B;BRAND_B4;103
2026;7;Erkek;SEGMENT_B;BRAND_B4;86
2026;8;Erkek;SEGMENT_B;BRAND_B4;87
2026;9;Erkek;SEGMENT_B;BRAND_B4;69
2026;10;Erkek;SEGMENT_B;BRAND_B4;96
2026;11;Erkek;SEGMENT_B;BRAND_B4;79
2026;12;Erkek;SEGMENT_B;BRAND_B4;77
2026;13;Erkek;SEGMENT_B;BRAND_B4;85
2026;14;Erkek;SEGMENT_B;BRAND_B4;76
2026;15;Erkek;SEGMENT_B;BRAND_B4;52
2026;16;Erkek;SEGMENT_B;BRAND_B4;84
2026;17;Erkek;SEGMENT_B;BRAND_B4;66
2026;18;Erkek;SEGMENT_B;BRAND_B4;82
2026;19;Erkek;SEGMENT_B;BRAND_B4;66
2026;20;Erkek;SEGMENT_B;BRAND_B4;65
2026;21;Erkek;SEGMENT_B;BRAND_B4;75
2026;22;Erkek;SEGMENT_B;BRAND_B4;94
2026;23;Erkek;SEGMENT_B;BRAND_B4;85
2026;24;Erkek;SEGMENT_B;BRAND_B4;82
2026;25;Erkek;SEGMENT_B;BRAND_B4;83
2026;26;Erkek;SEGMENT_B;BRAND_B4;83
2026;27;Erkek;SEGMENT_B;BRAND_B4;101
2026;28;Erkek;SEGMENT_B;BRAND_B4;97
2026;29;Erkek;SEGMENT_B;BRAND_B4;78
2026;30;Erkek;SEGMENT_B;BRAND_B4;85
2026;31;Erkek;SEGMENT_B;BRAND_B4;107
2026;32;Erkek;SEGMENT_B;BRAND_B4;90
2026;33;Erkek;SEGMENT_B;BRAND_B4;108
2026;34;Erkek;SEGMENT_B;BRAND_B4;122
2023;1;Erkek;SEGMENT_C;BRAND_C1;9
2023;2;Erkek;SEGMENT_C;BRAND_C1;9
2023;3;Erkek;SEGMENT_C;BRAND_C1;12
2023;4;Erkek;SEGMENT_C;BRAND_C1;17
2023;5;Erkek;SEGMENT_C;BRAND_C1;15
2023;6;Erkek;SEGMENT_C;BRAND_C1;20
2023;7;Erkek;SEGMENT_C;BRAND_C1;22
2023;8;Erkek;SEGMENT_C;BRAND_C1;23
2023;9;Erkek;SEGMENT_C;BRAND_C1;32
2023;10;Erkek;SEGMENT_C;BRAND_C1;27
2023;11;Erkek;SEGMENT_C;BRAND_C1;42
2023;12;Erkek;SEGMENT_C;BRAND_C1;46
2023;13;Erkek;SEGMENT_C;BRAND_C1;45
2023;14;Erkek;SEGMENT_C;BRAND_C1;47
2023;15;Erkek;SEGMENT_C;BRAND_C1;55
2023;16;Erkek;SEGMENT_C;BRAND_C1;58
2023;17;Erkek;SEGMENT_C;BRAND_C1;66
2023;18;Erkek;SEGMENT_C;BRAND_C1;70
2023;19;Erkek;SEGMENT_C;BRAND_C1;73
2023;20;Erkek;SEGMENT_C;BRAND_C1;67
2023;21;Erkek;SEGMENT_C;BRAND_C1;74
2023;22;Erkek;SEGMENT_C;BRAND_C1;101
2023;23;Erkek;SEGMENT_C;BRAND_C1;86
2023;24;Erkek;SEGMENT_C;BRAND_C1;91
2023;25;Erkek;SEGMENT_C;BRAND_C1;91
2023;26;Erkek;SEGMENT_C;BRAND_C1;115
2023;27;Erkek;SEGMENT_C;BRAND_C1;88
2023;28;Erkek;SEGMENT_C;BRAND_C1;87
2023;29;Erkek;SEGMENT_C;BRAND_C1;102
2023;30;Erkek;SEGMENT_C;BRAND_C1;96
2023;31;Erkek;SEGMENT_C;BRAND_C1;98
2023;32;Erkek;SEGMENT_C;BRAND_C1;95
2023;33;Erkek;SEGMENT_C;BRAND_C1;96
2023;34;Erkek;SEGMENT_C;BRAND_C1;70
2023;35;Erkek;SEGMENT_C;BRAND_C1;82
2023;36;Erkek;SEGMENT_C;BRAND_C1;67
2023;37;Erkek;SEGMENT_C;BRAND_C1;55
2023;38;Erkek;SEGMENT_C;BRAND_C1;68
2023;39;Erkek;SEGMENT_C;BRAND_C1;62
2023;40;Erkek;SEGMENT_C;BRAND_C1;54
2023;41;Erkek;SEGMENT_C;BRAND_C1;55
2023;42;Erkek;SEGMENT_C;BRAND_C1;39
2023;43;Erkek;SEGMENT_C;BRAND_C1;42
2023;44;Erkek;SEGMENT_C;BRAND_C1;33
2023;45;Erkek;SEGMENT_C;BRAND_C1;29
2023;46;Erkek;SEGMENT_C;BRAND_C1;20
2023;47;Erkek;SEGMENT_C;BRAND_C1;33
2023;48;Erkek;SEGMENT_C;BRAND_C1;26
2023;49;Erkek;SEGMENT_C;BRAND_C1;17
2023;50;Erkek;SEGMENT_C;BRAND_C1;12
2023;51;Erkek;SEGMENT_C;BRAND_C1;12
2023;52;Erkek;SEGMENT_C;BRAND_C1;11
2024;1;Erkek;SEGMENT_C;BRAND_C1;11
2024;2;Erkek;SEGMENT_C;BRAND_C1;11
2024;3;Erkek;SEGMENT_C;BRAND_C1;14
2024;4;Erkek;SEGMENT_C;BRAND_C1;16
2024;5;Erkek;SEGMENT_C;BRAND_C1;18
2024;6;Erkek;SEGMENT_C;BRAND_C1;18
2024;7;Erkek;SEGMENT_C;BRAND_C1;23
2024;8;Erkek;SEGMENT_C;BRAND_C1;24
2024;9;Erkek;SEGMENT_C;BRAND_C1;33
2024;10;Erkek;SEGMENT_C;BRAND_C1;33
2024;11;Erkek;SEGMENT_C;BRAND_C1;36
2024;12;Erkek;SEGMENT_C;BRAND_C1;45
2024;13;Erkek;SEGMENT_C;BRAND_C1;57
2024;14;Erkek;SEGMENT_C;BRAND_C1;61
2024;15;Erkek;SEGMENT_C;BRAND_C1;57
2024;16;Erkek;SEGMENT_C;BRAND_C1;79
2024;17;Erkek;SEGMENT_C;BRAND_C1;63
2024;18;Erkek;SEGMENT_C;BRAND_C1;69
2024;19;Erkek;SEGMENT_C;BRAND_C1;88
2024;20;Erkek;SEGMENT_C;BRAND_C1;66
2024;21;Erkek;SEGMENT_C;BRAND_C1;88
2024;22;Erkek;SEGMENT_C;BRAND_C1;88
2024;23;Erkek;SEGMENT_C;BRAND_C1;114
2024;24;Erkek;SEGMENT_C;BRAND_C1;84
2024;25;Erkek;SEGMENT_C;BRAND_C1;87
2024;26;Erkek;SEGMENT_C;BRAND_C1;122
2024;27;Erkek;SEGMENT_C;BRAND_C1;95
2024;28;Erkek;SEGMENT_C;BRAND_C1;113
2024;29;Erkek;SEGMENT_C;BRAND_C1;93
2024;30;Erkek;SEGMENT_C;BRAND_C1;89
2024;31;Erkek;SEGMENT_C;BRAND_C1;109
2024;32;Erkek;SEGMENT_C;BRAND_C1;117
2024;33;Erkek;SEGMENT_C;BRAND_C1;103
2024;34;Erkek;SEGMENT_C;BRAND_C1;79
2024;35;Erkek;SEGMENT_C;BRAND_C1;80
2024;36;Erkek;SEGMENT_C;BRAND_C1;68
2024;37;Erkek;SEGMENT_C;BRAND_C1;64
2024;38;Erkek;SEGMENT_C;BRAND_C1;59
2024;39;Erkek;SEGMENT_C;BRAND_C1;57
2024;40;Erkek;SEGMENT_C;BRAND_C1;56
2024;41;Erkek;SEGMENT_C;BRAND_C1;38
2024;42;Erkek;SEGMENT_C;BRAND_C1;44
2024;43;Erkek;SEGMENT_C;BRAND_C1;43
2024;44;Erkek;SEGMENT_C;BRAND_C1;35
2024;45;Erkek;SEGMENT_C;BRAND_C1;32
2024;46;Erkek;SEGMENT_C;BRAND_C1;28
2024;47;Erkek;SEGMENT_C;BRAND_C1;28
2024;48;Erkek;SEGMENT_C;BRAND_C1;25
2024;49;Erkek;SEGMENT_C;BRAND_C1;23
2024;50;Erkek;SEGMENT_C;BRAND_C1;13
2024;51;Erkek;SEGMENT_C;BRAND_C1;13
2024;52;Erkek;SEGMENT_C;BRAND_C1;9
2025;1;Erkek;SEGMENT_C;BRAND_C1;12
2025;2;Erkek;SEGMENT_C;BRAND_C1;10
2025;3;Erkek;SEGMENT_C;BRAND_C1;12
2025;4;Erkek;SEGMENT_C;BRAND_C1;11
2025;5;Erkek;SEGMENT_C;BRAND_C1;13
2025;6;Erkek;SEGMENT_C;BRAND_C1;18
2025;7;Erkek;SEGMENT_C;BRAND_C1;22
2025;8;Erkek;SEGMENT_C;BRAND_C1;25
2025;9;Erkek;SEGMENT_C;BRAND_C1;32
2025;10;Erkek;SEGMENT_C;BRAND_C1;40
2025;11;Erkek;SEGMENT_C;BRAND_C1;35
2025;12;Erkek;SEGMENT_C;BRAND_C1;44
2025;13;Erkek;SEGMENT_C;BRAND_C1;42
2025;14;Erkek;SEGMENT_C;BRAND_C1;45
2025;15;Erkek;SEGMENT_C;BRAND_C1;62
2025;16;Erkek;SEGMENT_C;BRAND_C1;58
2025;17;Erkek;SEGMENT_C;BRAND_C1;71
2025;18;Erkek;SEGMENT_C;BRAND_C1;78
2025;19;Erkek;SEGMENT_C;BRAND_C1;67
2025;20;Erkek;SEGMENT_C;BRAND_C1;89
2025;21;Erkek;SEGMENT_C;BRAND_C1;101
2025;22;Erkek;SEGMENT_C;BRAND_C1;99
2025;23;Erkek;SEGMENT_C;BRAND_C1;85
2025;24;Erkek;SEGMENT_C;BRAND_C1;97
2025;25;Erkek;SEGMENT_C;BRAND_C1;100
2025;26;Erkek;SEGMENT_C;BRAND_C1;99
2025;27;Erkek;SEGMENT_C;BRAND_C1;86
2025;28;Erkek;SEGMENT_C;BRAND_C1;91
2025;29;Erkek;SEGMENT_C;BRAND_C1;97
2025;30;Erkek;SEGMENT_C;BRAND_C1;100
2025;31;Erkek;SEGMENT_C;BRAND_C1;89
2025;32;Erkek;SEGMENT_C;BRAND_C1;70
2025;33;Erkek;SEGMENT_C;BRAND_C1;71
2025;34;Erkek;SEGMENT_C;BRAND_C1;81
2025;35;Erkek;SEGMENT_C;BRAND_C1;100
2025;36;Erkek;SEGMENT_C;BRAND_C1;80
2025;37;Erkek;SEGMENT_C;BRAND_C1;73
2025;38;Erkek;SEGMENT_C;BRAND_C1;61
2025;39;Erkek;SEGMENT_C;BRAND_C1;58
2025;40;Erkek;SEGMENT_C;BRAND_C1;44
2025;41;Erkek;SEGMENT_C;BRAND_C1;45
2025;42;Erkek;SEGMENT_C;BRAND_C1;47
2025;43;Erkek;SEGMENT_C;BRAND_C1;41
2025;44;Erkek;SEGMENT_C;BRAND_C1;32
2025;45;Erkek;SEGMENT_C;BRAND_C1;30
2025;46;Erkek;SEGMENT_C;BRAND_C1;26
2025;47;Erkek;SEGMENT_C;BRAND_C1;28
2025;48;Erkek;SEGMENT_C;BRAND_C1;27
2025;49;Erkek;SEGMENT_C;BRAND_C1;16
2025;50;Erkek;SEGMENT_C;BRAND_C1;13
2025;51;Erkek;SEGMENT_C;BRAND_C1;10
2025;52;Erkek;SEGMENT_C;BRAND_C1;10
2026;1;Erkek;SEGMENT_C;BRAND_C1;10
2026;2;Erkek;SEGMENT_C;BRAND_C1;10
2026;3;Erkek;SEGMENT_C;BRAND_C1;10
2026;4;Erkek;SEGMENT_C;BRAND_C1;16
2026;5;Erkek;SEGMENT_C;BRAND_C1;19
2026;6;Erkek;SEGMENT_C;BRAND_C1;18
2026;7;Erkek;SEGMENT_C;BRAND_C1;23
2026;8;Erkek;SEGMENT_C;BRAND_C1;28
2026;9;Erkek;SEGMENT_C;BRAND_C1;30
2026;10;Erkek;SEGMENT_C;BRAND_C1;36
2026;11;Erkek;SEGMENT_C;BRAND_C1;43
2026;12;Erkek;SEGMENT_C;BRAND_C1;46
2026;13;Erkek;SEGMENT_C;BRAND_C1;56
2026;14;Erkek;SEGMENT_C;BRAND_C1;52
2026;15;Erkek;SEGMENT_C;BRAND_C1;62
2026;16;Erkek;SEGMENT_C;BRAND_C1;93
2026;17;Erkek;SEGMENT_C;BRAND_C1;82
2026;18;Erkek;SEGMENT_C;BRAND_C1;79
2026;19;Erkek;SEGMENT_C;BRAND_C1;74
2026;20;Erkek;SEGMENT_C;BRAND_C1;87
2026;21;Erkek;SEGMENT_C;BRAND_C1;101
2026;22;Erkek;SEGMENT_C;BRAND_C1;102
2026;23;Erkek;SEGMENT_C;BRAND_C1;78
2026;24;Erkek;SEGMENT_C;BRAND_C1;82
2026;25;Erkek;SEGMENT_C;BRAND_C1;84
2026;26;Erkek;SEGMENT_C;BRAND_C1;108
2026;27;Erkek;SEGMENT_C;BRAND_C1;85
2026;28;Erkek;SEGMENT_C;BRAND_C1;91
2026;29;Erkek;SEGMENT_C;BRAND_C1;99
2026;30;Erkek;SEGMENT_C;BRAND_C1;113
2026;31;Erkek;SEGMENT_C;BRAND_C1;103
2026;32;Erkek;SEGMENT_C;BRAND_C1;91
2026;33;Erkek;SEGMENT_C;BRAND_C1;100
2026;34;Erkek;SEGMENT_C;BRAND_C1;112
2023;1;Erkek;SEGMENT_C;BRAND_C2;17
2023;2;Erkek;SEGMENT_C;BRAND_C2;18
2023;3;Erkek;SEGMENT_C;BRAND_C2;21
2023;4;Erkek;SEGMENT_C;BRAND_C2;21
2023;5;Erkek;SEGMENT_C;BRAND_C2;31
2023;6;Erkek;SEGMENT_C;BRAND_C2;30
2023;7;Erkek;SEGMENT_C;BRAND_C2;45
2023;8;Erkek;SEGMENT_C;BRAND_C2;46
2023;9;Erkek;SEGMENT_C;BRAND_C2;47
2023;10;Erkek;SEGMENT_C;BRAND_C2;73
2023;11;Erkek;SEGMENT_C;BRAND_C2;74
2023;12;Erkek;SEGMENT_C;BRAND_C2;75
2023;13;Erkek;SEGMENT_C;BRAND_C2;81
2023;14;Erkek;SEGMENT_C;BRAND_C2;97
2023;15;Erkek;SEGMENT_C;BRAND_C2;128
2023;16;Erkek;SEGMENT_C;BRAND_C2;129
2023;17;Erkek;SEGMENT_C;BRAND_C2;138
2023;18;Erkek;SEGMENT_C;BRAND_C2;168
2023;19;Erkek;SEGMENT_C;BRAND_C2;151
2023;20;Erkek;SEGMENT_C;BRAND_C2;190
2023;21;Erkek;SEGMENT_C;BRAND_C2;201
2023;22;Erkek;SEGMENT_C;BRAND_C2;141
2023;23;Erkek;SEGMENT_C;BRAND_C2;141
2023;24;Erkek;SEGMENT_C;BRAND_C2;155
2023;25;Erkek;SEGMENT_C;BRAND_C2;205
2023;26;Erkek;SEGMENT_C;BRAND_C2;175
2023;27;Erkek;SEGMENT_C;BRAND_C2;173
2023;28;Erkek;SEGMENT_C;BRAND_C2;199
2023;29;Erkek;SEGMENT_C;BRAND_C2;167
2023;30;Erkek;SEGMENT_C;BRAND_C2;179
2023;31;Erkek;SEGMENT_C;BRAND_C2;184
2023;32;Erkek;SEGMENT_C;BRAND_C2;149
2023;33;Erkek;SEGMENT_C;BRAND_C2;140
2023;34;Erkek;SEGMENT_C;BRAND_C2;154
2023;35;Erkek;SEGMENT_C;BRAND_C2;149
2023;36;Erkek;SEGMENT_C;BRAND_C2;151
2023;37;Erkek;SEGMENT_C;BRAND_C2;162
2023;38;Erkek;SEGMENT_C;BRAND_C2;106
2023;39;Erkek;SEGMENT_C;BRAND_C2;101
2023;40;Erkek;SEGMENT_C;BRAND_C2;126
2023;41;Erkek;SEGMENT_C;BRAND_C2;102
2023;42;Erkek;SEGMENT_C;BRAND_C2;80
2023;43;Erkek;SEGMENT_C;BRAND_C2;83
2023;44;Erkek;SEGMENT_C;BRAND_C2;56
2023;45;Erkek;SEGMENT_C;BRAND_C2;53
2023;46;Erkek;SEGMENT_C;BRAND_C2;34
2023;47;Erkek;SEGMENT_C;BRAND_C2;55
2023;48;Erkek;SEGMENT_C;BRAND_C2;44
2023;49;Erkek;SEGMENT_C;BRAND_C2;28
2023;50;Erkek;SEGMENT_C;BRAND_C2;27
2023;51;Erkek;SEGMENT_C;BRAND_C2;25
2023;52;Erkek;SEGMENT_C;BRAND_C2;19
2024;1;Erkek;SEGMENT_C;BRAND_C2;17
2024;2;Erkek;SEGMENT_C;BRAND_C2;17
2024;3;Erkek;SEGMENT_C;BRAND_C2;17
2024;4;Erkek;SEGMENT_C;BRAND_C2;31
2024;5;Erkek;SEGMENT_C;BRAND_C2;32
2024;6;Erkek;SEGMENT_C;BRAND_C2;36
2024;7;Erkek;SEGMENT_C;BRAND_C2;38
2024;8;Erkek;SEGMENT_C;BRAND_C2;44
2024;9;Erkek;SEGMENT_C;BRAND_C2;62
2024;10;Erkek;SEGMENT_C;BRAND_C2;52
2024;11;Erkek;SEGMENT_C;BRAND_C2;69
2024;12;Erkek;SEGMENT_C;BRAND_C2;95
2024;13;Erkek;SEGMENT_C;BRAND_C2;87
2024;14;Erkek;SEGMENT_C;BRAND_C2;110
2024;15;Erkek;SEGMENT_C;BRAND_C2;110
2024;16;Erkek;SEGMENT_C;BRAND_C2;89
2024;17;Erkek;SEGMENT_C;BRAND_C2;128
2024;18;Erkek;SEGMENT_C;BRAND_C2;141
2024;19;Erkek;SEGMENT_C;BRAND_C2;144
2024;20;Erkek;SEGMENT_C;BRAND_C2;136
2024;21;Erkek;SEGMENT_C;BRAND_C2;159
2024;22;Erkek;SEGMENT_C;BRAND_C2;134
2024;23;Erkek;SEGMENT_C;BRAND_C2;166
2024;24;Erkek;SEGMENT_C;BRAND_C2;195
2024;25;Erkek;SEGMENT_C;BRAND_C2;220
2024;26;Erkek;SEGMENT_C;BRAND_C2;217
2024;27;Erkek;SEGMENT_C;BRAND_C2;162
2024;28;Erkek;SEGMENT_C;BRAND_C2;154
2024;29;Erkek;SEGMENT_C;BRAND_C2;185
2024;30;Erkek;SEGMENT_C;BRAND_C2;179
2024;31;Erkek;SEGMENT_C;BRAND_C2;187
2024;32;Erkek;SEGMENT_C;BRAND_C2;157
2024;33;Erkek;SEGMENT_C;BRAND_C2;164
2024;34;Erkek;SEGMENT_C;BRAND_C2;156
2024;35;Erkek;SEGMENT_C;BRAND_C2;142
2024;36;Erkek;SEGMENT_C;BRAND_C2;115
2024;37;Erkek;SEGMENT_C;BRAND_C2;143
2024;38;Erkek;SEGMENT_C;BRAND_C2;124
2024;39;Erkek;SEGMENT_C;BRAND_C2;123
2024;40;Erkek;SEGMENT_C;BRAND_C2;116
2024;41;Erkek;SEGMENT_C;BRAND_C2;91
2024;42;Erkek;SEGMENT_C;BRAND_C2;90
2024;43;Erkek;SEGMENT_C;BRAND_C2;89
2024;44;Erkek;SEGMENT_C;BRAND_C2;82
2024;45;Erkek;SEGMENT_C;BRAND_C2;58
2024;46;Erkek;SEGMENT_C;BRAND_C2;50
2024;47;Erkek;SEGMENT_C;BRAND_C2;57
2024;48;Erkek;SEGMENT_C;BRAND_C2;50
2024;49;Erkek;SEGMENT_C;BRAND_C2;33
2024;50;Erkek;SEGMENT_C;BRAND_C2;26
2024;51;Erkek;SEGMENT_C;BRAND_C2;29
2024;52;Erkek;SEGMENT_C;BRAND_C2;26
2025;1;Erkek;SEGMENT_C;BRAND_C2;20
2025;2;Erkek;SEGMENT_C;BRAND_C2;21
2025;3;Erkek;SEGMENT_C;BRAND_C2;21
2025;4;Erkek;SEGMENT_C;BRAND_C2;27
2025;5;Erkek;SEGMENT_C;BRAND_C2;29
2025;6;Erkek;SEGMENT_C;BRAND_C2;33
2025;7;Erkek;SEGMENT_C;BRAND_C2;44
2025;8;Erkek;SEGMENT_C;BRAND_C2;42
2025;9;Erkek;SEGMENT_C;BRAND_C2;63
2025;10;Erkek;SEGMENT_C;BRAND_C2;70
2025;11;Erkek;SEGMENT_C;BRAND_C2;90
2025;12;Erkek;SEGMENT_C;BRAND_C2;87
2025;13;Erkek;SEGMENT_C;BRAND_C2;102
2025;14;Erkek;SEGMENT_C;BRAND_C2;79
2025;15;Erkek;SEGMENT_C;BRAND_C2;127
2025;16;Erkek;SEGMENT_C;BRAND_C2;144
2025;17;Erkek;SEGMENT_C;BRAND_C2;136
2025;18;Erkek;SEGMENT_C;BRAND_C2;134
2025;19;Erkek;SEGMENT_C;BRAND_C2;157
2025;20;Erkek;SEGMENT_C;BRAND_C2;179
2025;21;Erkek;SEGMENT_C;BRAND_C2;191
2025;22;Erkek;SEGMENT_C;BRAND_C2;141
2025;23;Erkek;SEGMENT_C;BRAND_C2;253
2025;24;Erkek;SEGMENT_C;BRAND_C2;171
2025;25;Erkek;SEGMENT_C;BRAND_C2;203
2025;26;Erkek;SEGMENT_C;BRAND_C2;222
2025;27;Erkek;SEGMENT_C;BRAND_C2;187
2025;28;Erkek;SEGMENT_C;BRAND_C2;216
2025;29;Erkek;SEGMENT_C;BRAND_C2;152
2025;30;Erkek;SEGMENT_C;BRAND_C2;143
2025;31;Erkek;SEGMENT_C;BRAND_C2;207
2025;32;Erkek;SEGMENT_C;BRAND_C2;197
2025;33;Erkek;SEGMENT_C;BRAND_C2;224
2025;34;Erkek;SEGMENT_C;BRAND_C2;169
2025;35;Erkek;SEGMENT_C;BRAND_C2;171
2025;36;Erkek;SEGMENT_C;BRAND_C2;177
2025;37;Erkek;SEGMENT_C;BRAND_C2;160
2025;38;Erkek;SEGMENT_C;BRAND_C2;125
2025;39;Erkek;SEGMENT_C;BRAND_C2;119
2025;40;Erkek;SEGMENT_C;BRAND_C2;102
2025;41;Erkek;SEGMENT_C;BRAND_C2;91
2025;42;Erkek;SEGMENT_C;BRAND_C2;94
2025;43;Erkek;SEGMENT_C;BRAND_C2;73
2025;44;Erkek;SEGMENT_C;BRAND_C2;73
2025;45;Erkek;SEGMENT_C;BRAND_C2;57
2025;46;Erkek;SEGMENT_C;BRAND_C2;49
2025;47;Erkek;SEGMENT_C;BRAND_C2;51
2025;48;Erkek;SEGMENT_C;BRAND_C2;53
2025;49;Erkek;SEGMENT_C;BRAND_C2;25
2025;50;Erkek;SEGMENT_C;BRAND_C2;30
2025;51;Erkek;SEGMENT_C;BRAND_C2;31
2025;52;Erkek;SEGMENT_C;BRAND_C2;22
2026;1;Erkek;SEGMENT_C;BRAND_C2;21
2026;2;Erkek;SEGMENT_C;BRAND_C2;18
2026;3;Erkek;SEGMENT_C;BRAND_C2;22
2026;4;Erkek;SEGMENT_C;BRAND_C2;30
2026;5;Erkek;SEGMENT_C;BRAND_C2;35
2026;6;Erkek;SEGMENT_C;BRAND_C2;37
2026;7;Erkek;SEGMENT_C;BRAND_C2;47
2026;8;Erkek;SEGMENT_C;BRAND_C2;45
2026;9;Erkek;SEGMENT_C;BRAND_C2;61
2026;10;Erkek;SEGMENT_C;BRAND_C2;80
2026;11;Erkek;SEGMENT_C;BRAND_C2;82
2026;12;Erkek;SEGMENT_C;BRAND_C2;105
2026;13;Erkek;SEGMENT_C;BRAND_C2;118
2026;14;Erkek;SEGMENT_C;BRAND_C2;113
2026;15;Erkek;SEGMENT_C;BRAND_C2;80
2026;16;Erkek;SEGMENT_C;BRAND_C2;145
2026;17;Erkek;SEGMENT_C;BRAND_C2;118
2026;18;Erkek;SEGMENT_C;BRAND_C2;107
2026;19;Erkek;SEGMENT_C;BRAND_C2;123
2026;20;Erkek;SEGMENT_C;BRAND_C2;188
2026;21;Erkek;SEGMENT_C;BRAND_C2;181
2026;22;Erkek;SEGMENT_C;BRAND_C2;182
2026;23;Erkek;SEGMENT_C;BRAND_C2;196
2026;24;Erkek;SEGMENT_C;BRAND_C2;150
2026;25;Erkek;SEGMENT_C;BRAND_C2;185
2026;26;Erkek;SEGMENT_C;BRAND_C2;177
2026;27;Erkek;SEGMENT_C;BRAND_C2;196
2026;28;Erkek;SEGMENT_C;BRAND_C2;196
2026;29;Erkek;SEGMENT_C;BRAND_C2;204
2026;30;Erkek;SEGMENT_C;BRAND_C2;204
2026;31;Erkek;SEGMENT_C;BRAND_C2;147
2026;32;Erkek;SEGMENT_C;BRAND_C2;173
2026;33;Erkek;SEGMENT_C;BRAND_C2;171
2026;34;Erkek;SEGMENT_C;BRAND_C2;141
2023;1;Erkek;SEGMENT_C;BRAND_C3;20
2023;2;Erkek;SEGMENT_C;BRAND_C3;21
2023;3;Erkek;SEGMENT_C;BRAND_C3;31
2023;4;Erkek;SEGMENT_C;BRAND_C3;26
2023;5;Erkek;SEGMENT_C;BRAND_C3;31
2023;6;Erkek;SEGMENT_C;BRAND_C3;44
2023;7;Erkek;SEGMENT_C;BRAND_C3;53
2023;8;Erkek;SEGMENT_C;BRAND_C3;59
2023;9;Erkek;SEGMENT_C;BRAND_C3;61
2023;10;Erkek;SEGMENT_C;BRAND_C3;68
2023;11;Erkek;SEGMENT_C;BRAND_C3;92
2023;12;Erkek;SEGMENT_C;BRAND_C3;149
2023;13;Erkek;SEGMENT_C;BRAND_C3;113
2023;14;Erkek;SEGMENT_C;BRAND_C3;121
2023;15;Erkek;SEGMENT_C;BRAND_C3;155
2023;16;Erkek;SEGMENT_C;BRAND_C3;148
2023;17;Erkek;SEGMENT_C;BRAND_C3;138
2023;18;Erkek;SEGMENT_C;BRAND_C3;167
2023;19;Erkek;SEGMENT_C;BRAND_C3;199
2023;20;Erkek;SEGMENT_C;BRAND_C3;190
2023;21;Erkek;SEGMENT_C;BRAND_C3;218
2023;22;Erkek;SEGMENT_C;BRAND_C3;232
2023;23;Erkek;SEGMENT_C;BRAND_C3;214
2023;24;Erkek;SEGMENT_C;BRAND_C3;223
2023;25;Erkek;SEGMENT_C;BRAND_C3;219
2023;26;Erkek;SEGMENT_C;BRAND_C3;246
2023;27;Erkek;SEGMENT_C;BRAND_C3;221
2023;28;Erkek;SEGMENT_C;BRAND_C3;243
2023;29;Erkek;SEGMENT_C;BRAND_C3;234
2023;30;Erkek;SEGMENT_C;BRAND_C3;179
2023;31;Erkek;SEGMENT_C;BRAND_C3;233
2023;32;Erkek;SEGMENT_C;BRAND_C3;216
2023;33;Erkek;SEGMENT_C;BRAND_C3;239
2023;34;Erkek;SEGMENT_C;BRAND_C3;170
2023;35;Erkek;SEGMENT_C;BRAND_C3;192
2023;36;Erkek;SEGMENT_C;BRAND_C3;166
2023;37;Erkek;SEGMENT_C;BRAND_C3;133
2023;38;Erkek;SEGMENT_C;BRAND_C3;119
2023;39;Erkek;SEGMENT_C;BRAND_C3;169
2023;40;Erkek;SEGMENT_C;BRAND_C3;132
2023;41;Erkek;SEGMENT_C;BRAND_C3;113
2023;42;Erkek;SEGMENT_C;BRAND_C3;86
2023;43;Erkek;SEGMENT_C;BRAND_C3;109
2023;44;Erkek;SEGMENT_C;BRAND_C3;74
2023;45;Erkek;SEGMENT_C;BRAND_C3;72
2023;46;Erkek;SEGMENT_C;BRAND_C3;61
2023;47;Erkek;SEGMENT_C;BRAND_C3;88
2023;48;Erkek;SEGMENT_C;BRAND_C3;59
2023;49;Erkek;SEGMENT_C;BRAND_C3;35
2023;50;Erkek;SEGMENT_C;BRAND_C3;33
2023;51;Erkek;SEGMENT_C;BRAND_C3;30
2023;52;Erkek;SEGMENT_C;BRAND_C3;37
2024;1;Erkek;SEGMENT_C;BRAND_C3;25
2024;2;Erkek;SEGMENT_C;BRAND_C3;23
2024;3;Erkek;SEGMENT_C;BRAND_C3;27
2024;4;Erkek;SEGMENT_C;BRAND_C3;33
2024;5;Erkek;SEGMENT_C;BRAND_C3;39
2024;6;Erkek;SEGMENT_C;BRAND_C3;36
2024;7;Erkek;SEGMENT_C;BRAND_C3;49
2024;8;Erkek;SEGMENT_C;BRAND_C3;76
2024;9;Erkek;SEGMENT_C;BRAND_C3;63
2024;10;Erkek;SEGMENT_C;BRAND_C3;90
2024;11;Erkek;SEGMENT_C;BRAND_C3;89
2024;12;Erkek;SEGMENT_C;BRAND_C3;105
2024;13;Erkek;SEGMENT_C;BRAND_C3;97
2024;14;Erkek;SEGMENT_C;BRAND_C3;126
2024;15;Erkek;SEGMENT_C;BRAND_C3;147
2024;16;Erkek;SEGMENT_C;BRAND_C3;154
2024;17;Erkek;SEGMENT_C;BRAND_C3;163
2024;18;Erkek;SEGMENT_C;BRAND_C3;191
2024;19;Erkek;SEGMENT_C;BRAND_C3;161
2024;20;Erkek;SEGMENT_C;BRAND_C3;206
2024;21;Erkek;SEGMENT_C;BRAND_C3;161
2024;22;Erkek;SEGMENT_C;BRAND_C3;249
2024;23;Erkek;SEGMENT_C;BRAND_C3;218
2024;24;Erkek;SEGMENT_C;BRAND_C3;251
2024;25;Erkek;SEGMENT_C;BRAND_C3;166
2024;26;Erkek;SEGMENT_C;BRAND_C3;253
2024;27;Erkek;SEGMENT_C;BRAND_C3;214
2024;28;Erkek;SEGMENT_C;BRAND_C3;235
2024;29;Erkek;SEGMENT_C;BRAND_C3;251
2024;30;Erkek;SEGMENT_C;BRAND_C3;226
2024;31;Erkek;SEGMENT_C;BRAND_C3;238
2024;32;Erkek;SEGMENT_C;BRAND_C3;208
2024;33;Erkek;SEGMENT_C;BRAND_C3;244
2024;34;Erkek;SEGMENT_C;BRAND_C3;196
2024;35;Erkek;SEGMENT_C;BRAND_C3;187
2024;36;Erkek;SEGMENT_C;BRAND_C3;177
2024;37;Erkek;SEGMENT_C;BRAND_C3;168
2024;38;Erkek;SEGMENT_C;BRAND_C3;134
2024;39;Erkek;SEGMENT_C;BRAND_C3;128
2024;40;Erkek;SEGMENT_C;BRAND_C3;147
2024;41;Erkek;SEGMENT_C;BRAND_C3;130
2024;42;Erkek;SEGMENT_C;BRAND_C3;116
2024;43;Erkek;SEGMENT_C;BRAND_C3;99
2024;44;Erkek;SEGMENT_C;BRAND_C3;77
2024;45;Erkek;SEGMENT_C;BRAND_C3;66
2024;46;Erkek;SEGMENT_C;BRAND_C3;61
2024;47;Erkek;SEGMENT_C;BRAND_C3;81
2024;48;Erkek;SEGMENT_C;BRAND_C3;62
2024;49;Erkek;SEGMENT_C;BRAND_C3;34
2024;50;Erkek;SEGMENT_C;BRAND_C3;27
2024;51;Erkek;SEGMENT_C;BRAND_C3;32
2024;52;Erkek;SEGMENT_C;BRAND_C3;32
2025;1;Erkek;SEGMENT_C;BRAND_C3;21
2025;2;Erkek;SEGMENT_C;BRAND_C3;30
2025;3;Erkek;SEGMENT_C;BRAND_C3;30
2025;4;Erkek;SEGMENT_C;BRAND_C3;30
2025;5;Erkek;SEGMENT_C;BRAND_C3;39
2025;6;Erkek;SEGMENT_C;BRAND_C3;39
2025;7;Erkek;SEGMENT_C;BRAND_C3;51
2025;8;Erkek;SEGMENT_C;BRAND_C3;62
2025;9;Erkek;SEGMENT_C;BRAND_C3;84
2025;10;Erkek;SEGMENT_C;BRAND_C3;80
2025;11;Erkek;SEGMENT_C;BRAND_C3;87
2025;12;Erkek;SEGMENT_C;BRAND_C3;111
2025;13;Erkek;SEGMENT_C;BRAND_C3;128
2025;14;Erkek;SEGMENT_C;BRAND_C3;121
2025;15;Erkek;SEGMENT_C;BRAND_C3;128
2025;16;Erkek;SEGMENT_C;BRAND_C3;140
2025;17;Erkek;SEGMENT_C;BRAND_C3;198
2025;18;Erkek;SEGMENT_C;BRAND_C3;193
2025;19;Erkek;SEGMENT_C;BRAND_C3;185
2025;20;Erkek;SEGMENT_C;BRAND_C3;231
2025;21;Erkek;SEGMENT_C;BRAND_C3;194
2025;22;Erkek;SEGMENT_C;BRAND_C3;218
2025;23;Erkek;SEGMENT_C;BRAND_C3;197
2025;24;Erkek;SEGMENT_C;BRAND_C3;262
2025;25;Erkek;SEGMENT_C;BRAND_C3;214
2025;26;Erkek;SEGMENT_C;BRAND_C3;217
2025;27;Erkek;SEGMENT_C;BRAND_C3;250
2025;28;Erkek;SEGMENT_C;BRAND_C3;183
2025;29;Erkek;SEGMENT_C;BRAND_C3;201
2025;30;Erkek;SEGMENT_C;BRAND_C3;253
2025;31;Erkek;SEGMENT_C;BRAND_C3;202
2025;32;Erkek;SEGMENT_C;BRAND_C3;294
2025;33;Erkek;SEGMENT_C;BRAND_C3;217
2025;34;Erkek;SEGMENT_C;BRAND_C3;165
2025;35;Erkek;SEGMENT_C;BRAND_C3;144
2025;36;Erkek;SEGMENT_C;BRAND_C3;220
2025;37;Erkek;SEGMENT_C;BRAND_C3;174
2025;38;Erkek;SEGMENT_C;BRAND_C3;155
2025;39;Erkek;SEGMENT_C;BRAND_C3;149
2025;40;Erkek;SEGMENT_C;BRAND_C3;108
2025;41;Erkek;SEGMENT_C;BRAND_C3;120
2025;42;Erkek;SEGMENT_C;BRAND_C3;97
2025;43;Erkek;SEGMENT_C;BRAND_C3;94
2025;44;Erkek;SEGMENT_C;BRAND_C3;79
2025;45;Erkek;SEGMENT_C;BRAND_C3;73
2025;46;Erkek;SEGMENT_C;BRAND_C3;60
2025;47;Erkek;SEGMENT_C;BRAND_C3;68
2025;48;Erkek;SEGMENT_C;BRAND_C3;54
2025;49;Erkek;SEGMENT_C;BRAND_C3;31
2025;50;Erkek;SEGMENT_C;BRAND_C3;26
2025;51;Erkek;SEGMENT_C;BRAND_C3;25
2025;52;Erkek;SEGMENT_C;BRAND_C3;29
2026;1;Erkek;SEGMENT_C;BRAND_C3;23
2026;2;Erkek;SEGMENT_C;BRAND_C3;25
2026;3;Erkek;SEGMENT_C;BRAND_C3;27
2026;4;Erkek;SEGMENT_C;BRAND_C3;32
2026;5;Erkek;SEGMENT_C;BRAND_C3;41
2026;6;Erkek;SEGMENT_C;BRAND_C3;44
2026;7;Erkek;SEGMENT_C;BRAND_C3;59
2026;8;Erkek;SEGMENT_C;BRAND_C3;53
2026;9;Erkek;SEGMENT_C;BRAND_C3;80
2026;10;Erkek;SEGMENT_C;BRAND_C3;100
2026;11;Erkek;SEGMENT_C;BRAND_C3;95
2026;12;Erkek;SEGMENT_C;BRAND_C3;95
2026;13;Erkek;SEGMENT_C;BRAND_C3;128
2026;14;Erkek;SEGMENT_C;BRAND_C3;134
2026;15;Erkek;SEGMENT_C;BRAND_C3;152
2026;16;Erkek;SEGMENT_C;BRAND_C3;178
2026;17;Erkek;SEGMENT_C;BRAND_C3;164
2026;18;Erkek;SEGMENT_C;BRAND_C3;173
2026;19;Erkek;SEGMENT_C;BRAND_C3;270
2026;20;Erkek;SEGMENT_C;BRAND_C3;219
2026;21;Erkek;SEGMENT_C;BRAND_C3;245
2026;22;Erkek;SEGMENT_C;BRAND_C3;246
2026;23;Erkek;SEGMENT_C;BRAND_C3;262
2026;24;Erkek;SEGMENT_C;BRAND_C3;245
2026;25;Erkek;SEGMENT_C;BRAND_C3;268
2026;26;Erkek;SEGMENT_C;BRAND_C3;223
2026;27;Erkek;SEGMENT_C;BRAND_C3;198
2026;28;Erkek;SEGMENT_C;BRAND_C3;217
2026;29;Erkek;SEGMENT_C;BRAND_C3;235
2026;30;Erkek;SEGMENT_C;BRAND_C3;228
2026;31;Erkek;SEGMENT_C;BRAND_C3;231
2026;32;Erkek;SEGMENT_C;BRAND_C3;205
2026;33;Erkek;SEGMENT_C;BRAND_C3;169
2026;34;Erkek;SEGMENT_C;BRAND_C3;197
2023;1;Erkek;SEGMENT_C;BRAND_C4;11
2023;2;Erkek;SEGMENT_C;BRAND_C4;14
2023;3;Erkek;SEGMENT_C;BRAND_C4;12
2023;4;Erkek;SEGMENT_C;BRAND_C4;17
2023;5;Erkek;SEGMENT_C;BRAND_C4;18
2023;6;Erkek;SEGMENT_C;BRAND_C4;20
2023;7;Erkek;SEGMENT_C;BRAND_C4;23
2023;8;Erkek;SEGMENT_C;BRAND_C4;23
2023;9;Erkek;SEGMENT_C;BRAND_C4;36
2023;10;Erkek;SEGMENT_C;BRAND_C4;36
2023;11;Erkek;SEGMENT_C;BRAND_C4;40
2023;12;Erkek;SEGMENT_C;BRAND_C4;57
2023;13;Erkek;SEGMENT_C;BRAND_C4;42
2023;14;Erkek;SEGMENT_C;BRAND_C4;57
2023;15;Erkek;SEGMENT_C;BRAND_C4;83
2023;16;Erkek;SEGMENT_C;BRAND_C4;73
2023;17;Erkek;SEGMENT_C;BRAND_C4;66
2023;18;Erkek;SEGMENT_C;BRAND_C4;90
2023;19;Erkek;SEGMENT_C;BRAND_C4;86
2023;20;Erkek;SEGMENT_C;BRAND_C4;77
2023;21;Erkek;SEGMENT_C;BRAND_C4;102
2023;22;Erkek;SEGMENT_C;BRAND_C4;104
2023;23;Erkek;SEGMENT_C;BRAND_C4;107
2023;24;Erkek;SEGMENT_C;BRAND_C4;116
2023;25;Erkek;SEGMENT_C;BRAND_C4;96
2023;26;Erkek;SEGMENT_C;BRAND_C4;116
2023;27;Erkek;SEGMENT_C;BRAND_C4;114
2023;28;Erkek;SEGMENT_C;BRAND_C4;128
2023;29;Erkek;SEGMENT_C;BRAND_C4;101
2023;30;Erkek;SEGMENT_C;BRAND_C4;127
2023;31;Erkek;SEGMENT_C;BRAND_C4;118
2023;32;Erkek;SEGMENT_C;BRAND_C4;102
2023;33;Erkek;SEGMENT_C;BRAND_C4;100
2023;34;Erkek;SEGMENT_C;BRAND_C4;73
2023;35;Erkek;SEGMENT_C;BRAND_C4;91
2023;36;Erkek;SEGMENT_C;BRAND_C4;94
2023;37;Erkek;SEGMENT_C;BRAND_C4;77
2023;38;Erkek;SEGMENT_C;BRAND_C4;85
2023;39;Erkek;SEGMENT_C;BRAND_C4;72
2023;40;Erkek;SEGMENT_C;BRAND_C4;80
2023;41;Erkek;SEGMENT_C;BRAND_C4;52
2023;42;Erkek;SEGMENT_C;BRAND_C4;54
2023;43;Erkek;SEGMENT_C;BRAND_C4;38
2023;44;Erkek;SEGMENT_C;BRAND_C4;38
2023;45;Erkek;SEGMENT_C;BRAND_C4;36
2023;46;Erkek;SEGMENT_C;BRAND_C4;32
2023;47;Erkek;SEGMENT_C;BRAND_C4;32
2023;48;Erkek;SEGMENT_C;BRAND_C4;33
2023;49;Erkek;SEGMENT_C;BRAND_C4;21
2023;50;Erkek;SEGMENT_C;BRAND_C4;14
2023;51;Erkek;SEGMENT_C;BRAND_C4;13
2023;52;Erkek;SEGMENT_C;BRAND_C4;12
2024;1;Erkek;SEGMENT_C;BRAND_C4;11
2024;2;Erkek;SEGMENT_C;BRAND_C4;15
2024;3;Erkek;SEGMENT_C;BRAND_C4;16
2024;4;Erkek;SEGMENT_C;BRAND_C4;15
2024;5;Erkek;SEGMENT_C;BRAND_C4;19
2024;6;Erkek;SEGMENT_C;BRAND_C4;24
2024;7;Erkek;SEGMENT_C;BRAND_C4;26
2024;8;Erkek;SEGMENT_C;BRAND_C4;28
2024;9;Erkek;SEGMENT_C;BRAND_C4;31
2024;10;Erkek;SEGMENT_C;BRAND_C4;43
2024;11;Erkek;SEGMENT_C;BRAND_C4;38
2024;12;Erkek;SEGMENT_C;BRAND_C4;49
2024;13;Erkek;SEGMENT_C;BRAND_C4;54
2024;14;Erkek;SEGMENT_C;BRAND_C4;54
2024;15;Erkek;SEGMENT_C;BRAND_C4;68
2024;16;Erkek;SEGMENT_C;BRAND_C4;74
2024;17;Erkek;SEGMENT_C;BRAND_C4;73
2024;18;Erkek;SEGMENT_C;BRAND_C4;102
2024;19;Erkek;SEGMENT_C;BRAND_C4;101
2024;20;Erkek;SEGMENT_C;BRAND_C4;97
2024;21;Erkek;SEGMENT_C;BRAND_C4;113
2024;22;Erkek;SEGMENT_C;BRAND_C4;121
2024;23;Erkek;SEGMENT_C;BRAND_C4;128
2024;24;Erkek;SEGMENT_C;BRAND_C4;102
2024;25;Erkek;SEGMENT_C;BRAND_C4;126
2024;26;Erkek;SEGMENT_C;BRAND_C4;112
2024;27;Erkek;SEGMENT_C;BRAND_C4;117
2024;28;Erkek;SEGMENT_C;BRAND_C4;106
2024;29;Erkek;SEGMENT_C;BRAND_C4;113
2024;30;Erkek;SEGMENT_C;BRAND_C4;124
2024;31;Erkek;SEGMENT_C;BRAND_C4;133
2024;32;Erkek;SEGMENT_C;BRAND_C4;104
2024;33;Erkek;SEGMENT_C;BRAND_C4;91
2024;34;Erkek;SEGMENT_C;BRAND_C4;122
2024;35;Erkek;SEGMENT_C;BRAND_C4;85
2024;36;Erkek;SEGMENT_C;BRAND_C4;72
2024;37;Erkek;SEGMENT_C;BRAND_C4;76
2024;38;Erkek;SEGMENT_C;BRAND_C4;58
2024;39;Erkek;SEGMENT_C;BRAND_C4;80
2024;40;Erkek;SEGMENT_C;BRAND_C4;51
2024;41;Erkek;SEGMENT_C;BRAND_C4;52
2024;42;Erkek;SEGMENT_C;BRAND_C4;45
2024;43;Erkek;SEGMENT_C;BRAND_C4;46
2024;44;Erkek;SEGMENT_C;BRAND_C4;49
2024;45;Erkek;SEGMENT_C;BRAND_C4;37
2024;46;Erkek;SEGMENT_C;BRAND_C4;25
2024;47;Erkek;SEGMENT_C;BRAND_C4;45
2024;48;Erkek;SEGMENT_C;BRAND_C4;30
2024;49;Erkek;SEGMENT_C;BRAND_C4;21
2024;50;Erkek;SEGMENT_C;BRAND_C4;13
2024;51;Erkek;SEGMENT_C;BRAND_C4;18
2024;52;Erkek;SEGMENT_C;BRAND_C4;12
2025;1;Erkek;SEGMENT_C;BRAND_C4;10
2025;2;Erkek;SEGMENT_C;BRAND_C4;13
2025;3;Erkek;SEGMENT_C;BRAND_C4;16
2025;4;Erkek;SEGMENT_C;BRAND_C4;17
2025;5;Erkek;SEGMENT_C;BRAND_C4;20
2025;6;Erkek;SEGMENT_C;BRAND_C4;23
2025;7;Erkek;SEGMENT_C;BRAND_C4;26
2025;8;Erkek;SEGMENT_C;BRAND_C4;25
2025;9;Erkek;SEGMENT_C;BRAND_C4;34
2025;10;Erkek;SEGMENT_C;BRAND_C4;39
2025;11;Erkek;SEGMENT_C;BRAND_C4;54
2025;12;Erkek;SEGMENT_C;BRAND_C4;59
2025;13;Erkek;SEGMENT_C;BRAND_C4;55
2025;14;Erkek;SEGMENT_C;BRAND_C4;71
2025;15;Erkek;SEGMENT_C;BRAND_C4;70
2025;16;Erkek;SEGMENT_C;BRAND_C4;63
2025;17;Erkek;SEGMENT_C;BRAND_C4;63
2025;18;Erkek;SEGMENT_C;BRAND_C4;96
2025;19;Erkek;SEGMENT_C;BRAND_C4;83
2025;20;Erkek;SEGMENT_C;BRAND_C4;87
2025;21;Erkek;SEGMENT_C;BRAND_C4;95
2025;22;Erkek;SEGMENT_C;BRAND_C4;117
2025;23;Erkek;SEGMENT_C;BRAND_C4;126
2025;24;Erkek;SEGMENT_C;BRAND_C4;129
2025;25;Erkek;SEGMENT_C;BRAND_C4;93
2025;26;Erkek;SEGMENT_C;BRAND_C4;106
2025;27;Erkek;SEGMENT_C;BRAND_C4;105
2025;28;Erkek;SEGMENT_C;BRAND_C4;126
2025;29;Erkek;SEGMENT_C;BRAND_C4;94
2025;30;Erkek;SEGMENT_C;BRAND_C4;104
2025;31;Erkek;SEGMENT_C;BRAND_C4;109
2025;32;Erkek;SEGMENT_C;BRAND_C4;118
2025;33;Erkek;SEGMENT_C;BRAND_C4;104
2025;34;Erkek;SEGMENT_C;BRAND_C4;104
2025;35;Erkek;SEGMENT_C;BRAND_C4;93
2025;36;Erkek;SEGMENT_C;BRAND_C4;100
2025;37;Erkek;SEGMENT_C;BRAND_C4;95
2025;38;Erkek;SEGMENT_C;BRAND_C4;82
2025;39;Erkek;SEGMENT_C;BRAND_C4;81
2025;40;Erkek;SEGMENT_C;BRAND_C4;90
2025;41;Erkek;SEGMENT_C;BRAND_C4;64
2025;42;Erkek;SEGMENT_C;BRAND_C4;52
2025;43;Erkek;SEGMENT_C;BRAND_C4;49
2025;44;Erkek;SEGMENT_C;BRAND_C4;47
2025;45;Erkek;SEGMENT_C;BRAND_C4;34
2025;46;Erkek;SEGMENT_C;BRAND_C4;26
2025;47;Erkek;SEGMENT_C;BRAND_C4;33
2025;48;Erkek;SEGMENT_C;BRAND_C4;31
2025;49;Erkek;SEGMENT_C;BRAND_C4;19
2025;50;Erkek;SEGMENT_C;BRAND_C4;14
2025;51;Erkek;SEGMENT_C;BRAND_C4;14
2025;52;Erkek;SEGMENT_C;BRAND_C4;16
2026;1;Erkek;SEGMENT_C;BRAND_C4;13
2026;2;Erkek;SEGMENT_C;BRAND_C4;11
2026;3;Erkek;SEGMENT_C;BRAND_C4;15
2026;4;Erkek;SEGMENT_C;BRAND_C4;16
2026;5;Erkek;SEGMENT_C;BRAND_C4;24
2026;6;Erkek;SEGMENT_C;BRAND_C4;24
2026;7;Erkek;SEGMENT_C;BRAND_C4;24
2026;8;Erkek;SEGMENT_C;BRAND_C4;33
2026;9;Erkek;SEGMENT_C;BRAND_C4;37
2026;10;Erkek;SEGMENT_C;BRAND_C4;48
2026;11;Erkek;SEGMENT_C;BRAND_C4;44
2026;12;Erkek;SEGMENT_C;BRAND_C4;57
2026;13;Erkek;SEGMENT_C;BRAND_C4;49
2026;14;Erkek;SEGMENT_C;BRAND_C4;67
2026;15;Erkek;SEGMENT_C;BRAND_C4;63
2026;16;Erkek;SEGMENT_C;BRAND_C4;80
2026;17;Erkek;SEGMENT_C;BRAND_C4;89
2026;18;Erkek;SEGMENT_C;BRAND_C4;96
2026;19;Erkek;SEGMENT_C;BRAND_C4;90
2026;20;Erkek;SEGMENT_C;BRAND_C4;103
2026;21;Erkek;SEGMENT_C;BRAND_C4;122
2026;22;Erkek;SEGMENT_C;BRAND_C4;136
2026;23;Erkek;SEGMENT_C;BRAND_C4;116
2026;24;Erkek;SEGMENT_C;BRAND_C4;134
2026;25;Erkek;SEGMENT_C;BRAND_C4;106
2026;26;Erkek;SEGMENT_C;BRAND_C4;114
2026;27;Erkek;SEGMENT_C;BRAND_C4;124
2026;28;Erkek;SEGMENT_C;BRAND_C4;118
2026;29;Erkek;SEGMENT_C;BRAND_C4;115
2026;30;Erkek;SEGMENT_C;BRAND_C4;132
2026;31;Erkek;SEGMENT_C;BRAND_C4;101
2026;32;Erkek;SEGMENT_C;BRAND_C4;99
2026;33;Erkek;SEGMENT_C;BRAND_C4;91
2026;34;Erkek;SEGMENT_C;BRAND_C4;106
2023;1;Erkek;SEGMENT_D;BRAND_D1;171
2023;2;Erkek;SEGMENT_D;BRAND_D1;159
2023;3;Erkek;SEGMENT_D;BRAND_D1;147
2023;4;Erkek;SEGMENT_D;BRAND_D1;147
2023;5;Erkek;SEGMENT_D;BRAND_D1;123
2023;6;Erkek;SEGMENT_D;BRAND_D1;161
2023;7;Erkek;SEGMENT_D;BRAND_D1;145
2023;8;Erkek;SEGMENT_D;BRAND_D1;193
2023;9;Erkek;SEGMENT_D;BRAND_D1;165
2023;10;Erkek;SEGMENT_D;BRAND_D1;146
2023;11;Erkek;SEGMENT_D;BRAND_D1;206
2023;12;Erkek;SEGMENT_D;BRAND_D1;176
2023;13;Erkek;SEGMENT_D;BRAND_D1;194
2023;14;Erkek;SEGMENT_D;BRAND_D1;171
2023;15;Erkek;SEGMENT_D;BRAND_D1;217
2023;16;Erkek;SEGMENT_D;BRAND_D1;169
2023;17;Erkek;SEGMENT_D;BRAND_D1;181
2023;18;Erkek;SEGMENT_D;BRAND_D1;153
2023;19;Erkek;SEGMENT_D;BRAND_D1;222
2023;20;Erkek;SEGMENT_D;BRAND_D1;176
2023;21;Erkek;SEGMENT_D;BRAND_D1;198
2023;22;Erkek;SEGMENT_D;BRAND_D1;202
2023;23;Erkek;SEGMENT_D;BRAND_D1;218
2023;24;Erkek;SEGMENT_D;BRAND_D1;196
2023;25;Erkek;SEGMENT_D;BRAND_D1;188
2023;26;Erkek;SEGMENT_D;BRAND_D1;213
2023;27;Erkek;SEGMENT_D;BRAND_D1;198
2023;28;Erkek;SEGMENT_D;BRAND_D1;182
2023;29;Erkek;SEGMENT_D;BRAND_D1;218
2023;30;Erkek;SEGMENT_D;BRAND_D1;196
2023;31;Erkek;SEGMENT_D;BRAND_D1;157
2023;32;Erkek;SEGMENT_D;BRAND_D1;218
2023;33;Erkek;SEGMENT_D;BRAND_D1;167
2023;34;Erkek;SEGMENT_D;BRAND_D1;203
2023;35;Erkek;SEGMENT_D;BRAND_D1;148
2023;36;Erkek;SEGMENT_D;BRAND_D1;196
2023;37;Erkek;SEGMENT_D;BRAND_D1;150
2023;38;Erkek;SEGMENT_D;BRAND_D1;176
2023;39;Erkek;SEGMENT_D;BRAND_D1;180
2023;40;Erkek;SEGMENT_D;BRAND_D1;164
2023;41;Erkek;SEGMENT_D;BRAND_D1;169
2023;42;Erkek;SEGMENT_D;BRAND_D1;148
2023;43;Erkek;SEGMENT_D;BRAND_D1;185
2023;44;Erkek;SEGMENT_D;BRAND_D1;172
2023;45;Erkek;SEGMENT_D;BRAND_D1;151
2023;46;Erkek;SEGMENT_D;BRAND_D1;173
2023;47;Erkek;SEGMENT_D;BRAND_D1;235
2023;48;Erkek;SEGMENT_D;BRAND_D1;229
2023;49;Erkek;SEGMENT_D;BRAND_D1;128
2023;50;Erkek;SEGMENT_D;BRAND_D1;163
2023;51;Erkek;SEGMENT_D;BRAND_D1;191
2023;52;Erkek;SEGMENT_D;BRAND_D1;186
2024;1;Erkek;SEGMENT_D;BRAND_D1;187
2024;2;Erkek;SEGMENT_D;BRAND_D1;184
2024;3;Erkek;SEGMENT_D;BRAND_D1;203
2024;4;Erkek;SEGMENT_D;BRAND_D1;171
2024;5;Erkek;SEGMENT_D;BRAND_D1;169
2024;6;Erkek;SEGMENT_D;BRAND_D1;236
2024;7;Erkek;SEGMENT_D;BRAND_D1;177
2024;8;Erkek;SEGMENT_D;BRAND_D1;167
2024;9;Erkek;SEGMENT_D;BRAND_D1;192
2024;10;Erkek;SEGMENT_D;BRAND_D1;203
2024;11;Erkek;SEGMENT_D;BRAND_D1;228
2024;12;Erkek;SEGMENT_D;BRAND_D1;196
2024;13;Erkek;SEGMENT_D;BRAND_D1;198
2024;14;Erkek;SEGMENT_D;BRAND_D1;210
2024;15;Erkek;SEGMENT_D;BRAND_D1;199
2024;16;Erkek;SEGMENT_D;BRAND_D1;179
2024;17;Erkek;SEGMENT_D;BRAND_D1;186
2024;18;Erkek;SEGMENT_D;BRAND_D1;251
2024;19;Erkek;SEGMENT_D;BRAND_D1;237
2024;20;Erkek;SEGMENT_D;BRAND_D1;217
2024;21;Erkek;SEGMENT_D;BRAND_D1;233
2024;22;Erkek;SEGMENT_D;BRAND_D1;239
2024;23;Erkek;SEGMENT_D;BRAND_D1;202
2024;24;Erkek;SEGMENT_D;BRAND_D1;193
2024;25;Erkek;SEGMENT_D;BRAND_D1;249
2024;26;Erkek;SEGMENT_D;BRAND_D1;167
2024;27;Erkek;SEGMENT_D;BRAND_D1;229
2024;28;Erkek;SEGMENT_D;BRAND_D1;218
2024;29;Erkek;SEGMENT_D;BRAND_D1;239
2024;30;Erkek;SEGMENT_D;BRAND_D1;225
2024;31;Erkek;SEGMENT_D;BRAND_D1;222
2024;32;Erkek;SEGMENT_D;BRAND_D1;184
2024;33;Erkek;SEGMENT_D;BRAND_D1;225
2024;34;Erkek;SEGMENT_D;BRAND_D1;213
2024;35;Erkek;SEGMENT_D;BRAND_D1;182
2024;36;Erkek;SEGMENT_D;BRAND_D1;203
2024;37;Erkek;SEGMENT_D;BRAND_D1;172
2024;38;Erkek;SEGMENT_D;BRAND_D1;151
2024;39;Erkek;SEGMENT_D;BRAND_D1;189
2024;40;Erkek;SEGMENT_D;BRAND_D1;254
2024;41;Erkek;SEGMENT_D;BRAND_D1;170
2024;42;Erkek;SEGMENT_D;BRAND_D1;159
2024;43;Erkek;SEGMENT_D;BRAND_D1;164
2024;44;Erkek;SEGMENT_D;BRAND_D1;185
2024;45;Erkek;SEGMENT_D;BRAND_D1;205
2024;46;Erkek;SEGMENT_D;BRAND_D1;190
2024;47;Erkek;SEGMENT_D;BRAND_D1;218
2024;48;Erkek;SEGMENT_D;BRAND_D1;279
2024;49;Erkek;SEGMENT_D;BRAND_D1;153
2024;50;Erkek;SEGMENT_D;BRAND_D1;166
2024;51;Erkek;SEGMENT_D;BRAND_D1;182
2024;52;Erkek;SEGMENT_D;BRAND_D1;225
2025;1;Erkek;SEGMENT_D;BRAND_D1;201
2025;2;Erkek;SEGMENT_D;BRAND_D1;205
2025;3;Erkek;SEGMENT_D;BRAND_D1;174
2025;4;Erkek;SEGMENT_D;BRAND_D1;196
2025;5;Erkek;SEGMENT_D;BRAND_D1;235
2025;6;Erkek;SEGMENT_D;BRAND_D1;223
2025;7;Erkek;SEGMENT_D;BRAND_D1;235
2025;8;Erkek;SEGMENT_D;BRAND_D1;219
2025;9;Erkek;SEGMENT_D;BRAND_D1;249
2025;10;Erkek;SEGMENT_D;BRAND_D1;192
2025;11;Erkek;SEGMENT_D;BRAND_D1;223
2025;12;Erkek;SEGMENT_D;BRAND_D1;246
2025;13;Erkek;SEGMENT_D;BRAND_D1;192
2025;14;Erkek;SEGMENT_D;BRAND_D1;174
2025;15;Erkek;SEGMENT_D;BRAND_D1;298
2025;16;Erkek;SEGMENT_D;BRAND_D1;243
2025;17;Erkek;SEGMENT_D;BRAND_D1;197
2025;18;Erkek;SEGMENT_D;BRAND_D1;245
2025;19;Erkek;SEGMENT_D;BRAND_D1;211
2025;20;Erkek;SEGMENT_D;BRAND_D1;219
2025;21;Erkek;SEGMENT_D;BRAND_D1;281
2025;22;Erkek;SEGMENT_D;BRAND_D1;230
2025;23;Erkek;SEGMENT_D;BRAND_D1;229
2025;24;Erkek;SEGMENT_D;BRAND_D1;210
2025;25;Erkek;SEGMENT_D;BRAND_D1;233
2025;26;Erkek;SEGMENT_D;BRAND_D1;247
2025;27;Erkek;SEGMENT_D;BRAND_D1;226
2025;28;Erkek;SEGMENT_D;BRAND_D1;310
2025;29;Erkek;SEGMENT_D;BRAND_D1;209
2025;30;Erkek;SEGMENT_D;BRAND_D1;207
2025;31;Erkek;SEGMENT_D;BRAND_D1;223
2025;32;Erkek;SEGMENT_D;BRAND_D1;294
2025;33;Erkek;SEGMENT_D;BRAND_D1;249
2025;34;Erkek;SEGMENT_D;BRAND_D1;211
2025;35;Erkek;SEGMENT_D;BRAND_D1;203
2025;36;Erkek;SEGMENT_D;BRAND_D1;207
2025;37;Erkek;SEGMENT_D;BRAND_D1;193
2025;38;Erkek;SEGMENT_D;BRAND_D1;207
2025;39;Erkek;SEGMENT_D;BRAND_D1;210
2025;40;Erkek;SEGMENT_D;BRAND_D1;233
2025;41;Erkek;SEGMENT_D;BRAND_D1;225
2025;42;Erkek;SEGMENT_D;BRAND_D1;201
2025;43;Erkek;SEGMENT_D;BRAND_D1;253
2025;44;Erkek;SEGMENT_D;BRAND_D1;194
2025;45;Erkek;SEGMENT_D;BRAND_D1;177
2025;46;Erkek;SEGMENT_D;BRAND_D1;217
2025;47;Erkek;SEGMENT_D;BRAND_D1;325
2025;48;Erkek;SEGMENT_D;BRAND_D1;285
2025;49;Erkek;SEGMENT_D;BRAND_D1;183
2025;50;Erkek;SEGMENT_D;BRAND_D1;219
2025;51;Erkek;SEGMENT_D;BRAND_D1;224
2025;52;Erkek;SEGMENT_D;BRAND_D1;230
2026;1;Erkek;SEGMENT_D;BRAND_D1;226
2026;2;Erkek;SEGMENT_D;BRAND_D1;260
2026;3;Erkek;SEGMENT_D;BRAND_D1;200
2026;4;Erkek;SEGMENT_D;BRAND_D1;164
2026;5;Erkek;SEGMENT_D;BRAND_D1;187
2026;6;Erkek;SEGMENT_D;BRAND_D1;203
2026;7;Erkek;SEGMENT_D;BRAND_D1;267
2026;8;Erkek;SEGMENT_D;BRAND_D1;234
2026;9;Erkek;SEGMENT_D;BRAND_D1;300
2026;10;Erkek;SEGMENT_D;BRAND_D1;218
2026;11;Erkek;SEGMENT_D;BRAND_D1;307
2026;12;Erkek;SEGMENT_D;BRAND_D1;231
2026;13;Erkek;SEGMENT_D;BRAND_D1;253
2026;14;Erkek;SEGMENT_D;BRAND_D1;214
2026;15;Erkek;SEGMENT_D;BRAND_D1;314
2026;16;Erkek;SEGMENT_D;BRAND_D1;264
2026;17;Erkek;SEGMENT_D;BRAND_D1;351
2026;18;Erkek;SEGMENT_D;BRAND_D1;309
2026;19;Erkek;SEGMENT_D;BRAND_D1;263
2026;20;Erkek;SEGMENT_D;BRAND_D1;248
2026;21;Erkek;SEGMENT_D;BRAND_D1;303
2026;22;Erkek;SEGMENT_D;BRAND_D1;273
2026;23;Erkek;SEGMENT_D;BRAND_D1;247
2026;24;Erkek;SEGMENT_D;BRAND_D1;274
2026;25;Erkek;SEGMENT_D;BRAND_D1;212
2026;26;Erkek;SEGMENT_D;BRAND_D1;281
2026;27;Erkek;SEGMENT_D;BRAND_D1;286
2026;28;Erkek;SEGMENT_D;BRAND_D1;230
2026;29;Erkek;SEGMENT_D;BRAND_D1;305
2026;30;Erkek;SEGMENT_D;BRAND_D1;293
2026;31;Erkek;SEGMENT_D;BRAND_D1;267
2026;32;Erkek;SEGMENT_D;BRAND_D1;228
2026;33;Erkek;SEGMENT_D;BRAND_D1;274
2026;34;Erkek;SEGMENT_D;BRAND_D1;239
2023;1;Erkek;SEGMENT_D;BRAND_D2;161
2023;2;Erkek;SEGMENT_D;BRAND_D2;151
2023;3;Erkek;SEGMENT_D;BRAND_D2;117
2023;4;Erkek;SEGMENT_D;BRAND_D2;115
2023;5;Erkek;SEGMENT_D;BRAND_D2;135
2023;6;Erkek;SEGMENT_D;BRAND_D2;185
2023;7;Erkek;SEGMENT_D;BRAND_D2;195
2023;8;Erkek;SEGMENT_D;BRAND_D2;157
2023;9;Erkek;SEGMENT_D;BRAND_D2;172
2023;10;Erkek;SEGMENT_D;BRAND_D2;154
2023;11;Erkek;SEGMENT_D;BRAND_D2;158
2023;12;Erkek;SEGMENT_D;BRAND_D2;155
2023;13;Erkek;SEGMENT_D;BRAND_D2;184
2023;14;Erkek;SEGMENT_D;BRAND_D2;197
2023;15;Erkek;SEGMENT_D;BRAND_D2;165
2023;16;Erkek;SEGMENT_D;BRAND_D2;167
2023;17;Erkek;SEGMENT_D;BRAND_D2;163
2023;18;Erkek;SEGMENT_D;BRAND_D2;204
2023;19;Erkek;SEGMENT_D;BRAND_D2;187
2023;20;Erkek;SEGMENT_D;BRAND_D2;150
2023;21;Erkek;SEGMENT_D;BRAND_D2;214
2023;22;Erkek;SEGMENT_D;BRAND_D2;128
2023;23;Erkek;SEGMENT_D;BRAND_D2;203
2023;24;Erkek;SEGMENT_D;BRAND_D2;192
2023;25;Erkek;SEGMENT_D;BRAND_D2;170
2023;26;Erkek;SEGMENT_D;BRAND_D2;169
2023;27;Erkek;SEGMENT_D;BRAND_D2;164
2023;28;Erkek;SEGMENT_D;BRAND_D2;148
2023;29;Erkek;SEGMENT_D;BRAND_D2;206
2023;30;Erkek;SEGMENT_D;BRAND_D2;164
2023;31;Erkek;SEGMENT_D;BRAND_D2;144
2023;32;Erkek;SEGMENT_D;BRAND_D2;199
2023;33;Erkek;SEGMENT_D;BRAND_D2;168
2023;34;Erkek;SEGMENT_D;BRAND_D2;168
2023;35;Erkek;SEGMENT_D;BRAND_D2;200
2023;36;Erkek;SEGMENT_D;BRAND_D2;168
2023;37;Erkek;SEGMENT_D;BRAND_D2;142
2023;38;Erkek;SEGMENT_D;BRAND_D2;165
2023;39;Erkek;SEGMENT_D;BRAND_D2;136
2023;40;Erkek;SEGMENT_D;BRAND_D2;142
2023;41;Erkek;SEGMENT_D;BRAND_D2;155
2023;42;Erkek;SEGMENT_D;BRAND_D2;167
2023;43;Erkek;SEGMENT_D;BRAND_D2;138
2023;44;Erkek;SEGMENT_D;BRAND_D2;145
2023;45;Erkek;SEGMENT_D;BRAND_D2;145
2023;46;Erkek;SEGMENT_D;BRAND_D2;171
2023;47;Erkek;SEGMENT_D;BRAND_D2;202
2023;48;Erkek;SEGMENT_D;BRAND_D2;255
2023;49;Erkek;SEGMENT_D;BRAND_D2;142
2023;50;Erkek;SEGMENT_D;BRAND_D2;142
2023;51;Erkek;SEGMENT_D;BRAND_D2;183
2023;52;Erkek;SEGMENT_D;BRAND_D2;166
2024;1;Erkek;SEGMENT_D;BRAND_D2;214
2024;2;Erkek;SEGMENT_D;BRAND_D2;188
2024;3;Erkek;SEGMENT_D;BRAND_D2;138
2024;4;Erkek;SEGMENT_D;BRAND_D2;163
2024;5;Erkek;SEGMENT_D;BRAND_D2;172
2024;6;Erkek;SEGMENT_D;BRAND_D2;173
2024;7;Erkek;SEGMENT_D;BRAND_D2;167
2024;8;Erkek;SEGMENT_D;BRAND_D2;177
2024;9;Erkek;SEGMENT_D;BRAND_D2;181
2024;10;Erkek;SEGMENT_D;BRAND_D2;166
2024;11;Erkek;SEGMENT_D;BRAND_D2;206
2024;12;Erkek;SEGMENT_D;BRAND_D2;226
2024;13;Erkek;SEGMENT_D;BRAND_D2;202
2024;14;Erkek;SEGMENT_D;BRAND_D2;196
2024;15;Erkek;SEGMENT_D;BRAND_D2;187
2024;16;Erkek;SEGMENT_D;BRAND_D2;197
2024;17;Erkek;SEGMENT_D;BRAND_D2;200
2024;18;Erkek;SEGMENT_D;BRAND_D2;171
2024;19;Erkek;SEGMENT_D;BRAND_D2;219
2024;20;Erkek;SEGMENT_D;BRAND_D2;184
2024;21;Erkek;SEGMENT_D;BRAND_D2;233
2024;22;Erkek;SEGMENT_D;BRAND_D2;134
2024;23;Erkek;SEGMENT_D;BRAND_D2;198
2024;24;Erkek;SEGMENT_D;BRAND_D2;220
2024;25;Erkek;SEGMENT_D;BRAND_D2;211
2024;26;Erkek;SEGMENT_D;BRAND_D2;165
2024;27;Erkek;SEGMENT_D;BRAND_D2;226
2024;28;Erkek;SEGMENT_D;BRAND_D2;173
2024;29;Erkek;SEGMENT_D;BRAND_D2;178
2024;30;Erkek;SEGMENT_D;BRAND_D2;178
2024;31;Erkek;SEGMENT_D;BRAND_D2;153
2024;32;Erkek;SEGMENT_D;BRAND_D2;188
2024;33;Erkek;SEGMENT_D;BRAND_D2;208
2024;34;Erkek;SEGMENT_D;BRAND_D2;215
2024;35;Erkek;SEGMENT_D;BRAND_D2;175
2024;36;Erkek;SEGMENT_D;BRAND_D2;176
2024;37;Erkek;SEGMENT_D;BRAND_D2;192
2024;38;Erkek;SEGMENT_D;BRAND_D2;170
2024;39;Erkek;SEGMENT_D;BRAND_D2;200
2024;40;Erkek;SEGMENT_D;BRAND_D2;170
2024;41;Erkek;SEGMENT_D;BRAND_D2;153
2024;42;Erkek;SEGMENT_D;BRAND_D2;174
2024;43;Erkek;SEGMENT_D;BRAND_D2;142
2024;44;Erkek;SEGMENT_D;BRAND_D2;173
2024;45;Erkek;SEGMENT_D;BRAND_D2;177
2024;46;Erkek;SEGMENT_D;BRAND_D2;154
2024;47;Erkek;SEGMENT_D;BRAND_D2;239
2024;48;Erkek;SEGMENT_D;BRAND_D2;222
2024;49;Erkek;SEGMENT_D;BRAND_D2;155
2024;50;Erkek;SEGMENT_D;BRAND_D2;143
2024;51;Erkek;SEGMENT_D;BRAND_D2;148
2024;52;Erkek;SEGMENT_D;BRAND_D2;214
2025;1;Erkek;SEGMENT_D;BRAND_D2;171
2025;2;Erkek;SEGMENT_D;BRAND_D2;188
2025;3;Erkek;SEGMENT_D;BRAND_D2;178
2025;4;Erkek;SEGMENT_D;BRAND_D2;226
2025;5;Erkek;SEGMENT_D;BRAND_D2;170
2025;6;Erkek;SEGMENT_D;BRAND_D2;192
2025;7;Erkek;SEGMENT_D;BRAND_D2;182
2025;8;Erkek;SEGMENT_D;BRAND_D2;222
2025;9;Erkek;SEGMENT_D;BRAND_D2;207
2025;10;Erkek;SEGMENT_D;BRAND_D2;202
2025;11;Erkek;SEGMENT_D;BRAND_D2;176
2025;12;Erkek;SEGMENT_D;BRAND_D2;268
2025;13;Erkek;SEGMENT_D;BRAND_D2;204
2025;14;Erkek;SEGMENT_D;BRAND_D2;188
2025;15;Erkek;SEGMENT_D;BRAND_D2;176
2025;16;Erkek;SEGMENT_D;BRAND_D2;181
2025;17;Erkek;SEGMENT_D;BRAND_D2;216
2025;18;Erkek;SEGMENT_D;BRAND_D2;246
2025;19;Erkek;SEGMENT_D;BRAND_D2;226
2025;20;Erkek;SEGMENT_D;BRAND_D2;182
2025;21;Erkek;SEGMENT_D;BRAND_D2;219
2025;22;Erkek;SEGMENT_D;BRAND_D2;258
2025;23;Erkek;SEGMENT_D;BRAND_D2;209
2025;24;Erkek;SEGMENT_D;BRAND_D2;226
2025;25;Erkek;SEGMENT_D;BRAND_D2;209
2025;26;Erkek;SEGMENT_D;BRAND_D2;230
2025;27;Erkek;SEGMENT_D;BRAND_D2;195
2025;28;Erkek;SEGMENT_D;BRAND_D2;148
2025;29;Erkek;SEGMENT_D;BRAND_D2;184
2025;30;Erkek;SEGMENT_D;BRAND_D2;198
2025;31;Erkek;SEGMENT_D;BRAND_D2;206
2025;32;Erkek;SEGMENT_D;BRAND_D2;195
2025;33;Erkek;SEGMENT_D;BRAND_D2;193
2025;34;Erkek;SEGMENT_D;BRAND_D2;230
2025;35;Erkek;SEGMENT_D;BRAND_D2;176
2025;36;Erkek;SEGMENT_D;BRAND_D2;199
2025;37;Erkek;SEGMENT_D;BRAND_D2;164
2025;38;Erkek;SEGMENT_D;BRAND_D2;212
2025;39;Erkek;SEGMENT_D;BRAND_D2;199
2025;40;Erkek;SEGMENT_D;BRAND_D2;248
2025;41;Erkek;SEGMENT_D;BRAND_D2;167
2025;42;Erkek;SEGMENT_D;BRAND_D2;233
2025;43;Erkek;SEGMENT_D;BRAND_D2;168
2025;44;Erkek;SEGMENT_D;BRAND_D2;180
2025;45;Erkek;SEGMENT_D;BRAND_D2;161
2025;46;Erkek;SEGMENT_D;BRAND_D2;244
2025;47;Erkek;SEGMENT_D;BRAND_D2;269
2025;48;Erkek;SEGMENT_D;BRAND_D2;270
2025;49;Erkek;SEGMENT_D;BRAND_D2;172
2025;50;Erkek;SEGMENT_D;BRAND_D2;146
2025;51;Erkek;SEGMENT_D;BRAND_D2;185
2025;52;Erkek;SEGMENT_D;BRAND_D2;183
2026;1;Erkek;SEGMENT_D;BRAND_D2;159
2026;2;Erkek;SEGMENT_D;BRAND_D2;193
2026;3;Erkek;SEGMENT_D;BRAND_D2;204
2026;4;Erkek;SEGMENT_D;BRAND_D2;219
2026;5;Erkek;SEGMENT_D;BRAND_D2;161
2026;6;Erkek;SEGMENT_D;BRAND_D2;182
2026;7;Erkek;SEGMENT_D;BRAND_D2;194
2026;8;Erkek;SEGMENT_D;BRAND_D2;249
2026;9;Erkek;SEGMENT_D;BRAND_D2;252
2026;10;Erkek;SEGMENT_D;BRAND_D2;234
2026;11;Erkek;SEGMENT_D;BRAND_D2;217
2026;12;Erkek;SEGMENT_D;BRAND_D2;265
2026;13;Erkek;SEGMENT_D;BRAND_D2;239
2026;14;Erkek;SEGMENT_D;BRAND_D2;268
2026;15;Erkek;SEGMENT_D;BRAND_D2;248
2026;16;Erkek;SEGMENT_D;BRAND_D2;193
2026;17;Erkek;SEGMENT_D;BRAND_D2;181
2026;18;Erkek;SEGMENT_D;BRAND_D2;228
2026;19;Erkek;SEGMENT_D;BRAND_D2;268
2026;20;Erkek;SEGMENT_D;BRAND_D2;226
2026;21;Erkek;SEGMENT_D;BRAND_D2;288
2026;22;Erkek;SEGMENT_D;BRAND_D2;266
2026;23;Erkek;SEGMENT_D;BRAND_D2;284
2026;24;Erkek;SEGMENT_D;BRAND_D2;230
2026;25;Erkek;SEGMENT_D;BRAND_D2;213
2026;26;Erkek;SEGMENT_D;BRAND_D2;209
2026;27;Erkek;SEGMENT_D;BRAND_D2;253
2026;28;Erkek;SEGMENT_D;BRAND_D2;194
2026;29;Erkek;SEGMENT_D;BRAND_D2;193
2026;30;Erkek;SEGMENT_D;BRAND_D2;215
2026;31;Erkek;SEGMENT_D;BRAND_D2;236
2026;32;Erkek;SEGMENT_D;BRAND_D2;207
2026;33;Erkek;SEGMENT_D;BRAND_D2;258
2026;34;Erkek;SEGMENT_D;BRAND_D2;262
2023;1;Erkek;SEGMENT_D;BRAND_D3;345
2023;2;Erkek;SEGMENT_D;BRAND_D3;309
2023;3;Erkek;SEGMENT_D;BRAND_D3;376
2023;4;Erkek;SEGMENT_D;BRAND_D3;361
2023;5;Erkek;SEGMENT_D;BRAND_D3;353
2023;6;Erkek;SEGMENT_D;BRAND_D3;345
2023;7;Erkek;SEGMENT_D;BRAND_D3;295
2023;8;Erkek;SEGMENT_D;BRAND_D3;480
2023;9;Erkek;SEGMENT_D;BRAND_D3;316
2023;10;Erkek;SEGMENT_D;BRAND_D3;460
2023;11;Erkek;SEGMENT_D;BRAND_D3;410
2023;12;Erkek;SEGMENT_D;BRAND_D3;359
2023;13;Erkek;SEGMENT_D;BRAND_D3;357
2023;14;Erkek;SEGMENT_D;BRAND_D3;322
2023;15;Erkek;SEGMENT_D;BRAND_D3;396
2023;16;Erkek;SEGMENT_D;BRAND_D3;326
2023;17;Erkek;SEGMENT_D;BRAND_D3;462
2023;18;Erkek;SEGMENT_D;BRAND_D3;416
2023;19;Erkek;SEGMENT_D;BRAND_D3;403
2023;20;Erkek;SEGMENT_D;BRAND_D3;411
2023;21;Erkek;SEGMENT_D;BRAND_D3;423
2023;22;Erkek;SEGMENT_D;BRAND_D3;391
2023;23;Erkek;SEGMENT_D;BRAND_D3;397
2023;24;Erkek;SEGMENT_D;BRAND_D3;510
2023;25;Erkek;SEGMENT_D;BRAND_D3;461
2023;26;Erkek;SEGMENT_D;BRAND_D3;436
2023;27;Erkek;SEGMENT_D;BRAND_D3;377
2023;28;Erkek;SEGMENT_D;BRAND_D3;314
2023;29;Erkek;SEGMENT_D;BRAND_D3;421
2023;30;Erkek;SEGMENT_D;BRAND_D3;397
2023;31;Erkek;SEGMENT_D;BRAND_D3;378
2023;32;Erkek;SEGMENT_D;BRAND_D3;382
2023;33;Erkek;SEGMENT_D;BRAND_D3;331
2023;34;Erkek;SEGMENT_D;BRAND_D3;338
2023;35;Erkek;SEGMENT_D;BRAND_D3;427
2023;36;Erkek;SEGMENT_D;BRAND_D3;285
2023;37;Erkek;SEGMENT_D;BRAND_D3;411
2023;38;Erkek;SEGMENT_D;BRAND_D3;437
2023;39;Erkek;SEGMENT_D;BRAND_D3;385
2023;40;Erkek;SEGMENT_D;BRAND_D3;380
2023;41;Erkek;SEGMENT_D;BRAND_D3;320
2023;42;Erkek;SEGMENT_D;BRAND_D3;324
2023;43;Erkek;SEGMENT_D;BRAND_D3;338
2023;44;Erkek;SEGMENT_D;BRAND_D3;300
2023;45;Erkek;SEGMENT_D;BRAND_D3;320
2023;46;Erkek;SEGMENT_D;BRAND_D3;360
2023;47;Erkek;SEGMENT_D;BRAND_D3;454
2023;48;Erkek;SEGMENT_D;BRAND_D3;495
2023;49;Erkek;SEGMENT_D;BRAND_D3;411
2023;50;Erkek;SEGMENT_D;BRAND_D3;372
2023;51;Erkek;SEGMENT_D;BRAND_D3;388
2023;52;Erkek;SEGMENT_D;BRAND_D3;304
2024;1;Erkek;SEGMENT_D;BRAND_D3;426
2024;2;Erkek;SEGMENT_D;BRAND_D3;311
2024;3;Erkek;SEGMENT_D;BRAND_D3;360
2024;4;Erkek;SEGMENT_D;BRAND_D3;341
2024;5;Erkek;SEGMENT_D;BRAND_D3;313
2024;6;Erkek;SEGMENT_D;BRAND_D3;408
2024;7;Erkek;SEGMENT_D;BRAND_D3;436
2024;8;Erkek;SEGMENT_D;BRAND_D3;498
2024;9;Erkek;SEGMENT_D;BRAND_D3;434
2024;10;Erkek;SEGMENT_D;BRAND_D3;383
2024;11;Erkek;SEGMENT_D;BRAND_D3;406
2024;12;Erkek;SEGMENT_D;BRAND_D3;350
2024;13;Erkek;SEGMENT_D;BRAND_D3;421
2024;14;Erkek;SEGMENT_D;BRAND_D3;444
2024;15;Erkek;SEGMENT_D;BRAND_D3;479
2024;16;Erkek;SEGMENT_D;BRAND_D3;500
2024;17;Erkek;SEGMENT_D;BRAND_D3;484
2024;18;Erkek;SEGMENT_D;BRAND_D3;409
2024;19;Erkek;SEGMENT_D;BRAND_D3;398
2024;20;Erkek;SEGMENT_D;BRAND_D3;505
2024;21;Erkek;SEGMENT_D;BRAND_D3;365
2024;22;Erkek;SEGMENT_D;BRAND_D3;596
2024;23;Erkek;SEGMENT_D;BRAND_D3;422
2024;24;Erkek;SEGMENT_D;BRAND_D3;536
2024;25;Erkek;SEGMENT_D;BRAND_D3;428
2024;26;Erkek;SEGMENT_D;BRAND_D3;493
2024;27;Erkek;SEGMENT_D;BRAND_D3;395
2024;28;Erkek;SEGMENT_D;BRAND_D3;455
2024;29;Erkek;SEGMENT_D;BRAND_D3;364
2024;30;Erkek;SEGMENT_D;BRAND_D3;464
2024;31;Erkek;SEGMENT_D;BRAND_D3;382
2024;32;Erkek;SEGMENT_D;BRAND_D3;385
2024;33;Erkek;SEGMENT_D;BRAND_D3;411
2024;34;Erkek;SEGMENT_D;BRAND_D3;417
2024;35;Erkek;SEGMENT_D;BRAND_D3;453
2024;36;Erkek;SEGMENT_D;BRAND_D3;443
2024;37;Erkek;SEGMENT_D;BRAND_D3;424
2024;38;Erkek;SEGMENT_D;BRAND_D3;463
2024;39;Erkek;SEGMENT_D;BRAND_D3;430
2024;40;Erkek;SEGMENT_D;BRAND_D3;431
2024;41;Erkek;SEGMENT_D;BRAND_D3;356
2024;42;Erkek;SEGMENT_D;BRAND_D3;456
2024;43;Erkek;SEGMENT_D;BRAND_D3;447
2024;44;Erkek;SEGMENT_D;BRAND_D3;411
2024;45;Erkek;SEGMENT_D;BRAND_D3;444
2024;46;Erkek;SEGMENT_D;BRAND_D3;400
2024;47;Erkek;SEGMENT_D;BRAND_D3;661
2024;48;Erkek;SEGMENT_D;BRAND_D3;553
2024;49;Erkek;SEGMENT_D;BRAND_D3;404
2024;50;Erkek;SEGMENT_D;BRAND_D3;431
2024;51;Erkek;SEGMENT_D;BRAND_D3;518
2024;52;Erkek;SEGMENT_D;BRAND_D3;391
2025;1;Erkek;SEGMENT_D;BRAND_D3;441
2025;2;Erkek;SEGMENT_D;BRAND_D3;404
2025;3;Erkek;SEGMENT_D;BRAND_D3;430
2025;4;Erkek;SEGMENT_D;BRAND_D3;397
2025;5;Erkek;SEGMENT_D;BRAND_D3;471
2025;6;Erkek;SEGMENT_D;BRAND_D3;454
2025;7;Erkek;SEGMENT_D;BRAND_D3;507
2025;8;Erkek;SEGMENT_D;BRAND_D3;533
2025;9;Erkek;SEGMENT_D;BRAND_D3;551
2025;10;Erkek;SEGMENT_D;BRAND_D3;453
2025;11;Erkek;SEGMENT_D;BRAND_D3;509
2025;12;Erkek;SEGMENT_D;BRAND_D3;578
2025;13;Erkek;SEGMENT_D;BRAND_D3;447
2025;14;Erkek;SEGMENT_D;BRAND_D3;509
2025;15;Erkek;SEGMENT_D;BRAND_D3;459
2025;16;Erkek;SEGMENT_D;BRAND_D3;637
2025;17;Erkek;SEGMENT_D;BRAND_D3;603
2025;18;Erkek;SEGMENT_D;BRAND_D3;554
2025;19;Erkek;SEGMENT_D;BRAND_D3;555
2025;20;Erkek;SEGMENT_D;BRAND_D3;477
2025;21;Erkek;SEGMENT_D;BRAND_D3;622
2025;22;Erkek;SEGMENT_D;BRAND_D3;503
2025;23;Erkek;SEGMENT_D;BRAND_D3;483
2025;24;Erkek;SEGMENT_D;BRAND_D3;597
2025;25;Erkek;SEGMENT_D;BRAND_D3;494
2025;26;Erkek;SEGMENT_D;BRAND_D3;480
2025;27;Erkek;SEGMENT_D;BRAND_D3;568
2025;28;Erkek;SEGMENT_D;BRAND_D3;442
2025;29;Erkek;SEGMENT_D;BRAND_D3;541
2025;30;Erkek;SEGMENT_D;BRAND_D3;508
2025;31;Erkek;SEGMENT_D;BRAND_D3;544
2025;32;Erkek;SEGMENT_D;BRAND_D3;519
2025;33;Erkek;SEGMENT_D;BRAND_D3;662
2025;34;Erkek;SEGMENT_D;BRAND_D3;494
2025;35;Erkek;SEGMENT_D;BRAND_D3;454
2025;36;Erkek;SEGMENT_D;BRAND_D3;473
2025;37;Erkek;SEGMENT_D;BRAND_D3;494
2025;38;Erkek;SEGMENT_D;BRAND_D3;573
2025;39;Erkek;SEGMENT_D;BRAND_D3;497
2025;40;Erkek;SEGMENT_D;BRAND_D3;416
2025;41;Erkek;SEGMENT_D;BRAND_D3;748
2025;42;Erkek;SEGMENT_D;BRAND_D3;512
2025;43;Erkek;SEGMENT_D;BRAND_D3;407
2025;44;Erkek;SEGMENT_D;BRAND_D3;394
2025;45;Erkek;SEGMENT_D;BRAND_D3;386
2025;46;Erkek;SEGMENT_D;BRAND_D3;447
2025;47;Erkek;SEGMENT_D;BRAND_D3;609
2025;48;Erkek;SEGMENT_D;BRAND_D3;565
2025;49;Erkek;SEGMENT_D;BRAND_D3;385
2025;50;Erkek;SEGMENT_D;BRAND_D3;404
2025;51;Erkek;SEGMENT_D;BRAND_D3;502
2025;52;Erkek;SEGMENT_D;BRAND_D3;452
2026;1;Erkek;SEGMENT_D;BRAND_D3;421
2026;2;Erkek;SEGMENT_D;BRAND_D3;486
2026;3;Erkek;SEGMENT_D;BRAND_D3;503
2026;4;Erkek;SEGMENT_D;BRAND_D3;517
2026;5;Erkek;SEGMENT_D;BRAND_D3;503
2026;6;Erkek;SEGMENT_D;BRAND_D3;501
2026;7;Erkek;SEGMENT_D;BRAND_D3;596
2026;8;Erkek;SEGMENT_D;BRAND_D3;459
2026;9;Erkek;SEGMENT_D;BRAND_D3;514
2026;10;Erkek;SEGMENT_D;BRAND_D3;427
2026;11;Erkek;SEGMENT_D;BRAND_D3;519
2026;12;Erkek;SEGMENT_D;BRAND_D3;560
2026;13;Erkek;SEGMENT_D;BRAND_D3;613
2026;14;Erkek;SEGMENT_D;BRAND_D3;449
2026;15;Erkek;SEGMENT_D;BRAND_D3;574
2026;16;Erkek;SEGMENT_D;BRAND_D3;718
2026;17;Erkek;SEGMENT_D;BRAND_D3;405
2026;18;Erkek;SEGMENT_D;BRAND_D3;610
2026;19;Erkek;SEGMENT_D;BRAND_D3;499
2026;20;Erkek;SEGMENT_D;BRAND_D3;555
2026;21;Erkek;SEGMENT_D;BRAND_D3;617
2026;22;Erkek;SEGMENT_D;BRAND_D3;538
2026;23;Erkek;SEGMENT_D;BRAND_D3;598
2026;24;Erkek;SEGMENT_D;BRAND_D3;592
2026;25;Erkek;SEGMENT_D;BRAND_D3;570
2026;26;Erkek;SEGMENT_D;BRAND_D3;489
2026;27;Erkek;SEGMENT_D;BRAND_D3;521
2026;28;Erkek;SEGMENT_D;BRAND_D3;724
2026;29;Erkek;SEGMENT_D;BRAND_D3;533
2026;30;Erkek;SEGMENT_D;BRAND_D3;536
2026;31;Erkek;SEGMENT_D;BRAND_D3;531
2026;32;Erkek;SEGMENT_D;BRAND_D3;601
2026;33;Erkek;SEGMENT_D;BRAND_D3;639
2026;34;Erkek;SEGMENT_D;BRAND_D3;518
2023;1;Erkek;SEGMENT_D;BRAND_D4;270
2023;2;Erkek;SEGMENT_D;BRAND_D4;245
2023;3;Erkek;SEGMENT_D;BRAND_D4;282
2023;4;Erkek;SEGMENT_D;BRAND_D4;240
2023;5;Erkek;SEGMENT_D;BRAND_D4;226
2023;6;Erkek;SEGMENT_D;BRAND_D4;269
2023;7;Erkek;SEGMENT_D;BRAND_D4;366
2023;8;Erkek;SEGMENT_D;BRAND_D4;353
2023;9;Erkek;SEGMENT_D;BRAND_D4;344
2023;10;Erkek;SEGMENT_D;BRAND_D4;279
2023;11;Erkek;SEGMENT_D;BRAND_D4;335
2023;12;Erkek;SEGMENT_D;BRAND_D4;322
2023;13;Erkek;SEGMENT_D;BRAND_D4;295
2023;14;Erkek;SEGMENT_D;BRAND_D4;281
2023;15;Erkek;SEGMENT_D;BRAND_D4;344
2023;16;Erkek;SEGMENT_D;BRAND_D4;295
2023;17;Erkek;SEGMENT_D;BRAND_D4;352
2023;18;Erkek;SEGMENT_D;BRAND_D4;327
2023;19;Erkek;SEGMENT_D;BRAND_D4;439
2023;20;Erkek;SEGMENT_D;BRAND_D4;354
2023;21;Erkek;SEGMENT_D;BRAND_D4;309
2023;22;Erkek;SEGMENT_D;BRAND_D4;265
2023;23;Erkek;SEGMENT_D;BRAND_D4;289
2023;24;Erkek;SEGMENT_D;BRAND_D4;309
2023;25;Erkek;SEGMENT_D;BRAND_D4;334
2023;26;Erkek;SEGMENT_D;BRAND_D4;319
2023;27;Erkek;SEGMENT_D;BRAND_D4;280
2023;28;Erkek;SEGMENT_D;BRAND_D4;305
2023;29;Erkek;SEGMENT_D;BRAND_D4;303
2023;30;Erkek;SEGMENT_D;BRAND_D4;377
2023;31;Erkek;SEGMENT_D;BRAND_D4;350
2023;32;Erkek;SEGMENT_D;BRAND_D4;389
2023;33;Erkek;SEGMENT_D;BRAND_D4;379
2023;34;Erkek;SEGMENT_D;BRAND_D4;316
2023;35;Erkek;SEGMENT_D;BRAND_D4;247
2023;36;Erkek;SEGMENT_D;BRAND_D4;253
2023;37;Erkek;SEGMENT_D;BRAND_D4;309
2023;38;Erkek;SEGMENT_D;BRAND_D4;300
2023;39;Erkek;SEGMENT_D;BRAND_D4;304
2023;40;Erkek;SEGMENT_D;BRAND_D4;329
2023;41;Erkek;SEGMENT_D;BRAND_D4;310
2023;42;Erkek;SEGMENT_D;BRAND_D4;286
2023;43;Erkek;SEGMENT_D;BRAND_D4;328
2023;44;Erkek;SEGMENT_D;BRAND_D4;273
2023;45;Erkek;SEGMENT_D;BRAND_D4;269
2023;46;Erkek;SEGMENT_D;BRAND_D4;287
2023;47;Erkek;SEGMENT_D;BRAND_D4;360
2023;48;Erkek;SEGMENT_D;BRAND_D4;387
2023;49;Erkek;SEGMENT_D;BRAND_D4;275
2023;50;Erkek;SEGMENT_D;BRAND_D4;270
2023;51;Erkek;SEGMENT_D;BRAND_D4;321
2023;52;Erkek;SEGMENT_D;BRAND_D4;307
2024;1;Erkek;SEGMENT_D;BRAND_D4;362
2024;2;Erkek;SEGMENT_D;BRAND_D4;338
2024;3;Erkek;SEGMENT_D;BRAND_D4;299
2024;4;Erkek;SEGMENT_D;BRAND_D4;261
2024;5;Erkek;SEGMENT_D;BRAND_D4;346
2024;6;Erkek;SEGMENT_D;BRAND_D4;308
2024;7;Erkek;SEGMENT_D;BRAND_D4;323
2024;8;Erkek;SEGMENT_D;BRAND_D4;290
2024;9;Erkek;SEGMENT_D;BRAND_D4;402
2024;10;Erkek;SEGMENT_D;BRAND_D4;337
2024;11;Erkek;SEGMENT_D;BRAND_D4;354
2024;12;Erkek;SEGMENT_D;BRAND_D4;332
2024;13;Erkek;SEGMENT_D;BRAND_D4;374
2024;14;Erkek;SEGMENT_D;BRAND_D4;376
2024;15;Erkek;SEGMENT_D;BRAND_D4;401
2024;16;Erkek;SEGMENT_D;BRAND_D4;507
2024;17;Erkek;SEGMENT_D;BRAND_D4;391
2024;18;Erkek;SEGMENT_D;BRAND_D4;387
2024;19;Erkek;SEGMENT_D;BRAND_D4;337
2024;20;Erkek;SEGMENT_D;BRAND_D4;331
2024;21;Erkek;SEGMENT_D;BRAND_D4;360
2024;22;Erkek;SEGMENT_D;BRAND_D4;322
2024;23;Erkek;SEGMENT_D;BRAND_D4;369
2024;24;Erkek;SEGMENT_D;BRAND_D4;442
2024;25;Erkek;SEGMENT_D;BRAND_D4;395
2024;26;Erkek;SEGMENT_D;BRAND_D4;399
2024;27;Erkek;SEGMENT_D;BRAND_D4;408
2024;28;Erkek;SEGMENT_D;BRAND_D4;358
2024;29;Erkek;SEGMENT_D;BRAND_D4;305
2024;30;Erkek;SEGMENT_D;BRAND_D4;311
2024;31;Erkek;SEGMENT_D;BRAND_D4;371
2024;32;Erkek;SEGMENT_D;BRAND_D4;327
2024;33;Erkek;SEGMENT_D;BRAND_D4;400
2024;34;Erkek;SEGMENT_D;BRAND_D4;309
2024;35;Erkek;SEGMENT_D;BRAND_D4;362
2024;36;Erkek;SEGMENT_D;BRAND_D4;400
2024;37;Erkek;SEGMENT_D;BRAND_D4;308
2024;38;Erkek;SEGMENT_D;BRAND_D4;314
2024;39;Erkek;SEGMENT_D;BRAND_D4;380
2024;40;Erkek;SEGMENT_D;BRAND_D4;340
2024;41;Erkek;SEGMENT_D;BRAND_D4;272
2024;42;Erkek;SEGMENT_D;BRAND_D4;338
2024;43;Erkek;SEGMENT_D;BRAND_D4;356
2024;44;Erkek;SEGMENT_D;BRAND_D4;374
2024;45;Erkek;SEGMENT_D;BRAND_D4;340
2024;46;Erkek;SEGMENT_D;BRAND_D4;350
2024;47;Erkek;SEGMENT_D;BRAND_D4;546
2024;48;Erkek;SEGMENT_D;BRAND_D4;500
2024;49;Erkek;SEGMENT_D;BRAND_D4;279
2024;50;Erkek;SEGMENT_D;BRAND_D4;325
2024;51;Erkek;SEGMENT_D;BRAND_D4;333
2024;52;Erkek;SEGMENT_D;BRAND_D4;396
2025;1;Erkek;SEGMENT_D;BRAND_D4;407
2025;2;Erkek;SEGMENT_D;BRAND_D4;363
2025;3;Erkek;SEGMENT_D;BRAND_D4;361
2025;4;Erkek;SEGMENT_D;BRAND_D4;348
2025;5;Erkek;SEGMENT_D;BRAND_D4;420
2025;6;Erkek;SEGMENT_D;BRAND_D4;337
2025;7;Erkek;SEGMENT_D;BRAND_D4;356
2025;8;Erkek;SEGMENT_D;BRAND_D4;438
2025;9;Erkek;SEGMENT_D;BRAND_D4;444
2025;10;Erkek;SEGMENT_D;BRAND_D4;522
2025;11;Erkek;SEGMENT_D;BRAND_D4;395
2025;12;Erkek;SEGMENT_D;BRAND_D4;388
2025;13;Erkek;SEGMENT_D;BRAND_D4;397
2025;14;Erkek;SEGMENT_D;BRAND_D4;341
2025;15;Erkek;SEGMENT_D;BRAND_D4;325
2025;16;Erkek;SEGMENT_D;BRAND_D4;433
2025;17;Erkek;SEGMENT_D;BRAND_D4;403
2025;18;Erkek;SEGMENT_D;BRAND_D4;387
2025;19;Erkek;SEGMENT_D;BRAND_D4;430
2025;20;Erkek;SEGMENT_D;BRAND_D4;442
2025;21;Erkek;SEGMENT_D;BRAND_D4;420
2025;22;Erkek;SEGMENT_D;BRAND_D4;422
2025;23;Erkek;SEGMENT_D;BRAND_D4;407
2025;24;Erkek;SEGMENT_D;BRAND_D4;464
2025;25;Erkek;SEGMENT_D;BRAND_D4;398
2025;26;Erkek;SEGMENT_D;BRAND_D4;376
2025;27;Erkek;SEGMENT_D;BRAND_D4;398
2025;28;Erkek;SEGMENT_D;BRAND_D4;428
2025;29;Erkek;SEGMENT_D;BRAND_D4;454
2025;30;Erkek;SEGMENT_D;BRAND_D4;516
2025;31;Erkek;SEGMENT_D;BRAND_D4;411
2025;32;Erkek;SEGMENT_D;BRAND_D4;486
2025;33;Erkek;SEGMENT_D;BRAND_D4;370
2025;34;Erkek;SEGMENT_D;BRAND_D4;359
2025;35;Erkek;SEGMENT_D;BRAND_D4;412
2025;36;Erkek;SEGMENT_D;BRAND_D4;416
2025;37;Erkek;SEGMENT_D;BRAND_D4;392
2025;38;Erkek;SEGMENT_D;BRAND_D4;538
2025;39;Erkek;SEGMENT_D;BRAND_D4;352
2025;40;Erkek;SEGMENT_D;BRAND_D4;439
2025;41;Erkek;SEGMENT_D;BRAND_D4;339
2025;42;Erkek;SEGMENT_D;BRAND_D4;402
2025;43;Erkek;SEGMENT_D;BRAND_D4;371
2025;44;Erkek;SEGMENT_D;BRAND_D4;380
2025;45;Erkek;SEGMENT_D;BRAND_D4;389
2025;46;Erkek;SEGMENT_D;BRAND_D4;372
2025;47;Erkek;SEGMENT_D;BRAND_D4;492
2025;48;Erkek;SEGMENT_D;BRAND_D4;406
2025;49;Erkek;SEGMENT_D;BRAND_D4;418
2025;50;Erkek;SEGMENT_D;BRAND_D4;324
2025;51;Erkek;SEGMENT_D;BRAND_D4;363
2025;52;Erkek;SEGMENT_D;BRAND_D4;399
2026;1;Erkek;SEGMENT_D;BRAND_D4;341
2026;2;Erkek;SEGMENT_D;BRAND_D4;387
2026;3;Erkek;SEGMENT_D;BRAND_D4;439
2026;4;Erkek;SEGMENT_D;BRAND_D4;384
2026;5;Erkek;SEGMENT_D;BRAND_D4;404
2026;6;Erkek;SEGMENT_D;BRAND_D4;372
2026;7;Erkek;SEGMENT_D;BRAND_D4;406
2026;8;Erkek;SEGMENT_D;BRAND_D4;368
2026;9;Erkek;SEGMENT_D;BRAND_D4;443
2026;10;Erkek;SEGMENT_D;BRAND_D4;369
2026;11;Erkek;SEGMENT_D;BRAND_D4;412
2026;12;Erkek;SEGMENT_D;BRAND_D4;452
2026;13;Erkek;SEGMENT_D;BRAND_D4;443
2026;14;Erkek;SEGMENT_D;BRAND_D4;480
2026;15;Erkek;SEGMENT_D;BRAND_D4;457
2026;16;Erkek;SEGMENT_D;BRAND_D4;377
2026;17;Erkek;SEGMENT_D;BRAND_D4;411
2026;18;Erkek;SEGMENT_D;BRAND_D4;471
2026;19;Erkek;SEGMENT_D;BRAND_D4;539
2026;20;Erkek;SEGMENT_D;BRAND_D4;527
2026;21;Erkek;SEGMENT_D;BRAND_D4;669
2026;22;Erkek;SEGMENT_D;BRAND_D4;447
2026;23;Erkek;SEGMENT_D;BRAND_D4;521
2026;24;Erkek;SEGMENT_D;BRAND_D4;514
2026;25;Erkek;SEGMENT_D;BRAND_D4;572
2026;26;Erkek;SEGMENT_D;BRAND_D4;546
2026;27;Erkek;SEGMENT_D;BRAND_D4;482
2026;28;Erkek;SEGMENT_D;BRAND_D4;497
2026;29;Erkek;SEGMENT_D;BRAND_D4;481
2026;30;Erkek;SEGMENT_D;BRAND_D4;453
2026;31;Erkek;SEGMENT_D;BRAND_D4;480
2026;32;Erkek;SEGMENT_D;BRAND_D4;456
2026;33;Erkek;SEGMENT_D;BRAND_D4;449
2026;34;Erkek;SEGMENT_D;BRAND_D4;535
