Year;Week;GroupDesc;StockGroupDesc;BrandDesc;StokSayisi;MagazaSayisi
2023;1;Erkek;SEGMENT_A;BRAND_A1;1.029;195
2023;2;Erkek;SEGMENT_A;BRAND_A1;1.061;195
2023;3;Erkek;SEGMENT_A;BRAND_A1;1.048;195
2023;4;Erkek;SEGMENT_A;BRAND_A1;1.046;195
2023;5;Erkek;SEGMENT_A;BRAND_A1;1.035;195
2023;6;Erkek;SEGMENT_A;BRAND_A1;1.037;196
2023;7;Erkek;SEGMENT_A;BRAND_A1;996;196
2023;8;Erkek;SEGMENT_A;BRAND_A1;953;196
2023;9;Erkek;SEGMENT_A;BRAND_A1;958;196
2023;10;Erkek;SEGMENT_A;BRAND_A1;952;197
2023;11;Erkek;SEGMENT_A;BRAND_A1;890;197
2023;12;Erkek;SEGMENT_A;BRAND_A1;905;197
2023;13;Erkek;SEGMENT_A;BRAND_A1;898;197
2023;14;Erkek;SEGMENT_A;BRAND_A1;875;198
2023;15;Erkek;SEGMENT_A;BRAND_A1;885;198
2023;16;Erkek;SEGMENT_A;BRAND_A1;865;198
2023;17;Erkek;SEGMENT_A;BRAND_A1;903;198
2023;18;Erkek;SEGMENT_A;BRAND_A1;946;198
2023;19;Erkek;SEGMENT_A;BRAND_A1;968;198
2023;20;Erkek;SEGMENT_A;BRAND_A1;974;199
2023;21;Erkek;SEGMENT_A;BRAND_A1;1.031;199
2023;22;Erkek;SEGMENT_A;BRAND_A1;1.007;199
2023;23;Erkek;SEGMENT_A;BRAND_A1;971;199
2023;24;Erkek;SEGMENT_A;BRAND_A1;980;199
2023;25;Erkek;SEGMENT_A;BRAND_A1;972;199
2023;26;Erkek;SEGMENT_A;BRAND_A1;1.060;199
2023;27;Erkek;SEGMENT_A;BRAND_A1;1.162;199
2023;28;Erkek;SEGMENT_A;BRAND_A1;1.166;199
2023;29;Erkek;SEGMENT_A;BRAND_A1;1.170;199
2023;30;Erkek;SEGMENT_A;BRAND_A1;1.119;199
2023;31;Erkek;SEGMENT_A;BRAND_A1;1.235;199
2023;32;Erkek;SEGMENT_A;BRAND_A1;1.359;199
2023;33;Erkek;SEGMENT_A;BRAND_A1;1.333;199
2023;34;Erkek;SEGMENT_A;BRAND_A1;1.399;199
2023;35;Erkek;SEGMENT_A;BRAND_A1;1.363;199
2023;36;Erkek;SEGMENT_A;BRAND_A1;1.522;199
2023;37;Erkek;SEGMENT_A;BRAND_A1;1.538;199
2023;38;Erkek;SEGMENT_A;BRAND_A1;1.476;199
2023;39;Erkek;SEGMENT_A;BRAND_A1;1.444;199
2023;40;Erkek;SEGMENT_A;BRAND_A1;1.549;199
2023;41;Erkek;SEGMENT_A;BRAND_A1;1.469;199
2023;42;Erkek;SEGMENT_A;BRAND_A1;1.477;199
2023;43;Erkek;SEGMENT_A;BRAND_A1;1.410;199
2023;44;Erkek;SEGMENT_A;BRAND_A1;1.463;199
2023;45;Erkek;SEGMENT_A;BRAND_A1;1.534;199
2023;46;Erkek;SEGMENT_A;BRAND_A1;1.511;198
2023;47;Erkek;SEGMENT_A;BRAND_A1;1.467;198
2023;48;Erkek;SEGMENT_A;BRAND_A1;1.566;198
2023;49;Erkek;SEGMENT_A;BRAND_A1;1.469;198
2023;50;Erkek;SEGMENT_A;BRAND_A1;1.457;198
2023;51;Erkek;SEGMENT_A;BRAND_A1;1.466;197
2023;52;Erkek;SEGMENT_A;BRAND_A1;1.500;197
2024;1;Erkek;SEGMENT_A;BRAND_A1;1.418;197
2024;2;Erkek;SEGMENT_A;BRAND_A1;1.440;197
2024;3;Erkek;SEGMENT_A;BRAND_A1;1.396;197
2024;4;Erkek;SEGMENT_A;BRAND_A1;1.289;196
2024;5;Erkek;SEGMENT_A;BRAND_A1;1.266;196
2024;6;Erkek;SEGMENT_A;BRAND_A1;1.323;196
2024;7;Erkek;SEGMENT_A;BRAND_A1;1.261;196
2024;8;Erkek;SEGMENT_A;BRAND_A1;1.270;195
2024;9;Erkek;SEGMENT_A;BRAND_A1;1.176;195
2024;10;Erkek;SEGMENT_A;BRAND_A1;1.066;195
2024;11;Erkek;SEGMENT_A;BRAND_A1;1.053;195
2024;12;Erkek;SEGMENT_A;BRAND_A1;1.028;195
2024;13;Erkek;SEGMENT_A;BRAND_A1;1.041;195
2024;14;Erkek;SEGMENT_A;BRAND_A1;961;195
2024;15;Erkek;SEGMENT_A;BRAND_A1;989;195
2024;16;Erkek;SEGMENT_A;BRAND_A1;1.022;194
2024;17;Erkek;SEGMENT_A;BRAND_A1;1.029;194
2024;18;Erkek;SEGMENT_A;BRAND_A1;1.077;194
2024;19;Erkek;SEGMENT_A;BRAND_A1;1.061;194
2024;20;Erkek;SEGMENT_A;BRAND_A1;1.116;194
2024;21;Erkek;SEGMENT_A;BRAND_A1;1.178;193
2024;22;Erkek;SEGMENT_A;BRAND_A1;1.217;193
2024;23;Erkek;SEGMENT_A;BRAND_A1;1.259;193
2024;24;Erkek;SEGMENT_A;BRAND_A1;1.240;193
2024;25;Erkek;SEGMENT_A;BRAND_A1;1.210;192
2024;26;Erkek;SEGMENT_A;BRAND_A1;1.229;192
2024;27;Erkek;SEGMENT_A;BRAND_A1;1.160;192
2024;28;Erkek;SEGMENT_A;BRAND_A1;1.322;192
2024;29;Erkek;SEGMENT_A;BRAND_A1;1.426;192
2024;30;Erkek;SEGMENT_A;BRAND_A1;1.466;192
2024;31;Erkek;SEGMENT_A;BRAND_A1;1.553;191
2024;32;Erkek;SEGMENT_A;BRAND_A1;1.511;191
2024;33;Erkek;SEGMENT_A;BRAND_A1;1.603;191
2024;34;Erkek;SEGMENT_A;BRAND_A1;1.637;191
2024;35;Erkek;SEGMENT_A;BRAND_A1;1.626;191
2024;36;Erkek;SEGMENT_A;BRAND_A1;1.606;191
2024;37;Erkek;SEGMENT_A;BRAND_A1;1.650;191
2024;38;Erkek;SEGMENT_A;BRAND_A1;1.666;191
2024;39;Erkek;SEGMENT_A;BRAND_A1;1.736;191
2024;40;Erkek;SEGMENT_A;BRAND_A1;1.770;191
2024;41;Erkek;SEGMENT_A;BRAND_A1;1.804;191
2024;42;Erkek;SEGMENT_A;BRAND_A1;1.831;191
2024;43;Erkek;SEGMENT_A;BRAND_A1;1.786;191
2024;44;Erkek;SEGMENT_A;BRAND_A1;1.740;191
2024;45;Erkek;SEGMENT_A;BRAND_A1;1.671;191
2024;46;Erkek;SEGMENT_A;BRAND_A1;1.723;191
2024;47;Erkek;SEGMENT_A;BRAND_A1;1.913;191
2024;48;Erkek;SEGMENT_A;BRAND_A1;1.857;191
2024;49;Erkek;SEGMENT_A;BRAND_A1;1.738;191
2024;50;Erkek;SEGMENT_A;BRAND_A1;1.747;191
2024;51;Erkek;SEGMENT_A;BRAND_A1;1.598;191
2024;52;Erkek;SEGMENT_A;BRAND_A1;1.517;191
2025;1;Erkek;SEGMENT_A;BRAND_A1;1.483;191
2025;2;Erkek;SEGMENT_A;BRAND_A1;1.474;191
2025;3;Erkek;SEGMENT_A;BRAND_A1;1.425;191
2025;4;Erkek;SEGMENT_A;BRAND_A1;1.308;191
2025;5;Erkek;SEGMENT_A;BRAND_A1;1.236;192
2025;6;Erkek;SEGMENT_A;BRAND_A1;1.164;192
2025;7;Erkek;SEGMENT_A;BRAND_A1;1.267;192
2025;8;Erkek;SEGMENT_A;BRAND_A1;1.225;192
2025;9;Erkek;SEGMENT_A;BRAND_A1;1.172;192
2025;10;Erkek;SEGMENT_A;BRAND_A1;1.134;193
2025;11;Erkek;SEGMENT_A;BRAND_A1;1.148;193
2025;12;Erkek;SEGMENT_A;BRAND_A1;1.128;193
2025;13;Erkek;SEGMENT_A;BRAND_A1;1.125;193
2025;14;Erkek;SEGMENT_A;BRAND_A1;1.069;193
2025;15;Erkek;SEGMENT_A;BRAND_A1;1.077;194
2025;16;Erkek;SEGMENT_A;BRAND_A1;1.021;194
2025;17;Erkek;SEGMENT_A;BRAND_A1;992;194
2025;18;Erkek;SEGMENT_A;BRAND_A1;1.030;194
2025;19;Erkek;SEGMENT_A;BRAND_A1;1.046;195
2025;20;Erkek;SEGMENT_A;BRAND_A1;1.033;195
2025;21;Erkek;SEGMENT_A;BRAND_A1;1.109;195
2025;22;Erkek;SEGMENT_A;BRAND_A1;1.143;195
2025;23;Erkek;SEGMENT_A;BRAND_A1;1.266;195
2025;24;Erkek;SEGMENT_A;BRAND_A1;1.323;195
2025;25;Erkek;SEGMENT_A;BRAND_A1;1.422;195
2025;26;Erkek;SEGMENT_A;BRAND_A1;1.406;195
2025;27;Erkek;SEGMENT_A;BRAND_A1;1.472;196
2025;28;Erkek;SEGMENT_A;BRAND_A1;1.578;196
2025;29;Erkek;SEGMENT_A;BRAND_A1;1.548;196
2025;30;Erkek;SEGMENT_A;BRAND_A1;1.545;196
2025;31;Erkek;SEGMENT_A;BRAND_A1;1.608;197
2025;32;Erkek;SEGMENT_A;BRAND_A1;1.580;197
2025;33;Erkek;SEGMENT_A;BRAND_A1;1.565;197
2025;34;Erkek;SEGMENT_A;BRAND_A1;1.587;197
2025;35;Erkek;SEGMENT_A;BRAND_A1;1.754;197
2025;36;Erkek;SEGMENT_A;BRAND_A1;1.764;198
2025;37;Erkek;SEGMENT_A;BRAND_A1;1.762;198
2025;38;Erkek;SEGMENT_A;BRAND_A1;1.786;198
2025;39;Erkek;SEGMENT_A;BRAND_A1;1.707;198
2025;40;Erkek;SEGMENT_A;BRAND_A1;1.907;198
2025;41;Erkek;SEGMENT_A;BRAND_A1;1.827;198
2025;42;Erkek;SEGMENT_A;BRAND_A1;1.807;199
2025;43;Erkek;SEGMENT_A;BRAND_A1;1.844;199
2025;44;Erkek;SEGMENT_A;BRAND_A1;1.814;199
2025;45;Erkek;SEGMENT_A;BRAND_A1;1.799;199
2025;46;Erkek;SEGMENT_A;BRAND_A1;1.788;199
2025;47;Erkek;SEGMENT_A;BRAND_A1;1.922;199
2025;48;Erkek;SEGMENT_A;BRAND_A1;2.113;199
2025;49;Erkek;SEGMENT_A;BRAND_A1;2.029;199
2025;50;Erkek;SEGMENT_A;BRAND_A1;1.901;199
2025;51;Erkek;SEGMENT_A;BRAND_A1;1.775;199
2025;52;Erkek;SEGMENT_A;BRAND_A1;1.695;199
2026;1;Erkek;SEGMENT_A;BRAND_A1;1.597;199
2026;2;Erkek;SEGMENT_A;BRAND_A1;1.534;199
2026;3;Erkek;SEGMENT_A;BRAND_A1;1.600;199
2026;4;Erkek;SEGMENT_A;BRAND_A1;1.463;199
2026;5;Erkek;SEGMENT_A;BRAND_A1;1.370;199
2026;6;Erkek;SEGMENT_A;BRAND_A1;1.322;199
2026;7;Erkek;SEGMENT_A;BRAND_A1;1.257;199
2026;8;Erkek;SEGMENT_A;BRAND_A1;1.295;199
2026;9;Erkek;SEGMENT_A;BRAND_A1;1.273;199
2026;10;Erkek;SEGMENT_A;BRAND_A1;1.336;199
2026;11;Erkek;SEGMENT_A;BRAND_A1;1.311;199
2026;12;Erkek;SEGMENT_A;BRAND_A1;1.291;199
2026;13;Erkek;SEGMENT_A;BRAND_A1;1.252;199
2026;14;Erkek;SEGMENT_A;BRAND_A1;1.338;199
2026;15;Erkek;SEGMENT_A;BRAND_A1;1.247;198
2026;16;Erkek;SEGMENT_A;BRAND_A1;1.179;198
2026;17;Erkek;SEGMENT_A;BRAND_A1;1.241;198
2026;18;Erkek;SEGMENT_A;BRAND_A1;1.156;198
2026;19;Erkek;SEGMENT_A;BRAND_A1;1.176;198
2026;20;Erkek;SEGMENT_A;BRAND_A1;1.296;198
2026;21;Erkek;SEGMENT_A;BRAND_A1;1.349;197
2026;22;Erkek;SEGMENT_A;BRAND_A1;1.323;197
2026;23;Erkek;SEGMENT_A;BRAND_A1;1.375;197
2026;24;Erkek;SEGMENT_A;BRAND_A1;1.455;197
2026;25;Erkek;SEGMENT_A;BRAND_A1;1.451;197
2026;26;Erkek;SEGMENT_A;BRAND_A1;1.402;196
2026;27;Erkek;SEGMENT_A;BRAND_A1;1.479;196
2026;28;Erkek;SEGMENT_A;BRAND_A1;1.397;196
2026;29;Erkek;SEGMENT_A;BRAND_A1;1.456;196
2026;30;Erkek;SEGMENT_A;BRAND_A1;1.404;195
2026;31;Erkek;SEGMENT_A;BRAND_A1;1.430;195
2026;32;Erkek;SEGMENT_A;BRAND_A1;1.472;195
2026;33;Erkek;SEGMENT_A;BRAND_A1;1.583;195
2026;34;Erkek;SEGMENT_A;BRAND_A1;1.727;195
2023;1;Erkek;SEGMENT_A;BRAND_A2;1.381;348
2023;2;Erkek;SEGMENT_A;BRAND_A2;1.377;348
2023;3;Erkek;SEGMENT_A;BRAND_A2;1.352;348
2023;4;Erkek;SEGMENT_A;BRAND_A2;1.279;348
2023;5;Erkek;SEGMENT_A;BRAND_A2;1.349;348
2023;6;Erkek;SEGMENT_A;BRAND_A2;1.331;349
2023;7;Erkek;SEGMENT_A;BRAND_A2;1.257;349
2023;8;Erkek;SEGMENT_A;BRAND_A2;1.213;349
2023;9;Erkek;SEGMENT_A;BRAND_A2;1.201;349
2023;10;Erkek;SEGMENT_A;BRAND_A2;1.227;350
2023;11;Erkek;SEGMENT_A;BRAND_A2;1.135;350
2023;12;Erkek;SEGMENT_A;BRAND_A2;1.139;350
2023;13;Erkek;SEGMENT_A;BRAND_A2;1.189;350
2023;14;Erkek;SEGMENT_A;BRAND_A2;1.165;351
2023;15;Erkek;SEGMENT_A;BRAND_A2;1.113;351
2023;16;Erkek;SEGMENT_A;BRAND_A2;1.058;351
2023;17;Erkek;SEGMENT_A;BRAND_A2;1.034;351
2023;18;Erkek;SEGMENT_A;BRAND_A2;1.026;351
2023;19;Erkek;SEGMENT_A;BRAND_A2;1.039;351
2023;20;Erkek;SEGMENT_A;BRAND_A2;1.020;352
2023;21;Erkek;SEGMENT_A;BRAND_A2;1.068;352
2023;22;Erkek;SEGMENT_A;BRAND_A2;1.057;352
2023;23;Erkek;SEGMENT_A;BRAND_A2;1.102;352
2023;24;Erkek;SEGMENT_A;BRAND_A2;1.197;352
2023;25;Erkek;SEGMENT_A;BRAND_A2;1.232;352
2023;26;Erkek;SEGMENT_A;BRAND_A2;1.233;352
2023;27;Erkek;SEGMENT_A;BRAND_A2;1.278;352
2023;28;Erkek;SEGMENT_A;BRAND_A2;1.416;352
2023;29;Erkek;SEGMENT_A;BRAND_A2;1.455;352
2023;30;Erkek;SEGMENT_A;BRAND_A2;1.595;352
2023;31;Erkek;SEGMENT_A;BRAND_A2;1.521;352
2023;32;Erkek;SEGMENT_A;BRAND_A2;1.581;352
2023;33;Erkek;SEGMENT_A;BRAND_A2;1.594;352
2023;34;Erkek;SEGMENT_A;BRAND_A2;1.817;352
2023;35;Erkek;SEGMENT_A;BRAND_A2;1.820;352
2023;36;Erkek;SEGMENT_A;BRAND_A2;1.894;352
2023;37;Erkek;SEGMENT_A;BRAND_A2;1.785;352
2023;38;Erkek;SEGMENT_A;BRAND_A2;1.710;352
2023;39;Erkek;SEGMENT_A;BRAND_A2;1.619;352
2023;40;Erkek;SEGMENT_A;BRAND_A2;1.613;352
2023;41;Erkek;SEGMENT_A;BRAND_A2;1.738;352
2023;42;Erkek;SEGMENT_A;BRAND_A2;1.787;352
2023;43;Erkek;SEGMENT_A;BRAND_A2;1.759;352
2023;44;Erkek;SEGMENT_A;BRAND_A2;1.813;352
2023;45;Erkek;SEGMENT_A;BRAND_A2;1.826;352
2023;46;Erkek;SEGMENT_A;BRAND_A2;1.824;351
2023;47;Erkek;SEGMENT_A;BRAND_A2;2.007;351
2023;48;Erkek;SEGMENT_A;BRAND_A2;2.096;351
2023;49;Erkek;SEGMENT_A;BRAND_A2;2.007;351
2023;50;Erkek;SEGMENT_A;BRAND_A2;2.036;351
2023;51;Erkek;SEGMENT_A;BRAND_A2;2.007;350
2023;52;Erkek;SEGMENT_A;BRAND_A2;1.893;350
2024;1;Erkek;SEGMENT_A;BRAND_A2;1.724;350
2024;2;Erkek;SEGMENT_A;BRAND_A2;1.691;350
2024;3;Erkek;SEGMENT_A;BRAND_A2;1.594;350
2024;4;Erkek;SEGMENT_A;BRAND_A2;1.609;349
2024;5;Erkek;SEGMENT_A;BRAND_A2;1.524;349
2024;6;Erkek;SEGMENT_A;BRAND_A2;1.417;349
2024;7;Erkek;SEGMENT_A;BRAND_A2;1.444;349
2024;8;Erkek;SEGMENT_A;BRAND_A2;1.422;348
2024;9;Erkek;SEGMENT_A;BRAND_A2;1.336;348
2024;10;Erkek;SEGMENT_A;BRAND_A2;1.350;348
2024;11;Erkek;SEGMENT_A;BRAND_A2;1.305;348
2024;12;Erkek;SEGMENT_A;BRAND_A2;1.255;348
2024;13;Erkek;SEGMENT_A;BRAND_A2;1.235;348
2024;14;Erkek;SEGMENT_A;BRAND_A2;1.274;348
2024;15;Erkek;SEGMENT_A;BRAND_A2;1.175;348
2024;16;Erkek;SEGMENT_A;BRAND_A2;1.148;347
2024;17;Erkek;SEGMENT_A;BRAND_A2;1.162;347
2024;18;Erkek;SEGMENT_A;BRAND_A2;1.097;347
2024;19;Erkek;SEGMENT_A;BRAND_A2;1.216;347
2024;20;Erkek;SEGMENT_A;BRAND_A2;1.245;347
2024;21;Erkek;SEGMENT_A;BRAND_A2;1.324;346
2024;22;Erkek;SEGMENT_A;BRAND_A2;1.301;346
2024;23;Erkek;SEGMENT_A;BRAND_A2;1.327;346
2024;24;Erkek;SEGMENT_A;BRAND_A2;1.336;346
2024;25;Erkek;SEGMENT_A;BRAND_A2;1.297;345
2024;26;Erkek;SEGMENT_A;BRAND_A2;1.366;345
2024;27;Erkek;SEGMENT_A;BRAND_A2;1.368;345
2024;28;Erkek;SEGMENT_A;BRAND_A2;1.453;345
2024;29;Erkek;SEGMENT_A;BRAND_A2;1.545;345
2024;30;Erkek;SEGMENT_A;BRAND_A2;1.729;345
2024;31;Erkek;SEGMENT_A;BRAND_A2;1.924;344
2024;32;Erkek;SEGMENT_A;BRAND_A2;1.921;344
2024;33;Erkek;SEGMENT_A;BRAND_A2;1.855;344
2024;34;Erkek;SEGMENT_A;BRAND_A2;1.914;344
2024;35;Erkek;SEGMENT_A;BRAND_A2;1.800;344
2024;36;Erkek;SEGMENT_A;BRAND_A2;1.769;344
2024;37;Erkek;SEGMENT_A;BRAND_A2;1.750;344
2024;38;Erkek;SEGMENT_A;BRAND_A2;1.753;344
2024;39;Erkek;SEGMENT_A;BRAND_A2;1.758;344
2024;40;Erkek;SEGMENT_A;BRAND_A2;1.892;344
2024;41;Erkek;SEGMENT_A;BRAND_A2;1.849;344
2024;42;Erkek;SEGMENT_A;BRAND_A2;1.925;344
2024;43;Erkek;SEGMENT_A;BRAND_A2;1.889;344
2024;44;Erkek;SEGMENT_A;BRAND_A2;1.956;344
2024;45;Erkek;SEGMENT_A;BRAND_A2;1.952;344
2024;46;Erkek;SEGMENT_A;BRAND_A2;1.952;344
2024;47;Erkek;SEGMENT_A;BRAND_A2;1.991;344
2024;48;Erkek;SEGMENT_A;BRAND_A2;2.093;344
2024;49;Erkek;SEGMENT_A;BRAND_A2;2.066;344
2024;50;Erkek;SEGMENT_A;BRAND_A2;2.121;344
2024;51;Erkek;SEGMENT_A;BRAND_A2;1.998;344
2024;52;Erkek;SEGMENT_A;BRAND_A2;1.950;344
2025;1;Erkek;SEGMENT_A;BRAND_A2;1.819;344
2025;2;Erkek;SEGMENT_A;BRAND_A2;1.734;344
2025;3;Erkek;SEGMENT_A;BRAND_A2;1.654;344
2025;4;Erkek;SEGMENT_A;BRAND_A2;1.611;344
2025;5;Erkek;SEGMENT_A;BRAND_A2;1.643;345
2025;6;Erkek;SEGMENT_A;BRAND_A2;1.631;345
2025;7;Erkek;SEGMENT_A;BRAND_A2;1.655;345
2025;8;Erkek;SEGMENT_A;BRAND_A2;1.580;345
2025;9;Erkek;SEGMENT_A;BRAND_A2;1.578;345
2025;10;Erkek;SEGMENT_A;BRAND_A2;1.506;346
2025;11;Erkek;SEGMENT_A;BRAND_A2;1.453;346
2025;12;Erkek;SEGMENT_A;BRAND_A2;1.399;346
2025;13;Erkek;SEGMENT_A;BRAND_A2;1.430;346
2025;14;Erkek;SEGMENT_A;BRAND_A2;1.393;346
2025;15;Erkek;SEGMENT_A;BRAND_A2;1.383;347
2025;16;Erkek;SEGMENT_A;BRAND_A2;1.333;347
2025;17;Erkek;SEGMENT_A;BRAND_A2;1.294;347
2025;18;Erkek;SEGMENT_A;BRAND_A2;1.292;347
2025;19;Erkek;SEGMENT_A;BRAND_A2;1.309;348
2025;20;Erkek;SEGMENT_A;BRAND_A2;1.250;348
2025;21;Erkek;SEGMENT_A;BRAND_A2;1.362;348
2025;22;Erkek;SEGMENT_A;BRAND_A2;1.368;348
2025;23;Erkek;SEGMENT_A;BRAND_A2;1.446;348
2025;24;Erkek;SEGMENT_A;BRAND_A2;1.384;348
2025;25;Erkek;SEGMENT_A;BRAND_A2;1.523;348
2025;26;Erkek;SEGMENT_A;BRAND_A2;1.664;348
2025;27;Erkek;SEGMENT_A;BRAND_A2;1.556;349
2025;28;Erkek;SEGMENT_A;BRAND_A2;1.568;349
2025;29;Erkek;SEGMENT_A;BRAND_A2;1.527;349
2025;30;Erkek;SEGMENT_A;BRAND_A2;1.717;349
2025;31;Erkek;SEGMENT_A;BRAND_A2;1.812;350
2025;32;Erkek;SEGMENT_A;BRAND_A2;1.850;350
2025;33;Erkek;SEGMENT_A;BRAND_A2;2.042;350
2025;34;Erkek;SEGMENT_A;BRAND_A2;2.029;350
2025;35;Erkek;SEGMENT_A;BRAND_A2;2.200;350
2025;36;Erkek;SEGMENT_A;BRAND_A2;2.189;351
2025;37;Erkek;SEGMENT_A;BRAND_A2;2.100;351
2025;38;Erkek;SEGMENT_A;BRAND_A2;2.062;351
2025;39;Erkek;SEGMENT_A;BRAND_A2;2.084;351
2025;40;Erkek;SEGMENT_A;BRAND_A2;2.071;351
2025;41;Erkek;SEGMENT_A;BRAND_A2;2.174;351
2025;42;Erkek;SEGMENT_A;BRAND_A2;2.072;352
2025;43;Erkek;SEGMENT_A;BRAND_A2;2.023;352
2025;44;Erkek;SEGMENT_A;BRAND_A2;1.917;352
2025;45;Erkek;SEGMENT_A;BRAND_A2;1.942;352
2025;46;Erkek;SEGMENT_A;BRAND_A2;1.935;352
2025;47;Erkek;SEGMENT_A;BRAND_A2;1.964;352
2025;48;Erkek;SEGMENT_A;BRAND_A2;2.031;352
2025;49;Erkek;SEGMENT_A;BRAND_A2;1.944;352
2025;50;Erkek;SEGMENT_A;BRAND_A2;1.869;352
2025;51;Erkek;SEGMENT_A;BRAND_A2;1.941;352
2025;52;Erkek;SEGMENT_A;BRAND_A2;1.966;352
2026;1;Erkek;SEGMENT_A;BRAND_A2;1.947;352
2026;2;Erkek;SEGMENT_A;BRAND_A2;1.824;352
2026;3;Erkek;SEGMENT_A;BRAND_A2;1.728;352
2026;4;Erkek;SEGMENT_A;BRAND_A2;1.713;352
2026;5;Erkek;SEGMENT_A;BRAND_A2;1.603;352
2026;6;Erkek;SEGMENT_A;BRAND_A2;1.524;352
2026;7;Erkek;SEGMENT_A;BRAND_A2;1.455;352
2026;8;Erkek;SEGMENT_A;BRAND_A2;1.603;352
2026;9;Erkek;SEGMENT_A;BRAND_A2;1.595;352
2026;10;Erkek;SEGMENT_A;BRAND_A2;1.512;352
2026;11;Erkek;SEGMENT_A;BRAND_A2;1.555;352
2026;12;Erkek;SEGMENT_A;BRAND_A2;1.639;352
2026;13;Erkek;SEGMENT_A;BRAND_A2;1.546;352
2026;14;Erkek;SEGMENT_A;BRAND_A2;1.484;352
2026;15;Erkek;SEGMENT_A;BRAND_A2;1.475;351
2026;16;Erkek;SEGMENT_A;BRAND_A2;1.509;351
2026;17;Erkek;SEGMENT_A;BRAND_A2;1.501;351
2026;18;Erkek;SEGMENT_A;BRAND_A2;1.547;351
2026;19;Erkek;SEGMENT_A;BRAND_A2;1.571;351
2026;20;Erkek;SEGMENT_A;BRAND_A2;1.488;351
2026;21;Erkek;SEGMENT_A;BRAND_A2;1.588;350
2026;22;Erkek;SEGMENT_A;BRAND_A2;1.674;350
2026;23;Erkek;SEGMENT_A;BRAND_A2;1.821;350
2026;24;Erkek;SEGMENT_A;BRAND_A2;1.899;350
2026;25;Erkek;SEGMENT_A;BRAND_A2;1.917;350
2026;26;Erkek;SEGMENT_A;BRAND_A2;1.912;349
2026;27;Erkek;SEGMENT_A;BRAND_A2;1.956;349
2026;28;Erkek;SEGMENT_A;BRAND_A2;2.063;349
2026;29;Erkek;SEGMENT_A;BRAND_A2;2.116;349
2026;30;Erkek;SEGMENT_A;BRAND_A2;2.185;348
2026;31;Erkek;SEGMENT_A;BRAND_A2;2.172;348
2026;32;Erkek;SEGMENT_A;BRAND_A2;2.231;348
2026;33;Erkek;SEGMENT_A;BRAND_A2;2.276;348
2026;34;Erkek;SEGMENT_A;BRAND_A2;2.385;348
2023;1;Erkek;SEGMENT_A;BRAND_A3;1.468;156
2023;2;Erkek;SEGMENT_A;BRAND_A3;1.463;156
2023;3;Erkek;SEGMENT_A;BRAND_A3;1.363;156
2023;4;Erkek;SEGMENT_A;BRAND_A3;1.372;156
2023;5;Erkek;SEGMENT_A;BRAND_A3;1.387;156
2023;6;Erkek;SEGMENT_A;BRAND_A3;1.386;157
2023;7;Erkek;SEGMENT_A;BRAND_A3;1.390;157
2023;8;Erkek;SEGMENT_A;BRAND_A3;1.289;157
2023;9;Erkek;SEGMENT_A;BRAND_A3;1.272;157
2023;10;Erkek;SEGMENT_A;BRAND_A3;1.302;158
2023;11;Erkek;SEGMENT_A;BRAND_A3;1.348;158
2023;12;Erkek;SEGMENT_A;BRAND_A3;1.430;158
2023;13;Erkek;SEGMENT_A;BRAND_A3;1.377;158
2023;14;Erkek;SEGMENT_A;BRAND_A3;1.331;159
2023;15;Erkek;SEGMENT_A;BRAND_A3;1.329;159
2023;16;Erkek;SEGMENT_A;BRAND_A3;1.251;159
2023;17;Erkek;SEGMENT_A;BRAND_A3;1.192;159
2023;18;Erkek;SEGMENT_A;BRAND_A3;1.287;159
2023;19;Erkek;SEGMENT_A;BRAND_A3;1.344;159
2023;20;Erkek;SEGMENT_A;BRAND_A3;1.499;160
2023;21;Erkek;SEGMENT_A;BRAND_A3;1.563;160
2023;22;Erkek;SEGMENT_A;BRAND_A3;1.519;160
2023;23;Erkek;SEGMENT_A;BRAND_A3;1.528;160
2023;24;Erkek;SEGMENT_A;BRAND_A3;1.604;160
2023;25;Erkek;SEGMENT_A;BRAND_A3;1.720;160
2023;26;Erkek;SEGMENT_A;BRAND_A3;1.632;160
2023;27;Erkek;SEGMENT_A;BRAND_A3;1.584;160
2023;28;Erkek;SEGMENT_A;BRAND_A3;1.575;160
2023;29;Erkek;SEGMENT_A;BRAND_A3;1.654;160
2023;30;Erkek;SEGMENT_A;BRAND_A3;1.713;160
2023;31;Erkek;SEGMENT_A;BRAND_A3;1.644;160
2023;32;Erkek;SEGMENT_A;BRAND_A3;1.807;160
2023;33;Erkek;SEGMENT_A;BRAND_A3;1.701;160
2023;34;Erkek;SEGMENT_A;BRAND_A3;1.729;160
2023;35;Erkek;SEGMENT_A;BRAND_A3;1.808;160
2023;36;Erkek;SEGMENT_A;BRAND_A3;1.893;160
2023;37;Erkek;SEGMENT_A;BRAND_A3;1.802;160
2023;38;Erkek;SEGMENT_A;BRAND_A3;1.755;160
2023;39;Erkek;SEGMENT_A;BRAND_A3;1.854;160
2023;40;Erkek;SEGMENT_A;BRAND_A3;1.810;160
2023;41;Erkek;SEGMENT_A;BRAND_A3;2.067;160
2023;42;Erkek;SEGMENT_A;BRAND_A3;2.093;160
2023;43;Erkek;SEGMENT_A;BRAND_A3;1.968;160
2023;44;Erkek;SEGMENT_A;BRAND_A3;2.132;160
2023;45;Erkek;SEGMENT_A;BRAND_A3;2.131;160
2023;46;Erkek;SEGMENT_A;BRAND_A3;2.160;159
2023;47;Erkek;SEGMENT_A;BRAND_A3;2.380;159
2023;48;Erkek;SEGMENT_A;BRAND_A3;2.420;159
2023;49;Erkek;SEGMENT_A;BRAND_A3;2.207;159
2023;50;Erkek;SEGMENT_A;BRAND_A3;2.202;159
2023;51;Erkek;SEGMENT_A;BRAND_A3;2.115;158
2023;52;Erkek;SEGMENT_A;BRAND_A3;1.954;158
2024;1;Erkek;SEGMENT_A;BRAND_A3;1.854;158
2024;2;Erkek;SEGMENT_A;BRAND_A3;1.745;158
2024;3;Erkek;SEGMENT_A;BRAND_A3;1.788;158
2024;4;Erkek;SEGMENT_A;BRAND_A3;1.705;157
2024;5;Erkek;SEGMENT_A;BRAND_A3;1.723;157
2024;6;Erkek;SEGMENT_A;BRAND_A3;1.607;157
2024;7;Erkek;SEGMENT_A;BRAND_A3;1.598;157
2024;8;Erkek;SEGMENT_A;BRAND_A3;1.483;156
2024;9;Erkek;SEGMENT_A;BRAND_A3;1.372;156
2024;10;Erkek;SEGMENT_A;BRAND_A3;1.386;156
2024;11;Erkek;SEGMENT_A;BRAND_A3;1.390;156
2024;12;Erkek;SEGMENT_A;BRAND_A3;1.365;156
2024;13;Erkek;SEGMENT_A;BRAND_A3;1.398;156
2024;14;Erkek;SEGMENT_A;BRAND_A3;1.357;156
2024;15;Erkek;SEGMENT_A;BRAND_A3;1.379;156
2024;16;Erkek;SEGMENT_A;BRAND_A3;1.375;155
2024;17;Erkek;SEGMENT_A;BRAND_A3;1.405;155
2024;18;Erkek;SEGMENT_A;BRAND_A3;1.400;155
2024;19;Erkek;SEGMENT_A;BRAND_A3;1.422;155
2024;20;Erkek;SEGMENT_A;BRAND_A3;1.411;155
2024;21;Erkek;SEGMENT_A;BRAND_A3;1.459;154
2024;22;Erkek;SEGMENT_A;BRAND_A3;1.411;154
2024;23;Erkek;SEGMENT_A;BRAND_A3;1.464;154
2024;24;Erkek;SEGMENT_A;BRAND_A3;1.441;154
2024;25;Erkek;SEGMENT_A;BRAND_A3;1.617;153
2024;26;Erkek;SEGMENT_A;BRAND_A3;1.784;153
2024;27;Erkek;SEGMENT_A;BRAND_A3;1.844;153
2024;28;Erkek;SEGMENT_A;BRAND_A3;1.837;153
2024;29;Erkek;SEGMENT_A;BRAND_A3;1.782;153
2024;30;Erkek;SEGMENT_A;BRAND_A3;1.793;153
2024;31;Erkek;SEGMENT_A;BRAND_A3;1.983;152
2024;32;Erkek;SEGMENT_A;BRAND_A3;2.072;152
2024;33;Erkek;SEGMENT_A;BRAND_A3;2.128;152
2024;34;Erkek;SEGMENT_A;BRAND_A3;2.366;152
2024;35;Erkek;SEGMENT_A;BRAND_A3;2.389;152
2024;36;Erkek;SEGMENT_A;BRAND_A3;2.266;152
2024;37;Erkek;SEGMENT_A;BRAND_A3;2.208;152
2024;38;Erkek;SEGMENT_A;BRAND_A3;2.103;152
2024;39;Erkek;SEGMENT_A;BRAND_A3;2.075;152
2024;40;Erkek;SEGMENT_A;BRAND_A3;2.091;152
2024;41;Erkek;SEGMENT_A;BRAND_A3;2.304;152
2024;42;Erkek;SEGMENT_A;BRAND_A3;2.496;152
2024;43;Erkek;SEGMENT_A;BRAND_A3;2.543;152
2024;44;Erkek;SEGMENT_A;BRAND_A3;2.550;152
2024;45;Erkek;SEGMENT_A;BRAND_A3;2.434;152
2024;46;Erkek;SEGMENT_A;BRAND_A3;2.604;152
2024;47;Erkek;SEGMENT_A;BRAND_A3;2.798;152
2024;48;Erkek;SEGMENT_A;BRAND_A3;3.084;152
2024;49;Erkek;SEGMENT_A;BRAND_A3;2.867;152
2024;50;Erkek;SEGMENT_A;BRAND_A3;2.682;152
2024;51;Erkek;SEGMENT_A;BRAND_A3;2.492;152
2024;52;Erkek;SEGMENT_A;BRAND_A3;2.395;152
2025;1;Erkek;SEGMENT_A;BRAND_A3;2.287;152
2025;2;Erkek;SEGMENT_A;BRAND_A3;2.162;152
2025;3;Erkek;SEGMENT_A;BRAND_A3;2.057;152
2025;4;Erkek;SEGMENT_A;BRAND_A3;2.050;152
2025;5;Erkek;SEGMENT_A;BRAND_A3;1.923;153
2025;6;Erkek;SEGMENT_A;BRAND_A3;1.784;153
2025;7;Erkek;SEGMENT_A;BRAND_A3;1.745;153
2025;8;Erkek;SEGMENT_A;BRAND_A3;1.633;153
2025;9;Erkek;SEGMENT_A;BRAND_A3;1.604;153
2025;10;Erkek;SEGMENT_A;BRAND_A3;1.464;154
2025;11;Erkek;SEGMENT_A;BRAND_A3;1.412;154
2025;12;Erkek;SEGMENT_A;BRAND_A3;1.326;154
2025;13;Erkek;SEGMENT_A;BRAND_A3;1.342;154
2025;14;Erkek;SEGMENT_A;BRAND_A3;1.382;154
2025;15;Erkek;SEGMENT_A;BRAND_A3;1.522;155
2025;16;Erkek;SEGMENT_A;BRAND_A3;1.435;155
2025;17;Erkek;SEGMENT_A;BRAND_A3;1.500;155
2025;18;Erkek;SEGMENT_A;BRAND_A3;1.474;155
2025;19;Erkek;SEGMENT_A;BRAND_A3;1.375;156
2025;20;Erkek;SEGMENT_A;BRAND_A3;1.526;156
2025;21;Erkek;SEGMENT_A;BRAND_A3;1.585;156
2025;22;Erkek;SEGMENT_A;BRAND_A3;1.578;156
2025;23;Erkek;SEGMENT_A;BRAND_A3;1.719;156
2025;24;Erkek;SEGMENT_A;BRAND_A3;1.772;156
2025;25;Erkek;SEGMENT_A;BRAND_A3;1.821;156
2025;26;Erkek;SEGMENT_A;BRAND_A3;1.867;156
2025;27;Erkek;SEGMENT_A;BRAND_A3;1.807;157
2025;28;Erkek;SEGMENT_A;BRAND_A3;1.860;157
2025;29;Erkek;SEGMENT_A;BRAND_A3;2.061;157
2025;30;Erkek;SEGMENT_A;BRAND_A3;2.153;157
2025;31;Erkek;SEGMENT_A;BRAND_A3;2.092;158
2025;32;Erkek;SEGMENT_A;BRAND_A3;2.114;158
2025;33;Erkek;SEGMENT_A;BRAND_A3;2.220;158
2025;34;Erkek;SEGMENT_A;BRAND_A3;2.289;158
2025;35;Erkek;SEGMENT_A;BRAND_A3;2.254;158
2025;36;Erkek;SEGMENT_A;BRAND_A3;2.233;159
2025;37;Erkek;SEGMENT_A;BRAND_A3;2.285;159
2025;38;Erkek;SEGMENT_A;BRAND_A3;2.310;159
2025;39;Erkek;SEGMENT_A;BRAND_A3;2.393;159
2025;40;Erkek;SEGMENT_A;BRAND_A3;2.433;159
2025;41;Erkek;SEGMENT_A;BRAND_A3;2.415;159
2025;42;Erkek;SEGMENT_A;BRAND_A3;2.538;160
2025;43;Erkek;SEGMENT_A;BRAND_A3;2.591;160
2025;44;Erkek;SEGMENT_A;BRAND_A3;2.657;160
2025;45;Erkek;SEGMENT_A;BRAND_A3;2.494;160
2025;46;Erkek;SEGMENT_A;BRAND_A3;2.430;160
2025;47;Erkek;SEGMENT_A;BRAND_A3;2.663;160
2025;48;Erkek;SEGMENT_A;BRAND_A3;2.962;160
2025;49;Erkek;SEGMENT_A;BRAND_A3;2.865;160
2025;50;Erkek;SEGMENT_A;BRAND_A3;2.725;160
2025;51;Erkek;SEGMENT_A;BRAND_A3;2.522;160
2025;52;Erkek;SEGMENT_A;BRAND_A3;2.509;160
2026;1;Erkek;SEGMENT_A;BRAND_A3;2.389;160
2026;2;Erkek;SEGMENT_A;BRAND_A3;2.167;160
2026;3;Erkek;SEGMENT_A;BRAND_A3;2.209;160
2026;4;Erkek;SEGMENT_A;BRAND_A3;2.098;160
2026;5;Erkek;SEGMENT_A;BRAND_A3;2.064;160
2026;6;Erkek;SEGMENT_A;BRAND_A3;1.974;160
2026;7;Erkek;SEGMENT_A;BRAND_A3;1.880;160
2026;8;Erkek;SEGMENT_A;BRAND_A3;1.902;160
2026;9;Erkek;SEGMENT_A;BRAND_A3;1.911;160
2026;10;Erkek;SEGMENT_A;BRAND_A3;1.882;160
2026;11;Erkek;SEGMENT_A;BRAND_A3;1.833;160
2026;12;Erkek;SEGMENT_A;BRAND_A3;1.847;160
2026;13;Erkek;SEGMENT_A;BRAND_A3;1.814;160
2026;14;Erkek;SEGMENT_A;BRAND_A3;1.758;160
2026;15;Erkek;SEGMENT_A;BRAND_A3;1.741;159
2026;16;Erkek;SEGMENT_A;BRAND_A3;1.719;159
2026;17;Erkek;SEGMENT_A;BRAND_A3;1.801;159
2026;18;Erkek;SEGMENT_A;BRAND_A3;1.813;159
2026;19;Erkek;SEGMENT_A;BRAND_A3;1.692;159
2026;20;Erkek;SEGMENT_A;BRAND_A3;1.621;159
2026;21;Erkek;SEGMENT_A;BRAND_A3;1.655;158
2026;22;Erkek;SEGMENT_A;BRAND_A3;1.671;158
2026;23;Erkek;SEGMENT_A;BRAND_A3;1.819;158
2026;24;Erkek;SEGMENT_A;BRAND_A3;1.923;158
2026;25;Erkek;SEGMENT_A;BRAND_A3;1.977;158
2026;26;Erkek;SEGMENT_A;BRAND_A3;1.943;157
2026;27;Erkek;SEGMENT_A;BRAND_A3;2.029;157
2026;28;Erkek;SEGMENT_A;BRAND_A3;2.124;157
2026;29;Erkek;SEGMENT_A;BRAND_A3;2.348;157
2026;30;Erkek;SEGMENT_A;BRAND_A3;2.330;156
2026;31;Erkek;SEGMENT_A;BRAND_A3;2.316;156
2026;32;Erkek;SEGMENT_A;BRAND_A3;2.332;156
2026;33;Erkek;SEGMENT_A;BRAND_A3;2.406;156
2026;34;Erkek;SEGMENT_A;BRAND_A3;2.513;156
2023;1;Erkek;SEGMENT_A;BRAND_A4;1.420;245
2023;2;Erkek;SEGMENT_A;BRAND_A4;1.325;245
2023;3;Erkek;SEGMENT_A;BRAND_A4;1.224;245
2023;4;Erkek;SEGMENT_A;BRAND_A4;1.215;245
2023;5;Erkek;SEGMENT_A;BRAND_A4;1.146;245
2023;6;Erkek;SEGMENT_A;BRAND_A4;1.074;246
2023;7;Erkek;SEGMENT_A;BRAND_A4;1.013;246
2023;8;Erkek;SEGMENT_A;BRAND_A4;1.055;246
2023;9;Erkek;SEGMENT_A;BRAND_A4;1.034;246
2023;10;Erkek;SEGMENT_A;BRAND_A4;990;247
2023;11;Erkek;SEGMENT_A;BRAND_A4;994;247
2023;12;Erkek;SEGMENT_A;BRAND_A4;1.002;247
2023;13;Erkek;SEGMENT_A;BRAND_A4;1.032;247
2023;14;Erkek;SEGMENT_A;BRAND_A4;962;248
2023;15;Erkek;SEGMENT_A;BRAND_A4;973;248
2023;16;Erkek;SEGMENT_A;BRAND_A4;1.009;248
2023;17;Erkek;SEGMENT_A;BRAND_A4;1.082;248
2023;18;Erkek;SEGMENT_A;BRAND_A4;1.091;248
2023;19;Erkek;SEGMENT_A;BRAND_A4;1.032;248
2023;20;Erkek;SEGMENT_A;BRAND_A4;1.071;249
2023;21;Erkek;SEGMENT_A;BRAND_A4;1.087;249
2023;22;Erkek;SEGMENT_A;BRAND_A4;1.103;249
2023;23;Erkek;SEGMENT_A;BRAND_A4;1.053;249
2023;24;Erkek;SEGMENT_A;BRAND_A4;1.184;249
2023;25;Erkek;SEGMENT_A;BRAND_A4;1.134;249
2023;26;Erkek;SEGMENT_A;BRAND_A4;1.124;249
2023;27;Erkek;SEGMENT_A;BRAND_A4;1.103;249
2023;28;Erkek;SEGMENT_A;BRAND_A4;1.170;249
2023;29;Erkek;SEGMENT_A;BRAND_A4;1.233;249
2023;30;Erkek;SEGMENT_A;BRAND_A4;1.251;249
2023;31;Erkek;SEGMENT_A;BRAND_A4;1.285;249
2023;32;Erkek;SEGMENT_A;BRAND_A4;1.366;249
2023;33;Erkek;SEGMENT_A;BRAND_A4;1.301;249
2023;34;Erkek;SEGMENT_A;BRAND_A4;1.330;249
2023;35;Erkek;SEGMENT_A;BRAND_A4;1.307;249
2023;36;Erkek;SEGMENT_A;BRAND_A4;1.405;249
2023;37;Erkek;SEGMENT_A;BRAND_A4;1.428;249
2023;38;Erkek;SEGMENT_A;BRAND_A4;1.556;249
2023;39;Erkek;SEGMENT_A;BRAND_A4;1.738;249
2023;40;Erkek;SEGMENT_A;BRAND_A4;1.708;249
2023;41;Erkek;SEGMENT_A;BRAND_A4;1.678;249
2023;42;Erkek;SEGMENT_A;BRAND_A4;1.685;249
2023;43;Erkek;SEGMENT_A;BRAND_A4;1.580;249
2023;44;Erkek;SEGMENT_A;BRAND_A4;1.483;249
2023;45;Erkek;SEGMENT_A;BRAND_A4;1.622;249
2023;46;Erkek;SEGMENT_A;BRAND_A4;1.595;248
2023;47;Erkek;SEGMENT_A;BRAND_A4;1.563;248
2023;48;Erkek;SEGMENT_A;BRAND_A4;1.637;248
2023;49;Erkek;SEGMENT_A;BRAND_A4;1.632;248
2023;50;Erkek;SEGMENT_A;BRAND_A4;1.715;248
2023;51;Erkek;SEGMENT_A;BRAND_A4;1.696;247
2023;52;Erkek;SEGMENT_A;BRAND_A4;1.599;247
2024;1;Erkek;SEGMENT_A;BRAND_A4;1.578;247
2024;2;Erkek;SEGMENT_A;BRAND_A4;1.479;247
2024;3;Erkek;SEGMENT_A;BRAND_A4;1.407;247
2024;4;Erkek;SEGMENT_A;BRAND_A4;1.388;246
2024;5;Erkek;SEGMENT_A;BRAND_A4;1.370;246
2024;6;Erkek;SEGMENT_A;BRAND_A4;1.287;246
2024;7;Erkek;SEGMENT_A;BRAND_A4;1.257;246
2024;8;Erkek;SEGMENT_A;BRAND_A4;1.308;245
2024;9;Erkek;SEGMENT_A;BRAND_A4;1.248;245
2024;10;Erkek;SEGMENT_A;BRAND_A4;1.229;245
2024;11;Erkek;SEGMENT_A;BRAND_A4;1.157;245
2024;12;Erkek;SEGMENT_A;BRAND_A4;1.066;245
2024;13;Erkek;SEGMENT_A;BRAND_A4;1.063;245
2024;14;Erkek;SEGMENT_A;BRAND_A4;1.081;245
2024;15;Erkek;SEGMENT_A;BRAND_A4;1.124;245
2024;16;Erkek;SEGMENT_A;BRAND_A4;1.114;244
2024;17;Erkek;SEGMENT_A;BRAND_A4;1.066;244
2024;18;Erkek;SEGMENT_A;BRAND_A4;1.127;244
2024;19;Erkek;SEGMENT_A;BRAND_A4;1.193;244
2024;20;Erkek;SEGMENT_A;BRAND_A4;1.212;244
2024;21;Erkek;SEGMENT_A;BRAND_A4;1.241;243
2024;22;Erkek;SEGMENT_A;BRAND_A4;1.176;243
2024;23;Erkek;SEGMENT_A;BRAND_A4;1.124;243
2024;24;Erkek;SEGMENT_A;BRAND_A4;1.184;243
2024;25;Erkek;SEGMENT_A;BRAND_A4;1.171;242
2024;26;Erkek;SEGMENT_A;BRAND_A4;1.259;242
2024;27;Erkek;SEGMENT_A;BRAND_A4;1.374;242
2024;28;Erkek;SEGMENT_A;BRAND_A4;1.330;242
2024;29;Erkek;SEGMENT_A;BRAND_A4;1.426;242
2024;30;Erkek;SEGMENT_A;BRAND_A4;1.451;242
2024;31;Erkek;SEGMENT_A;BRAND_A4;1.528;241
2024;32;Erkek;SEGMENT_A;BRAND_A4;1.579;241
2024;33;Erkek;SEGMENT_A;BRAND_A4;1.665;241
2024;34;Erkek;SEGMENT_A;BRAND_A4;1.759;241
2024;35;Erkek;SEGMENT_A;BRAND_A4;1.783;241
2024;36;Erkek;SEGMENT_A;BRAND_A4;1.842;241
2024;37;Erkek;SEGMENT_A;BRAND_A4;2.010;241
2024;38;Erkek;SEGMENT_A;BRAND_A4;1.942;241
2024;39;Erkek;SEGMENT_A;BRAND_A4;1.945;241
2024;40;Erkek;SEGMENT_A;BRAND_A4;1.815;241
2024;41;Erkek;SEGMENT_A;BRAND_A4;1.721;241
2024;42;Erkek;SEGMENT_A;BRAND_A4;1.823;241
2024;43;Erkek;SEGMENT_A;BRAND_A4;1.747;241
2024;44;Erkek;SEGMENT_A;BRAND_A4;1.611;241
2024;45;Erkek;SEGMENT_A;BRAND_A4;1.532;241
2024;46;Erkek;SEGMENT_A;BRAND_A4;1.684;241
2024;47;Erkek;SEGMENT_A;BRAND_A4;1.866;241
2024;48;Erkek;SEGMENT_A;BRAND_A4;1.871;241
2024;49;Erkek;SEGMENT_A;BRAND_A4;1.756;241
2024;50;Erkek;SEGMENT_A;BRAND_A4;1.777;241
2024;51;Erkek;SEGMENT_A;BRAND_A4;1.707;241
2024;52;Erkek;SEGMENT_A;BRAND_A4;1.570;241
2025;1;Erkek;SEGMENT_A;BRAND_A4;1.490;241
2025;2;Erkek;SEGMENT_A;BRAND_A4;1.493;241
2025;3;Erkek;SEGMENT_A;BRAND_A4;1.428;241
2025;4;Erkek;SEGMENT_A;BRAND_A4;1.486;241
2025;5;Erkek;SEGMENT_A;BRAND_A4;1.430;242
2025;6;Erkek;SEGMENT_A;BRAND_A4;1.413;242
2025;7;Erkek;SEGMENT_A;BRAND_A4;1.323;242
2025;8;Erkek;SEGMENT_A;BRAND_A4;1.238;242
2025;9;Erkek;SEGMENT_A;BRAND_A4;1.264;242
2025;10;Erkek;SEGMENT_A;BRAND_A4;1.234;243
2025;11;Erkek;SEGMENT_A;BRAND_A4;1.261;243
2025;12;Erkek;SEGMENT_A;BRAND_A4;1.289;243
2025;13;Erkek;SEGMENT_A;BRAND_A4;1.246;243
2025;14;Erkek;SEGMENT_A;BRAND_A4;1.286;243
2025;15;Erkek;SEGMENT_A;BRAND_A4;1.196;244
2025;16;Erkek;SEGMENT_A;BRAND_A4;1.186;244
2025;17;Erkek;SEGMENT_A;BRAND_A4;1.144;244
2025;18;Erkek;SEGMENT_A;BRAND_A4;1.201;244
2025;19;Erkek;SEGMENT_A;BRAND_A4;1.165;245
2025;20;Erkek;SEGMENT_A;BRAND_A4;1.269;245
2025;21;Erkek;SEGMENT_A;BRAND_A4;1.241;245
2025;22;Erkek;SEGMENT_A;BRAND_A4;1.314;245
2025;23;Erkek;SEGMENT_A;BRAND_A4;1.339;245
2025;24;Erkek;SEGMENT_A;BRAND_A4;1.344;245
2025;25;Erkek;SEGMENT_A;BRAND_A4;1.337;245
2025;26;Erkek;SEGMENT_A;BRAND_A4;1.527;245
2025;27;Erkek;SEGMENT_A;BRAND_A4;1.503;246
2025;28;Erkek;SEGMENT_A;BRAND_A4;1.580;246
2025;29;Erkek;SEGMENT_A;BRAND_A4;1.610;246
2025;30;Erkek;SEGMENT_A;BRAND_A4;1.601;246
2025;31;Erkek;SEGMENT_A;BRAND_A4;1.710;247
2025;32;Erkek;SEGMENT_A;BRAND_A4;1.710;247
2025;33;Erkek;SEGMENT_A;BRAND_A4;1.711;247
2025;34;Erkek;SEGMENT_A;BRAND_A4;1.751;247
2025;35;Erkek;SEGMENT_A;BRAND_A4;1.915;247
2025;36;Erkek;SEGMENT_A;BRAND_A4;1.915;248
2025;37;Erkek;SEGMENT_A;BRAND_A4;1.766;248
2025;38;Erkek;SEGMENT_A;BRAND_A4;1.793;248
2025;39;Erkek;SEGMENT_A;BRAND_A4;2.004;248
2025;40;Erkek;SEGMENT_A;BRAND_A4;1.880;248
2025;41;Erkek;SEGMENT_A;BRAND_A4;1.848;248
2025;42;Erkek;SEGMENT_A;BRAND_A4;2.016;249
2025;43;Erkek;SEGMENT_A;BRAND_A4;1.961;249
2025;44;Erkek;SEGMENT_A;BRAND_A4;1.946;249
2025;45;Erkek;SEGMENT_A;BRAND_A4;1.895;249
2025;46;Erkek;SEGMENT_A;BRAND_A4;1.737;249
2025;47;Erkek;SEGMENT_A;BRAND_A4;1.841;249
2025;48;Erkek;SEGMENT_A;BRAND_A4;1.961;249
2025;49;Erkek;SEGMENT_A;BRAND_A4;1.822;249
2025;50;Erkek;SEGMENT_A;BRAND_A4;1.749;249
2025;51;Erkek;SEGMENT_A;BRAND_A4;1.743;249
2025;52;Erkek;SEGMENT_A;BRAND_A4;1.656;249
2026;1;Erkek;SEGMENT_A;BRAND_A4;1.566;249
2026;2;Erkek;SEGMENT_A;BRAND_A4;1.603;249
2026;3;Erkek;SEGMENT_A;BRAND_A4;1.515;249
2026;4;Erkek;SEGMENT_A;BRAND_A4;1.458;249
2026;5;Erkek;SEGMENT_A;BRAND_A4;1.507;249
2026;6;Erkek;SEGMENT_A;BRAND_A4;1.392;249
2026;7;Erkek;SEGMENT_A;BRAND_A4;1.339;249
2026;8;Erkek;SEGMENT_A;BRAND_A4;1.376;249
2026;9;Erkek;SEGMENT_A;BRAND_A4;1.426;249
2026;10;Erkek;SEGMENT_A;BRAND_A4;1.434;249
2026;11;Erkek;SEGMENT_A;BRAND_A4;1.403;249
2026;12;Erkek;SEGMENT_A;BRAND_A4;1.330;249
2026;13;Erkek;SEGMENT_A;BRAND_A4;1.323;249
2026;14;Erkek;SEGMENT_A;BRAND_A4;1.333;249
2026;15;Erkek;SEGMENT_A;BRAND_A4;1.282;248
2026;16;Erkek;SEGMENT_A;BRAND_A4;1.206;248
2026;17;Erkek;SEGMENT_A;BRAND_A4;1.210;248
2026;18;Erkek;SEGMENT_A;BRAND_A4;1.248;248
2026;19;Erkek;SEGMENT_A;BRAND_A4;1.187;248
2026;20;Erkek;SEGMENT_A;BRAND_A4;1.200;248
2026;21;Erkek;SEGMENT_A;BRAND_A4;1.190;247
2026;22;Erkek;SEGMENT_A;BRAND_A4;1.198;247
2026;23;Erkek;SEGMENT_A;BRAND_A4;1.180;247
2026;24;Erkek;SEGMENT_A;BRAND_A4;1.170;247
2026;25;Erkek;SEGMENT_A;BRAND_A4;1.286;247
2026;26;Erkek;SEGMENT_A;BRAND_A4;1.353;246
2026;27;Erkek;SEGMENT_A;BRAND_A4;1.367;246
2026;28;Erkek;SEGMENT_A;BRAND_A4;1.376;246
2026;29;Erkek;SEGMENT_A;BRAND_A4;1.478;246
2026;30;Erkek;SEGMENT_A;BRAND_A4;1.571;245
2026;31;Erkek;SEGMENT_A;BRAND_A4;1.665;245
2026;32;Erkek;SEGMENT_A;BRAND_A4;1.763;245
2026;33;Erkek;SEGMENT_A;BRAND_A4;1.989;245
2026;34;Erkek;SEGMENT_A;BRAND_A4;1.907;245
2023;1;Erkek;SEGMENT_B;BRAND_B1;2.030;201
2023;2;Erkek;SEGMENT_B;BRAND_B1;1.877;201
2023;3;Erkek;SEGMENT_B;BRAND_B1;1.812;201
2023;4;Erkek;SEGMENT_B;BRAND_B1;1.753;201
2023;5;Erkek;SEGMENT_B;BRAND_B1;1.641;201
2023;6;Erkek;SEGMENT_B;BRAND_B1;1.702;202
2023;7;Erkek;SEGMENT_B;BRAND_B1;1.651;202
2023;8;Erkek;SEGMENT_B;BRAND_B1;1.526;202
2023;9;Erkek;SEGMENT_B;BRAND_B1;1.486;202
2023;10;Erkek;SEGMENT_B;BRAND_B1;1.490;203
2023;11;Erkek;SEGMENT_B;BRAND_B1;1.461;203
2023;12;Erkek;SEGMENT_B;BRAND_B1;1.439;203
2023;13;Erkek;SEGMENT_B;BRAND_B1;1.348;203
2023;14;Erkek;SEGMENT_B;BRAND_B1;1.311;204
2023;15;Erkek;SEGMENT_B;BRAND_B1;1.290;204
2023;16;Erkek;SEGMENT_B;BRAND_B1;1.194;204
2023;17;Erkek;SEGMENT_B;BRAND_B1;1.117;204
2023;18;Erkek;SEGMENT_B;BRAND_B1;1.088;204
2023;19;Erkek;SEGMENT_B;BRAND_B1;1.069;204
2023;20;Erkek;SEGMENT_B;BRAND_B1;1.039;205
2023;21;Erkek;SEGMENT_B;BRAND_B1;1.048;205
2023;22;Erkek;SEGMENT_B;BRAND_B1;1.076;205
2023;23;Erkek;SEGMENT_B;BRAND_B1;1.135;205
2023;24;Erkek;SEGMENT_B;BRAND_B1;1.093;205
2023;25;Erkek;SEGMENT_B;BRAND_B1;1.016;205
2023;26;Erkek;SEGMENT_B;BRAND_B1;1.062;205
2023;27;Erkek;SEGMENT_B;BRAND_B1;1.031;205
2023;28;Erkek;SEGMENT_B;BRAND_B1;1.096;205
2023;29;Erkek;SEGMENT_B;BRAND_B1;1.229;205
2023;30;Erkek;SEGMENT_B;BRAND_B1;1.249;205
2023;31;Erkek;SEGMENT_B;BRAND_B1;1.228;205
2023;32;Erkek;SEGMENT_B;BRAND_B1;1.275;205
2023;33;Erkek;SEGMENT_B;BRAND_B1;1.375;205
2023;34;Erkek;SEGMENT_B;BRAND_B1;1.401;205
2023;35;Erkek;SEGMENT_B;BRAND_B1;1.390;205
2023;36;Erkek;SEGMENT_B;BRAND_B1;1.513;205
2023;37;Erkek;SEGMENT_B;BRAND_B1;1.469;205
2023;38;Erkek;SEGMENT_B;BRAND_B1;1.506;205
2023;39;Erkek;SEGMENT_B;BRAND_B1;1.490;205
2023;40;Erkek;SEGMENT_B;BRAND_B1;1.509;205
2023;41;Erkek;SEGMENT_B;BRAND_B1;1.497;205
2023;42;Erkek;SEGMENT_B;BRAND_B1;1.682;205
2023;43;Erkek;SEGMENT_B;BRAND_B1;1.907;205
2023;44;Erkek;SEGMENT_B;BRAND_B1;1.817;205
2023;45;Erkek;SEGMENT_B;BRAND_B1;1.893;205
2023;46;Erkek;SEGMENT_B;BRAND_B1;1.906;204
2023;47;Erkek;SEGMENT_B;BRAND_B1;1.952;204
2023;48;Erkek;SEGMENT_B;BRAND_B1;2.177;204
2023;49;Erkek;SEGMENT_B;BRAND_B1;2.060;204
2023;50;Erkek;SEGMENT_B;BRAND_B1;1.953;204
2023;51;Erkek;SEGMENT_B;BRAND_B1;2.011;203
2023;52;Erkek;SEGMENT_B;BRAND_B1;2.045;203
2024;1;Erkek;SEGMENT_B;BRAND_B1;2.042;203
2024;2;Erkek;SEGMENT_B;BRAND_B1;2.093;203
2024;3;Erkek;SEGMENT_B;BRAND_B1;1.894;203
2024;4;Erkek;SEGMENT_B;BRAND_B1;1.892;202
2024;5;Erkek;SEGMENT_B;BRAND_B1;1.814;202
2024;6;Erkek;SEGMENT_B;BRAND_B1;1.711;202
2024;7;Erkek;SEGMENT_B;BRAND_B1;1.648;202
2024;8;Erkek;SEGMENT_B;BRAND_B1;1.516;201
2024;9;Erkek;SEGMENT_B;BRAND_B1;1.399;201
2024;10;Erkek;SEGMENT_B;BRAND_B1;1.355;201
2024;11;Erkek;SEGMENT_B;BRAND_B1;1.289;201
2024;12;Erkek;SEGMENT_B;BRAND_B1;1.296;201
2024;13;Erkek;SEGMENT_B;BRAND_B1;1.247;201
2024;14;Erkek;SEGMENT_B;BRAND_B1;1.213;201
2024;15;Erkek;SEGMENT_B;BRAND_B1;1.134;201
2024;16;Erkek;SEGMENT_B;BRAND_B1;1.235;200
2024;17;Erkek;SEGMENT_B;BRAND_B1;1.247;200
2024;18;Erkek;SEGMENT_B;BRAND_B1;1.151;200
2024;19;Erkek;SEGMENT_B;BRAND_B1;1.051;200
2024;20;Erkek;SEGMENT_B;BRAND_B1;1.048;200
2024;21;Erkek;SEGMENT_B;BRAND_B1;983;199
2024;22;Erkek;SEGMENT_B;BRAND_B1;990;199
2024;23;Erkek;SEGMENT_B;BRAND_B1;977;199
2024;24;Erkek;SEGMENT_B;BRAND_B1;992;199
2024;25;Erkek;SEGMENT_B;BRAND_B1;1.119;198
2024;26;Erkek;SEGMENT_B;BRAND_B1;1.092;198
2024;27;Erkek;SEGMENT_B;BRAND_B1;1.095;198
2024;28;Erkek;SEGMENT_B;BRAND_B1;1.097;198
2024;29;Erkek;SEGMENT_B;BRAND_B1;1.156;198
2024;30;Erkek;SEGMENT_B;BRAND_B1;1.300;198
2024;31;Erkek;SEGMENT_B;BRAND_B1;1.374;197
2024;32;Erkek;SEGMENT_B;BRAND_B1;1.335;197
2024;33;Erkek;SEGMENT_B;BRAND_B1;1.361;197
2024;34;Erkek;SEGMENT_B;BRAND_B1;1.425;197
2024;35;Erkek;SEGMENT_B;BRAND_B1;1.519;197
2024;36;Erkek;SEGMENT_B;BRAND_B1;1.509;197
2024;37;Erkek;SEGMENT_B;BRAND_B1;1.725;197
2024;38;Erkek;SEGMENT_B;BRAND_B1;1.812;197
2024;39;Erkek;SEGMENT_B;BRAND_B1;1.804;197
2024;40;Erkek;SEGMENT_B;BRAND_B1;1.888;197
2024;41;Erkek;SEGMENT_B;BRAND_B1;1.934;197
2024;42;Erkek;SEGMENT_B;BRAND_B1;1.930;197
2024;43;Erkek;SEGMENT_B;BRAND_B1;1.926;197
2024;44;Erkek;SEGMENT_B;BRAND_B1;2.131;197
2024;45;Erkek;SEGMENT_B;BRAND_B1;2.298;197
2024;46;Erkek;SEGMENT_B;BRAND_B1;2.217;197
2024;47;Erkek;SEGMENT_B;BRAND_B1;2.391;197
2024;48;Erkek;SEGMENT_B;BRAND_B1;2.473;197
2024;49;Erkek;SEGMENT_B;BRAND_B1;2.258;197
2024;50;Erkek;SEGMENT_B;BRAND_B1;2.063;197
2024;51;Erkek;SEGMENT_B;BRAND_B1;2.001;197
2024;52;Erkek;SEGMENT_B;BRAND_B1;1.892;197
2025;1;Erkek;SEGMENT_B;BRAND_B1;1.910;197
2025;2;Erkek;SEGMENT_B;BRAND_B1;1.807;197
2025;3;Erkek;SEGMENT_B;BRAND_B1;1.744;197
2025;4;Erkek;SEGMENT_B;BRAND_B1;1.621;197
2025;5;Erkek;SEGMENT_B;BRAND_B1;1.631;198
2025;6;Erkek;SEGMENT_B;BRAND_B1;1.676;198
2025;7;Erkek;SEGMENT_B;BRAND_B1;1.586;198
2025;8;Erkek;SEGMENT_B;BRAND_B1;1.579;198
2025;9;Erkek;SEGMENT_B;BRAND_B1;1.522;198
2025;10;Erkek;SEGMENT_B;BRAND_B1;1.491;199
2025;11;Erkek;SEGMENT_B;BRAND_B1;1.436;199
2025;12;Erkek;SEGMENT_B;BRAND_B1;1.335;199
2025;13;Erkek;SEGMENT_B;BRAND_B1;1.225;199
2025;14;Erkek;SEGMENT_B;BRAND_B1;1.233;199
2025;15;Erkek;SEGMENT_B;BRAND_B1;1.156;200
2025;16;Erkek;SEGMENT_B;BRAND_B1;1.178;200
2025;17;Erkek;SEGMENT_B;BRAND_B1;1.089;200
2025;18;Erkek;SEGMENT_B;BRAND_B1;1.079;200
2025;19;Erkek;SEGMENT_B;BRAND_B1;1.096;201
2025;20;Erkek;SEGMENT_B;BRAND_B1;1.129;201
2025;21;Erkek;SEGMENT_B;BRAND_B1;1.165;201
2025;22;Erkek;SEGMENT_B;BRAND_B1;1.301;201
2025;23;Erkek;SEGMENT_B;BRAND_B1;1.280;201
2025;24;Erkek;SEGMENT_B;BRAND_B1;1.315;201
2025;25;Erkek;SEGMENT_B;BRAND_B1;1.294;201
2025;26;Erkek;SEGMENT_B;BRAND_B1;1.348;201
2025;27;Erkek;SEGMENT_B;BRAND_B1;1.336;202
2025;28;Erkek;SEGMENT_B;BRAND_B1;1.263;202
2025;29;Erkek;SEGMENT_B;BRAND_B1;1.208;202
2025;30;Erkek;SEGMENT_B;BRAND_B1;1.238;202
2025;31;Erkek;SEGMENT_B;BRAND_B1;1.218;203
2025;32;Erkek;SEGMENT_B;BRAND_B1;1.350;203
2025;33;Erkek;SEGMENT_B;BRAND_B1;1.392;203
2025;34;Erkek;SEGMENT_B;BRAND_B1;1.540;203
2025;35;Erkek;SEGMENT_B;BRAND_B1;1.563;203
2025;36;Erkek;SEGMENT_B;BRAND_B1;1.736;204
2025;37;Erkek;SEGMENT_B;BRAND_B1;1.736;204
2025;38;Erkek;SEGMENT_B;BRAND_B1;1.768;204
2025;39;Erkek;SEGMENT_B;BRAND_B1;1.751;204
2025;40;Erkek;SEGMENT_B;BRAND_B1;1.926;204
2025;41;Erkek;SEGMENT_B;BRAND_B1;1.988;204
2025;42;Erkek;SEGMENT_B;BRAND_B1;1.932;205
2025;43;Erkek;SEGMENT_B;BRAND_B1;2.055;205
2025;44;Erkek;SEGMENT_B;BRAND_B1;1.982;205
2025;45;Erkek;SEGMENT_B;BRAND_B1;2.089;205
2025;46;Erkek;SEGMENT_B;BRAND_B1;2.232;205
2025;47;Erkek;SEGMENT_B;BRAND_B1;2.292;205
2025;48;Erkek;SEGMENT_B;BRAND_B1;2.497;205
2025;49;Erkek;SEGMENT_B;BRAND_B1;2.277;205
2025;50;Erkek;SEGMENT_B;BRAND_B1;2.106;205
2025;51;Erkek;SEGMENT_B;BRAND_B1;1.954;205
2025;52;Erkek;SEGMENT_B;BRAND_B1;1.908;205
2026;1;Erkek;SEGMENT_B;BRAND_B1;1.988;205
2026;2;Erkek;SEGMENT_B;BRAND_B1;2.068;205
2026;3;Erkek;SEGMENT_B;BRAND_B1;2.107;205
2026;4;Erkek;SEGMENT_B;BRAND_B1;1.968;205
2026;5;Erkek;SEGMENT_B;BRAND_B1;1.853;205
2026;6;Erkek;SEGMENT_B;BRAND_B1;1.869;205
2026;7;Erkek;SEGMENT_B;BRAND_B1;1.922;205
2026;8;Erkek;SEGMENT_B;BRAND_B1;1.805;205
2026;9;Erkek;SEGMENT_B;BRAND_B1;1.743;205
2026;10;Erkek;SEGMENT_B;BRAND_B1;1.686;205
2026;11;Erkek;SEGMENT_B;BRAND_B1;1.591;205
2026;12;Erkek;SEGMENT_B;BRAND_B1;1.586;205
2026;13;Erkek;SEGMENT_B;BRAND_B1;1.457;205
2026;14;Erkek;SEGMENT_B;BRAND_B1;1.342;205
2026;15;Erkek;SEGMENT_B;BRAND_B1;1.319;204
2026;16;Erkek;SEGMENT_B;BRAND_B1;1.263;204
2026;17;Erkek;SEGMENT_B;BRAND_B1;1.332;204
2026;18;Erkek;SEGMENT_B;BRAND_B1;1.248;204
2026;19;Erkek;SEGMENT_B;BRAND_B1;1.349;204
2026;20;Erkek;SEGMENT_B;BRAND_B1;1.242;204
2026;21;Erkek;SEGMENT_B;BRAND_B1;1.145;203
2026;22;Erkek;SEGMENT_B;BRAND_B1;1.121;203
2026;23;Erkek;SEGMENT_B;BRAND_B1;1.189;203
2026;24;Erkek;SEGMENT_B;BRAND_B1;1.184;203
2026;25;Erkek;SEGMENT_B;BRAND_B1;1.166;203
2026;26;Erkek;SEGMENT_B;BRAND_B1;1.193;202
2026;27;Erkek;SEGMENT_B;BRAND_B1;1.223;202
2026;28;Erkek;SEGMENT_B;BRAND_B1;1.225;202
2026;29;Erkek;SEGMENT_B;BRAND_B1;1.261;202
2026;30;Erkek;SEGMENT_B;BRAND_B1;1.297;201
2026;31;Erkek;SEGMENT_B;BRAND_B1;1.357;201
2026;32;Erkek;SEGMENT_B;BRAND_B1;1.368;201
2026;33;Erkek;SEGMENT_B;BRAND_B1;1.392;201
2026;34;Erkek;SEGMENT_B;BRAND_B1;1.430;201
2023;1;Erkek;SEGMENT_B;BRAND_B2;996;161
2023;2;Erkek;SEGMENT_B;BRAND_B2;1.091;161
2023;3;Erkek;SEGMENT_B;BRAND_B2;1.167;161
2023;4;Erkek;SEGMENT_B;BRAND_B2;1.120;161
2023;5;Erkek;SEGMENT_B;BRAND_B2;1.134;161
2023;6;Erkek;SEGMENT_B;BRAND_B2;1.130;162
2023;7;Erkek;SEGMENT_B;BRAND_B2;1.038;162
2023;8;Erkek;SEGMENT_B;BRAND_B2;1.000;162
2023;9;Erkek;SEGMENT_B;BRAND_B2;1.035;162
2023;10;Erkek;SEGMENT_B;BRAND_B2;1.029;163
2023;11;Erkek;SEGMENT_B;BRAND_B2;1.028;163
2023;12;Erkek;SEGMENT_B;BRAND_B2;1.042;163
2023;13;Erkek;SEGMENT_B;BRAND_B2;991;163
2023;14;Erkek;SEGMENT_B;BRAND_B2;924;164
2023;15;Erkek;SEGMENT_B;BRAND_B2;880;164
2023;16;Erkek;SEGMENT_B;BRAND_B2;850;164
2023;17;Erkek;SEGMENT_B;BRAND_B2;815;164
2023;18;Erkek;SEGMENT_B;BRAND_B2;789;164
2023;19;Erkek;SEGMENT_B;BRAND_B2;761;164
2023;20;Erkek;SEGMENT_B;BRAND_B2;725;165
2023;21;Erkek;SEGMENT_B;BRAND_B2;740;165
2023;22;Erkek;SEGMENT_B;BRAND_B2;809;165
2023;23;Erkek;SEGMENT_B;BRAND_B2;810;165
2023;24;Erkek;SEGMENT_B;BRAND_B2;835;165
2023;25;Erkek;SEGMENT_B;BRAND_B2;861;165
2023;26;Erkek;SEGMENT_B;BRAND_B2;877;165
2023;27;Erkek;SEGMENT_B;BRAND_B2;848;165
2023;28;Erkek;SEGMENT_B;BRAND_B2;902;165
2023;29;Erkek;SEGMENT_B;BRAND_B2;979;165
2023;30;Erkek;SEGMENT_B;BRAND_B2;1.030;165
2023;31;Erkek;SEGMENT_B;BRAND_B2;1.133;165
2023;32;Erkek;SEGMENT_B;BRAND_B2;1.168;165
2023;33;Erkek;SEGMENT_B;BRAND_B2;1.195;165
2023;34;Erkek;SEGMENT_B;BRAND_B2;1.217;165
2023;35;Erkek;SEGMENT_B;BRAND_B2;1.227;165
2023;36;Erkek;SEGMENT_B;BRAND_B2;1.283;165
2023;37;Erkek;SEGMENT_B;BRAND_B2;1.224;165
2023;38;Erkek;SEGMENT_B;BRAND_B2;1.331;165
2023;39;Erkek;SEGMENT_B;BRAND_B2;1.483;165
2023;40;Erkek;SEGMENT_B;BRAND_B2;1.481;165
2023;41;Erkek;SEGMENT_B;BRAND_B2;1.475;165
2023;42;Erkek;SEGMENT_B;BRAND_B2;1.562;165
2023;43;Erkek;SEGMENT_B;BRAND_B2;1.580;165
2023;44;Erkek;SEGMENT_B;BRAND_B2;1.543;165
2023;45;Erkek;SEGMENT_B;BRAND_B2;1.439;165
2023;46;Erkek;SEGMENT_B;BRAND_B2;1.355;164
2023;47;Erkek;SEGMENT_B;BRAND_B2;1.403;164
2023;48;Erkek;SEGMENT_B;BRAND_B2;1.424;164
2023;49;Erkek;SEGMENT_B;BRAND_B2;1.391;164
2023;50;Erkek;SEGMENT_B;BRAND_B2;1.345;164
2023;51;Erkek;SEGMENT_B;BRAND_B2;1.423;163
2023;52;Erkek;SEGMENT_B;BRAND_B2;1.401;163
2024;1;Erkek;SEGMENT_B;BRAND_B2;1.408;163
2024;2;Erkek;SEGMENT_B;BRAND_B2;1.330;163
2024;3;Erkek;SEGMENT_B;BRAND_B2;1.273;163
2024;4;Erkek;SEGMENT_B;BRAND_B2;1.250;162
2024;5;Erkek;SEGMENT_B;BRAND_B2;1.224;162
2024;6;Erkek;SEGMENT_B;BRAND_B2;1.231;162
2024;7;Erkek;SEGMENT_B;BRAND_B2;1.265;162
2024;8;Erkek;SEGMENT_B;BRAND_B2;1.192;161
2024;9;Erkek;SEGMENT_B;BRAND_B2;1.157;161
2024;10;Erkek;SEGMENT_B;BRAND_B2;1.124;161
2024;11;Erkek;SEGMENT_B;BRAND_B2;1.181;161
2024;12;Erkek;SEGMENT_B;BRAND_B2;1.146;161
2024;13;Erkek;SEGMENT_B;BRAND_B2;1.019;161
2024;14;Erkek;SEGMENT_B;BRAND_B2;1.045;161
2024;15;Erkek;SEGMENT_B;BRAND_B2;1.022;161
2024;16;Erkek;SEGMENT_B;BRAND_B2;967;160
2024;17;Erkek;SEGMENT_B;BRAND_B2;944;160
2024;18;Erkek;SEGMENT_B;BRAND_B2;920;160
2024;19;Erkek;SEGMENT_B;BRAND_B2;924;160
2024;20;Erkek;SEGMENT_B;BRAND_B2;953;160
2024;21;Erkek;SEGMENT_B;BRAND_B2;992;159
2024;22;Erkek;SEGMENT_B;BRAND_B2;935;159
2024;23;Erkek;SEGMENT_B;BRAND_B2;973;159
2024;24;Erkek;SEGMENT_B;BRAND_B2;963;159
2024;25;Erkek;SEGMENT_B;BRAND_B2;977;158
2024;26;Erkek;SEGMENT_B;BRAND_B2;1.043;158
2024;27;Erkek;SEGMENT_B;BRAND_B2;1.054;158
2024;28;Erkek;SEGMENT_B;BRAND_B2;1.117;158
2024;29;Erkek;SEGMENT_B;BRAND_B2;1.065;158
2024;30;Erkek;SEGMENT_B;BRAND_B2;1.110;158
2024;31;Erkek;SEGMENT_B;BRAND_B2;1.285;157
2024;32;Erkek;SEGMENT_B;BRAND_B2;1.243;157
2024;33;Erkek;SEGMENT_B;BRAND_B2;1.200;157
2024;34;Erkek;SEGMENT_B;BRAND_B2;1.162;157
2024;35;Erkek;SEGMENT_B;BRAND_B2;1.204;157
2024;36;Erkek;SEGMENT_B;BRAND_B2;1.205;157
2024;37;Erkek;SEGMENT_B;BRAND_B2;1.417;157
2024;38;Erkek;SEGMENT_B;BRAND_B2;1.460;157
2024;39;Erkek;SEGMENT_B;BRAND_B2;1.471;157
2024;40;Erkek;SEGMENT_B;BRAND_B2;1.379;157
2024;41;Erkek;SEGMENT_B;BRAND_B2;1.527;157
2024;42;Erkek;SEGMENT_B;BRAND_B2;1.475;157
2024;43;Erkek;SEGMENT_B;BRAND_B2;1.598;157
2024;44;Erkek;SEGMENT_B;BRAND_B2;1.560;157
2024;45;Erkek;SEGMENT_B;BRAND_B2;1.573;157
2024;46;Erkek;SEGMENT_B;BRAND_B2;1.602;157
2024;47;Erkek;SEGMENT_B;BRAND_B2;1.613;157
2024;48;Erkek;SEGMENT_B;BRAND_B2;1.600;157
2024;49;Erkek;SEGMENT_B;BRAND_B2;1.632;157
2024;50;Erkek;SEGMENT_B;BRAND_B2;1.535;157
2024;51;Erkek;SEGMENT_B;BRAND_B2;1.460;157
2024;52;Erkek;SEGMENT_B;BRAND_B2;1.404;157
2025;1;Erkek;SEGMENT_B;BRAND_B2;1.427;157
2025;2;Erkek;SEGMENT_B;BRAND_B2;1.389;157
2025;3;Erkek;SEGMENT_B;BRAND_B2;1.467;157
2025;4;Erkek;SEGMENT_B;BRAND_B2;1.364;157
2025;5;Erkek;SEGMENT_B;BRAND_B2;1.271;158
2025;6;Erkek;SEGMENT_B;BRAND_B2;1.191;158
2025;7;Erkek;SEGMENT_B;BRAND_B2;1.242;158
2025;8;Erkek;SEGMENT_B;BRAND_B2;1.215;158
2025;9;Erkek;SEGMENT_B;BRAND_B2;1.175;158
2025;10;Erkek;SEGMENT_B;BRAND_B2;1.192;159
2025;11;Erkek;SEGMENT_B;BRAND_B2;1.215;159
2025;12;Erkek;SEGMENT_B;BRAND_B2;1.171;159
2025;13;Erkek;SEGMENT_B;BRAND_B2;1.066;159
2025;14;Erkek;SEGMENT_B;BRAND_B2;1.091;159
2025;15;Erkek;SEGMENT_B;BRAND_B2;1.075;160
2025;16;Erkek;SEGMENT_B;BRAND_B2;1.060;160
2025;17;Erkek;SEGMENT_B;BRAND_B2;1.014;160
2025;18;Erkek;SEGMENT_B;BRAND_B2;981;160
2025;19;Erkek;SEGMENT_B;BRAND_B2;934;161
2025;20;Erkek;SEGMENT_B;BRAND_B2;908;161
2025;21;Erkek;SEGMENT_B;BRAND_B2;885;161
2025;22;Erkek;SEGMENT_B;BRAND_B2;892;161
2025;23;Erkek;SEGMENT_B;BRAND_B2;881;161
2025;24;Erkek;SEGMENT_B;BRAND_B2;860;161
2025;25;Erkek;SEGMENT_B;BRAND_B2;839;161
2025;26;Erkek;SEGMENT_B;BRAND_B2;882;161
2025;27;Erkek;SEGMENT_B;BRAND_B2;960;162
2025;28;Erkek;SEGMENT_B;BRAND_B2;960;162
2025;29;Erkek;SEGMENT_B;BRAND_B2;992;162
2025;30;Erkek;SEGMENT_B;BRAND_B2;983;162
2025;31;Erkek;SEGMENT_B;BRAND_B2;998;163
2025;32;Erkek;SEGMENT_B;BRAND_B2;1.120;163
2025;33;Erkek;SEGMENT_B;BRAND_B2;1.212;163
2025;34;Erkek;SEGMENT_B;BRAND_B2;1.296;163
2025;35;Erkek;SEGMENT_B;BRAND_B2;1.333;163
2025;36;Erkek;SEGMENT_B;BRAND_B2;1.300;164
2025;37;Erkek;SEGMENT_B;BRAND_B2;1.391;164
2025;38;Erkek;SEGMENT_B;BRAND_B2;1.509;164
2025;39;Erkek;SEGMENT_B;BRAND_B2;1.482;164
2025;40;Erkek;SEGMENT_B;BRAND_B2;1.533;164
2025;41;Erkek;SEGMENT_B;BRAND_B2;1.650;164
2025;42;Erkek;SEGMENT_B;BRAND_B2;1.630;165
2025;43;Erkek;SEGMENT_B;BRAND_B2;1.650;165
2025;44;Erkek;SEGMENT_B;BRAND_B2;1.642;165
2025;45;Erkek;SEGMENT_B;BRAND_B2;1.665;165
2025;46;Erkek;SEGMENT_B;BRAND_B2;1.599;165
2025;47;Erkek;SEGMENT_B;BRAND_B2;1.746;165
2025;48;Erkek;SEGMENT_B;BRAND_B2;1.737;165
2025;49;Erkek;SEGMENT_B;BRAND_B2;1.693;165
2025;50;Erkek;SEGMENT_B;BRAND_B2;1.643;165
2025;51;Erkek;SEGMENT_B;BRAND_B2;1.561;165
2025;52;Erkek;SEGMENT_B;BRAND_B2;1.632;165
2026;1;Erkek;SEGMENT_B;BRAND_B2;1.695;165
2026;2;Erkek;SEGMENT_B;BRAND_B2;1.541;165
2026;3;Erkek;SEGMENT_B;BRAND_B2;1.581;165
2026;4;Erkek;SEGMENT_B;BRAND_B2;1.576;165
2026;5;Erkek;SEGMENT_B;BRAND_B2;1.497;165
2026;6;Erkek;SEGMENT_B;BRAND_B2;1.488;165
2026;7;Erkek;SEGMENT_B;BRAND_B2;1.475;165
2026;8;Erkek;SEGMENT_B;BRAND_B2;1.358;165
2026;9;Erkek;SEGMENT_B;BRAND_B2;1.363;165
2026;10;Erkek;SEGMENT_B;BRAND_B2;1.297;165
2026;11;Erkek;SEGMENT_B;BRAND_B2;1.199;165
2026;12;Erkek;SEGMENT_B;BRAND_B2;1.180;165
2026;13;Erkek;SEGMENT_B;BRAND_B2;1.124;165
2026;14;Erkek;SEGMENT_B;BRAND_B2;1.041;165
2026;15;Erkek;SEGMENT_B;BRAND_B2;1.050;164
2026;16;Erkek;SEGMENT_B;BRAND_B2;1.032;164
2026;17;Erkek;SEGMENT_B;BRAND_B2;1.063;164
2026;18;Erkek;SEGMENT_B;BRAND_B2;1.050;164
2026;19;Erkek;SEGMENT_B;BRAND_B2;1.002;164
2026;20;Erkek;SEGMENT_B;BRAND_B2;970;164
2026;21;Erkek;SEGMENT_B;BRAND_B2;963;163
2026;22;Erkek;SEGMENT_B;BRAND_B2;985;163
2026;23;Erkek;SEGMENT_B;BRAND_B2;965;163
2026;24;Erkek;SEGMENT_B;BRAND_B2;957;163
2026;25;Erkek;SEGMENT_B;BRAND_B2;1.101;163
2026;26;Erkek;SEGMENT_B;BRAND_B2;1.095;162
2026;27;Erkek;SEGMENT_B;BRAND_B2;1.019;162
2026;28;Erkek;SEGMENT_B;BRAND_B2;1.113;162
2026;29;Erkek;SEGMENT_B;BRAND_B2;1.181;162
2026;30;Erkek;SEGMENT_B;BRAND_B2;1.243;161
2026;31;Erkek;SEGMENT_B;BRAND_B2;1.326;161
2026;32;Erkek;SEGMENT_B;BRAND_B2;1.258;161
2026;33;Erkek;SEGMENT_B;BRAND_B2;1.249;161
2026;34;Erkek;SEGMENT_B;BRAND_B2;1.296;161
2023;1;Erkek;SEGMENT_B;BRAND_B3;1.279;152
2023;2;Erkek;SEGMENT_B;BRAND_B3;1.183;152
2023;3;Erkek;SEGMENT_B;BRAND_B3;1.110;152
2023;4;Erkek;SEGMENT_B;BRAND_B3;1.152;152
2023;5;Erkek;SEGMENT_B;BRAND_B3;1.147;152
2023;6;Erkek;SEGMENT_B;BRAND_B3;1.125;153
2023;7;Erkek;SEGMENT_B;BRAND_B3;1.039;153
2023;8;Erkek;SEGMENT_B;BRAND_B3;1.002;153
2023;9;Erkek;SEGMENT_B;BRAND_B3;942;153
2023;10;Erkek;SEGMENT_B;BRAND_B3;989;154
2023;11;Erkek;SEGMENT_B;BRAND_B3;947;154
2023;12;Erkek;SEGMENT_B;BRAND_B3;935;154
2023;13;Erkek;SEGMENT_B;BRAND_B3;996;154
2023;14;Erkek;SEGMENT_B;BRAND_B3;926;155
2023;15;Erkek;SEGMENT_B;BRAND_B3;879;155
2023;16;Erkek;SEGMENT_B;BRAND_B3;859;155
2023;17;Erkek;SEGMENT_B;BRAND_B3;838;155
2023;18;Erkek;SEGMENT_B;BRAND_B3;792;155
2023;19;Erkek;SEGMENT_B;BRAND_B3;815;155
2023;20;Erkek;SEGMENT_B;BRAND_B3;800;156
2023;21;Erkek;SEGMENT_B;BRAND_B3;779;156
2023;22;Erkek;SEGMENT_B;BRAND_B3;746;156
2023;23;Erkek;SEGMENT_B;BRAND_B3;733;156
2023;24;Erkek;SEGMENT_B;BRAND_B3;761;156
2023;25;Erkek;SEGMENT_B;BRAND_B3;795;156
2023;26;Erkek;SEGMENT_B;BRAND_B3;818;156
2023;27;Erkek;SEGMENT_B;BRAND_B3;865;156
2023;28;Erkek;SEGMENT_B;BRAND_B3;917;156
2023;29;Erkek;SEGMENT_B;BRAND_B3;923;156
2023;30;Erkek;SEGMENT_B;BRAND_B3;949;156
2023;31;Erkek;SEGMENT_B;BRAND_B3;917;156
2023;32;Erkek;SEGMENT_B;BRAND_B3;871;156
2023;33;Erkek;SEGMENT_B;BRAND_B3;934;156
2023;34;Erkek;SEGMENT_B;BRAND_B3;962;156
2023;35;Erkek;SEGMENT_B;BRAND_B3;993;156
2023;36;Erkek;SEGMENT_B;BRAND_B3;1.063;156
2023;37;Erkek;SEGMENT_B;BRAND_B3;1.162;156
2023;38;Erkek;SEGMENT_B;BRAND_B3;1.157;156
2023;39;Erkek;SEGMENT_B;BRAND_B3;1.161;156
2023;40;Erkek;SEGMENT_B;BRAND_B3;1.145;156
2023;41;Erkek;SEGMENT_B;BRAND_B3;1.170;156
2023;42;Erkek;SEGMENT_B;BRAND_B3;1.215;156
2023;43;Erkek;SEGMENT_B;BRAND_B3;1.156;156
2023;44;Erkek;SEGMENT_B;BRAND_B3;1.242;156
2023;45;Erkek;SEGMENT_B;BRAND_B3;1.254;156
2023;46;Erkek;SEGMENT_B;BRAND_B3;1.270;155
2023;47;Erkek;SEGMENT_B;BRAND_B3;1.297;155
2023;48;Erkek;SEGMENT_B;BRAND_B3;1.462;155
2023;49;Erkek;SEGMENT_B;BRAND_B3;1.527;155
2023;50;Erkek;SEGMENT_B;BRAND_B3;1.478;155
2023;51;Erkek;SEGMENT_B;BRAND_B3;1.391;154
2023;52;Erkek;SEGMENT_B;BRAND_B3;1.289;154
2024;1;Erkek;SEGMENT_B;BRAND_B3;1.358;154
2024;2;Erkek;SEGMENT_B;BRAND_B3;1.332;154
2024;3;Erkek;SEGMENT_B;BRAND_B3;1.364;154
2024;4;Erkek;SEGMENT_B;BRAND_B3;1.272;153
2024;5;Erkek;SEGMENT_B;BRAND_B3;1.263;153
2024;6;Erkek;SEGMENT_B;BRAND_B3;1.167;153
2024;7;Erkek;SEGMENT_B;BRAND_B3;1.173;153
2024;8;Erkek;SEGMENT_B;BRAND_B3;1.170;152
2024;9;Erkek;SEGMENT_B;BRAND_B3;1.124;152
2024;10;Erkek;SEGMENT_B;BRAND_B3;1.102;152
2024;11;Erkek;SEGMENT_B;BRAND_B3;1.093;152
2024;12;Erkek;SEGMENT_B;BRAND_B3;1.014;152
2024;13;Erkek;SEGMENT_B;BRAND_B3;1.016;152
2024;14;Erkek;SEGMENT_B;BRAND_B3;1.007;152
2024;15;Erkek;SEGMENT_B;BRAND_B3;960;152
2024;16;Erkek;SEGMENT_B;BRAND_B3;932;151
2024;17;Erkek;SEGMENT_B;BRAND_B3;928;151
2024;18;Erkek;SEGMENT_B;BRAND_B3;884;151
2024;19;Erkek;SEGMENT_B;BRAND_B3;808;151
2024;20;Erkek;SEGMENT_B;BRAND_B3;848;151
2024;21;Erkek;SEGMENT_B;BRAND_B3;831;150
2024;22;Erkek;SEGMENT_B;BRAND_B3;830;150
2024;23;Erkek;SEGMENT_B;BRAND_B3;787;150
2024;24;Erkek;SEGMENT_B;BRAND_B3;846;150
2024;25;Erkek;SEGMENT_B;BRAND_B3;915;149
2024;26;Erkek;SEGMENT_B;BRAND_B3;898;149
2024;27;Erkek;SEGMENT_B;BRAND_B3;850;149
2024;28;Erkek;SEGMENT_B;BRAND_B3;899;149
2024;29;Erkek;SEGMENT_B;BRAND_B3;889;149
2024;30;Erkek;SEGMENT_B;BRAND_B3;889;149
2024;31;Erkek;SEGMENT_B;BRAND_B3;1.006;148
2024;32;Erkek;SEGMENT_B;BRAND_B3;1.020;148
2024;33;Erkek;SEGMENT_B;BRAND_B3;1.058;148
2024;34;Erkek;SEGMENT_B;BRAND_B3;1.098;148
2024;35;Erkek;SEGMENT_B;BRAND_B3;1.126;148
2024;36;Erkek;SEGMENT_B;BRAND_B3;1.091;148
2024;37;Erkek;SEGMENT_B;BRAND_B3;1.171;148
2024;38;Erkek;SEGMENT_B;BRAND_B3;1.245;148
2024;39;Erkek;SEGMENT_B;BRAND_B3;1.310;148
2024;40;Erkek;SEGMENT_B;BRAND_B3;1.350;148
2024;41;Erkek;SEGMENT_B;BRAND_B3;1.428;148
2024;42;Erkek;SEGMENT_B;BRAND_B3;1.334;148
2024;43;Erkek;SEGMENT_B;BRAND_B3;1.306;148
2024;44;Erkek;SEGMENT_B;BRAND_B3;1.392;148
2024;45;Erkek;SEGMENT_B;BRAND_B3;1.373;148
2024;46;Erkek;SEGMENT_B;BRAND_B3;1.305;148
2024;47;Erkek;SEGMENT_B;BRAND_B3;1.395;148
2024;48;Erkek;SEGMENT_B;BRAND_B3;1.475;148
2024;49;Erkek;SEGMENT_B;BRAND_B3;1.406;148
2024;50;Erkek;SEGMENT_B;BRAND_B3;1.390;148
2024;51;Erkek;SEGMENT_B;BRAND_B3;1.385;148
2024;52;Erkek;SEGMENT_B;BRAND_B3;1.404;148
2025;1;Erkek;SEGMENT_B;BRAND_B3;1.310;148
2025;2;Erkek;SEGMENT_B;BRAND_B3;1.253;148
2025;3;Erkek;SEGMENT_B;BRAND_B3;1.167;148
2025;4;Erkek;SEGMENT_B;BRAND_B3;1.183;148
2025;5;Erkek;SEGMENT_B;BRAND_B3;1.108;149
2025;6;Erkek;SEGMENT_B;BRAND_B3;1.025;149
2025;7;Erkek;SEGMENT_B;BRAND_B3;967;149
2025;8;Erkek;SEGMENT_B;BRAND_B3;995;149
2025;9;Erkek;SEGMENT_B;BRAND_B3;969;149
2025;10;Erkek;SEGMENT_B;BRAND_B3;1.008;150
2025;11;Erkek;SEGMENT_B;BRAND_B3;961;150
2025;12;Erkek;SEGMENT_B;BRAND_B3;929;150
2025;13;Erkek;SEGMENT_B;BRAND_B3;949;150
2025;14;Erkek;SEGMENT_B;BRAND_B3;921;150
2025;15;Erkek;SEGMENT_B;BRAND_B3;875;151
2025;16;Erkek;SEGMENT_B;BRAND_B3;856;151
2025;17;Erkek;SEGMENT_B;BRAND_B3;861;151
2025;18;Erkek;SEGMENT_B;BRAND_B3;863;151
2025;19;Erkek;SEGMENT_B;BRAND_B3;875;152
2025;20;Erkek;SEGMENT_B;BRAND_B3;874;152
2025;21;Erkek;SEGMENT_B;BRAND_B3;915;152
2025;22;Erkek;SEGMENT_B;BRAND_B3;897;152
2025;23;Erkek;SEGMENT_B;BRAND_B3;911;152
2025;24;Erkek;SEGMENT_B;BRAND_B3;925;152
2025;25;Erkek;SEGMENT_B;BRAND_B3;896;152
2025;26;Erkek;SEGMENT_B;BRAND_B3;873;152
2025;27;Erkek;SEGMENT_B;BRAND_B3;853;153
2025;28;Erkek;SEGMENT_B;BRAND_B3;867;153
2025;29;Erkek;SEGMENT_B;BRAND_B3;914;153
2025;30;Erkek;SEGMENT_B;BRAND_B3;937;153
2025;31;Erkek;SEGMENT_B;BRAND_B3;1.079;154
2025;32;Erkek;SEGMENT_B;BRAND_B3;1.033;154
2025;33;Erkek;SEGMENT_B;BRAND_B3;1.094;154
2025;34;Erkek;SEGMENT_B;BRAND_B3;1.168;154
2025;35;Erkek;SEGMENT_B;BRAND_B3;1.124;154
2025;36;Erkek;SEGMENT_B;BRAND_B3;1.175;155
2025;37;Erkek;SEGMENT_B;BRAND_B3;1.124;155
2025;38;Erkek;SEGMENT_B;BRAND_B3;1.079;155
2025;39;Erkek;SEGMENT_B;BRAND_B3;1.060;155
2025;40;Erkek;SEGMENT_B;BRAND_B3;1.148;155
2025;41;Erkek;SEGMENT_B;BRAND_B3;1.176;155
2025;42;Erkek;SEGMENT_B;BRAND_B3;1.252;156
2025;43;Erkek;SEGMENT_B;BRAND_B3;1.355;156
2025;44;Erkek;SEGMENT_B;BRAND_B3;1.451;156
2025;45;Erkek;SEGMENT_B;BRAND_B3;1.504;156
2025;46;Erkek;SEGMENT_B;BRAND_B3;1.490;156
2025;47;Erkek;SEGMENT_B;BRAND_B3;1.574;156
2025;48;Erkek;SEGMENT_B;BRAND_B3;1.599;156
2025;49;Erkek;SEGMENT_B;BRAND_B3;1.521;156
2025;50;Erkek;SEGMENT_B;BRAND_B3;1.513;156
2025;51;Erkek;SEGMENT_B;BRAND_B3;1.550;156
2025;52;Erkek;SEGMENT_B;BRAND_B3;1.548;156
2026;1;Erkek;SEGMENT_B;BRAND_B3;1.628;156
2026;2;Erkek;SEGMENT_B;BRAND_B3;1.706;156
2026;3;Erkek;SEGMENT_B;BRAND_B3;1.578;156
2026;4;Erkek;SEGMENT_B;BRAND_B3;1.629;156
2026;5;Erkek;SEGMENT_B;BRAND_B3;1.571;156
2026;6;Erkek;SEGMENT_B;BRAND_B3;1.470;156
2026;7;Erkek;SEGMENT_B;BRAND_B3;1.418;156
2026;8;Erkek;SEGMENT_B;BRAND_B3;1.389;156
2026;9;Erkek;SEGMENT_B;BRAND_B3;1.399;156
2026;10;Erkek;SEGMENT_B;BRAND_B3;1.357;156
2026;11;Erkek;SEGMENT_B;BRAND_B3;1.254;156
2026;12;Erkek;SEGMENT_B;BRAND_B3;1.179;156
2026;13;Erkek;SEGMENT_B;BRAND_B3;1.074;156
2026;14;Erkek;SEGMENT_B;BRAND_B3;1.059;156
2026;15;Erkek;SEGMENT_B;BRAND_B3;1.018;155
2026;16;Erkek;SEGMENT_B;BRAND_B3;937;155
2026;17;Erkek;SEGMENT_B;BRAND_B3;928;155
2026;18;Erkek;SEGMENT_B;BRAND_B3;921;155
2026;19;Erkek;SEGMENT_B;BRAND_B3;930;155
2026;20;Erkek;SEGMENT_B;BRAND_B3;942;155
2026;21;Erkek;SEGMENT_B;BRAND_B3;898;154
2026;22;Erkek;SEGMENT_B;BRAND_B3;898;154
2026;23;Erkek;SEGMENT_B;BRAND_B3;856;154
2026;24;Erkek;SEGMENT_B;BRAND_B3;913;154
2026;25;Erkek;SEGMENT_B;BRAND_B3;888;154
2026;26;Erkek;SEGMENT_B;BRAND_B3;869;153
2026;27;Erkek;SEGMENT_B;BRAND_B3;883;153
2026;28;Erkek;SEGMENT_B;BRAND_B3;931;153
2026;29;Erkek;SEGMENT_B;BRAND_B3;945;153
2026;30;Erkek;SEGMENT_B;BRAND_B3;1.009;152
2026;31;Erkek;SEGMENT_B;BRAND_B3;1.118;152
2026;32;Erkek;SEGMENT_B;BRAND_B3;1.176;152
2026;33;Erkek;SEGMENT_B;BRAND_B3;1.182;152
2026;34;Erkek;SEGMENT_B;BRAND_B3;1.239;152
2023;1;Erkek;SEGMENT_B;BRAND_B4;646;181
2023;2;Erkek;SEGMENT_B;BRAND_B4;678;181
2023;3;Erkek;SEGMENT_B;BRAND_B4;667;181
2023;4;Erkek;SEGMENT_B;BRAND_B4;632;181
2023;5;Erkek;SEGMENT_B;BRAND_B4;622;181
2023;6;Erkek;SEGMENT_B;BRAND_B4;633;182
2023;7;Erkek;SEGMENT_B;BRAND_B4;655;182
2023;8;Erkek;SEGMENT_B;BRAND_B4;655;182
2023;9;Erkek;SEGMENT_B;BRAND_B4;598;182
2023;10;Erkek;SEGMENT_B;BRAND_B4;563;183
2023;11;Erkek;SEGMENT_B;BRAND_B4;520;183
2023;12;Erkek;SEGMENT_B;BRAND_B4;522;183
2023;13;Erkek;SEGMENT_B;BRAND_B4;542;183
2023;14;Erkek;SEGMENT_B;BRAND_B4;529;184
2023;15;Erkek;SEGMENT_B;BRAND_B4;519;184
2023;16;Erkek;SEGMENT_B;BRAND_B4;481;184
2023;17;Erkek;SEGMENT_B;BRAND_B4;475;184
2023;18;Erkek;SEGMENT_B;BRAND_B4;455;184
2023;19;Erkek;SEGMENT_B;BRAND_B4;448;184
2023;20;Erkek;SEGMENT_B;BRAND_B4;455;185
2023;21;Erkek;SEGMENT_B;BRAND_B4;433;185
2023;22;Erkek;SEGMENT_B;BRAND_B4;420;185
2023;23;Erkek;SEGMENT_B;BRAND_B4;415;185
2023;24;Erkek;SEGMENT_B;BRAND_B4;431;185
2023;25;Erkek;SEGMENT_B;BRAND_B4;452;185
2023;26;Erkek;SEGMENT_B;BRAND_B4;451;185
2023;27;Erkek;SEGMENT_B;BRAND_B4;447;185
2023;28;Erkek;SEGMENT_B;BRAND_B4;501;185
2023;29;Erkek;SEGMENT_B;BRAND_B4;511;185
2023;30;Erkek;SEGMENT_B;BRAND_B4;526;185
2023;31;Erkek;SEGMENT_B;BRAND_B4;525;185
2023;32;Erkek;SEGMENT_B;BRAND_B4;527;185
2023;33;Erkek;SEGMENT_B;BRAND_B4;571;185
2023;34;Erkek;SEGMENT_B;BRAND_B4;548;185
2023;35;Erkek;SEGMENT_B;BRAND_B4;600;185
2023;36;Erkek;SEGMENT_B;BRAND_B4;614;185
2023;37;Erkek;SEGMENT_B;BRAND_B4;624;185
2023;38;Erkek;SEGMENT_B;BRAND_B4;626;185
2023;39;Erkek;SEGMENT_B;BRAND_B4;630;185
2023;40;Erkek;SEGMENT_B;BRAND_B4;620;185
2023;41;Erkek;SEGMENT_B;BRAND_B4;599;185
2023;42;Erkek;SEGMENT_B;BRAND_B4;656;185
2023;43;Erkek;SEGMENT_B;BRAND_B4;660;185
2023;44;Erkek;SEGMENT_B;BRAND_B4;680;185
2023;45;Erkek;SEGMENT_B;BRAND_B4;772;185
2023;46;Erkek;SEGMENT_B;BRAND_B4;795;184
2023;47;Erkek;SEGMENT_B;BRAND_B4;892;184
2023;48;Erkek;SEGMENT_B;BRAND_B4;886;184
2023;49;Erkek;SEGMENT_B;BRAND_B4;825;184
2023;50;Erkek;SEGMENT_B;BRAND_B4;833;184
2023;51;Erkek;SEGMENT_B;BRAND_B4;818;183
2023;52;Erkek;SEGMENT_B;BRAND_B4;829;183
2024;1;Erkek;SEGMENT_B;BRAND_B4;787;183
2024;2;Erkek;SEGMENT_B;BRAND_B4;728;183
2024;3;Erkek;SEGMENT_B;BRAND_B4;667;183
2024;4;Erkek;SEGMENT_B;BRAND_B4;694;182
2024;5;Erkek;SEGMENT_B;BRAND_B4;660;182
2024;6;Erkek;SEGMENT_B;BRAND_B4;611;182
2024;7;Erkek;SEGMENT_B;BRAND_B4;634;182
2024;8;Erkek;SEGMENT_B;BRAND_B4;681;181
2024;9;Erkek;SEGMENT_B;BRAND_B4;671;181
2024;10;Erkek;SEGMENT_B;BRAND_B4;660;181
2024;11;Erkek;SEGMENT_B;BRAND_B4;604;181
2024;12;Erkek;SEGMENT_B;BRAND_B4;573;181
2024;13;Erkek;SEGMENT_B;BRAND_B4;578;181
2024;14;Erkek;SEGMENT_B;BRAND_B4;548;181
2024;15;Erkek;SEGMENT_B;BRAND_B4;560;181
2024;16;Erkek;SEGMENT_B;BRAND_B4;556;180
2024;17;Erkek;SEGMENT_B;BRAND_B4;562;180
2024;18;Erkek;SEGMENT_B;BRAND_B4;545;180
2024;19;Erkek;SEGMENT_B;BRAND_B4;519;180
2024;20;Erkek;SEGMENT_B;BRAND_B4;553;180
2024;21;Erkek;SEGMENT_B;BRAND_B4;552;179
2024;22;Erkek;SEGMENT_B;BRAND_B4;543;179
2024;23;Erkek;SEGMENT_B;BRAND_B4;493;179
2024;24;Erkek;SEGMENT_B;BRAND_B4;469;179
2024;25;Erkek;SEGMENT_B;BRAND_B4;475;178
2024;26;Erkek;SEGMENT_B;BRAND_B4;482;178
2024;27;Erkek;SEGMENT_B;BRAND_B4;502;178
2024;28;Erkek;SEGMENT_B;BRAND_B4;515;178
2024;29;Erkek;SEGMENT_B;BRAND_B4;512;178
2024;30;Erkek;SEGMENT_B;BRAND_B4;521;178
2024;31;Erkek;SEGMENT_B;BRAND_B4;551;177
2024;32;Erkek;SEGMENT_B;BRAND_B4;534;177
2024;33;Erkek;SEGMENT_B;BRAND_B4;594;177
2024;34;Erkek;SEGMENT_B;BRAND_B4;591;177
2024;35;Erkek;SEGMENT_B;BRAND_B4;632;177
2024;36;Erkek;SEGMENT_B;BRAND_B4;703;177
2024;37;Erkek;SEGMENT_B;BRAND_B4;752;177
2024;38;Erkek;SEGMENT_B;BRAND_B4;688;177
2024;39;Erkek;SEGMENT_B;BRAND_B4;781;177
2024;40;Erkek;SEGMENT_B;BRAND_B4;795;177
2024;41;Erkek;SEGMENT_B;BRAND_B4;764;177
2024;42;Erkek;SEGMENT_B;BRAND_B4;740;177
2024;43;Erkek;SEGMENT_B;BRAND_B4;798;177
2024;44;Erkek;SEGMENT_B;BRAND_B4;760;177
2024;45;Erkek;SEGMENT_B;BRAND_B4;803;177
2024;46;Erkek;SEGMENT_B;BRAND_B4;808;177
2024;47;Erkek;SEGMENT_B;BRAND_B4;911;177
2024;48;Erkek;SEGMENT_B;BRAND_B4;909;177
2024;49;Erkek;SEGMENT_B;BRAND_B4;877;177
2024;50;Erkek;SEGMENT_B;BRAND_B4;849;177
2024;51;Erkek;SEGMENT_B;BRAND_B4;800;177
2024;52;Erkek;SEGMENT_B;BRAND_B4;757;177
2025;1;Erkek;SEGMENT_B;BRAND_B4;733;177
2025;2;Erkek;SEGMENT_B;BRAND_B4;729;177
2025;3;Erkek;SEGMENT_B;BRAND_B4;699;177
2025;4;Erkek;SEGMENT_B;BRAND_B4;733;177
2025;5;Erkek;SEGMENT_B;BRAND_B4;738;178
2025;6;Erkek;SEGMENT_B;BRAND_B4;739;178
2025;7;Erkek;SEGMENT_B;BRAND_B4;706;178
2025;8;Erkek;SEGMENT_B;BRAND_B4;708;178
2025;9;Erkek;SEGMENT_B;BRAND_B4;706;178
2025;10;Erkek;SEGMENT_B;BRAND_B4;687;179
2025;11;Erkek;SEGMENT_B;BRAND_B4;664;179
2025;12;Erkek;SEGMENT_B;BRAND_B4;615;179
2025;13;Erkek;SEGMENT_B;BRAND_B4;573;179
2025;14;Erkek;SEGMENT_B;BRAND_B4;583;179
2025;15;Erkek;SEGMENT_B;BRAND_B4;566;180
2025;16;Erkek;SEGMENT_B;BRAND_B4;540;180
2025;17;Erkek;SEGMENT_B;BRAND_B4;526;180
2025;18;Erkek;SEGMENT_B;BRAND_B4;491;180
2025;19;Erkek;SEGMENT_B;BRAND_B4;516;181
2025;20;Erkek;SEGMENT_B;BRAND_B4;511;181
2025;21;Erkek;SEGMENT_B;BRAND_B4;518;181
2025;22;Erkek;SEGMENT_B;BRAND_B4;511;181
2025;23;Erkek;SEGMENT_B;BRAND_B4;522;181
2025;24;Erkek;SEGMENT_B;BRAND_B4;536;181
2025;25;Erkek;SEGMENT_B;BRAND_B4;552;181
2025;26;Erkek;SEGMENT_B;BRAND_B4;524;181
2025;27;Erkek;SEGMENT_B;BRAND_B4;551;182
2025;28;Erkek;SEGMENT_B;BRAND_B4;551;182
2025;29;Erkek;SEGMENT_B;BRAND_B4;575;182
2025;30;Erkek;SEGMENT_B;BRAND_B4;601;182
2025;31;Erkek;SEGMENT_B;BRAND_B4;603;183
2025;32;Erkek;SEGMENT_B;BRAND_B4;592;183
2025;33;Erkek;SEGMENT_B;BRAND_B4;655;183
2025;34;Erkek;SEGMENT_B;BRAND_B4;746;183
2025;35;Erkek;SEGMENT_B;BRAND_B4;743;183
2025;36;Erkek;SEGMENT_B;BRAND_B4;736;184
2025;37;Erkek;SEGMENT_B;BRAND_B4;812;184
2025;38;Erkek;SEGMENT_B;BRAND_B4;843;184
2025;39;Erkek;SEGMENT_B;BRAND_B4;849;184
2025;40;Erkek;SEGMENT_B;BRAND_B4;789;184
2025;41;Erkek;SEGMENT_B;BRAND_B4;774;184
2025;42;Erkek;SEGMENT_B;BRAND_B4;807;185
2025;43;Erkek;SEGMENT_B;BRAND_B4;783;185
2025;44;Erkek;SEGMENT_B;BRAND_B4;850;185
2025;45;Erkek;SEGMENT_B;BRAND_B4;899;185
2025;46;Erkek;SEGMENT_B;BRAND_B4;842;185
2025;47;Erkek;SEGMENT_B;BRAND_B4;863;185
2025;48;Erkek;SEGMENT_B;BRAND_B4;998;185
2025;49;Erkek;SEGMENT_B;BRAND_B4;1.012;185
2025;50;Erkek;SEGMENT_B;BRAND_B4;964;185
2025;51;Erkek;SEGMENT_B;BRAND_B4;950;185
2025;52;Erkek;SEGMENT_B;BRAND_B4;870;185
2026;1;Erkek;SEGMENT_B;BRAND_B4;837;185
2026;2;Erkek;SEGMENT_B;BRAND_B4;762;185
2026;3;Erkek;SEGMENT_B;BRAND_B4;740;185
2026;4;Erkek;SEGMENT_B;BRAND_B4;722;185
2026;5;Erkek;SEGMENT_B;BRAND_B4;730;185
2026;6;Erkek;SEGMENT_B;BRAND_B4;716;185
2026;7;Erkek;SEGMENT_B;BRAND_B4;717;185
2026;8;Erkek;SEGMENT_B;BRAND_B4;689;185
2026;9;Erkek;SEGMENT_B;BRAND_B4;661;185
2026;10;Erkek;SEGMENT_B;BRAND_B4;654;185
2026;11;Erkek;SEGMENT_B;BRAND_B4;609;185
2026;12;Erkek;SEGMENT_B;BRAND_B4;610;185
2026;13;Erkek;SEGMENT_B;BRAND_B4;640;185
2026;14;Erkek;SEGMENT_B;BRAND_B4;598;185
2026;15;Erkek;SEGMENT_B;BRAND_B4;544;184
2026;16;Erkek;SEGMENT_B;BRAND_B4;565;184
2026;17;Erkek;SEGMENT_B;BRAND_B4;562;184
2026;18;Erkek;SEGMENT_B;BRAND_B4;582;184
2026;19;Erkek;SEGMENT_B;BRAND_B4;552;184
2026;20;Erkek;SEGMENT_B;BRAND_B4;548;184
2026;21;Erkek;SEGMENT_B;BRAND_B4;568;183
2026;22;Erkek;SEGMENT_B;BRAND_B4;571;183
2026;23;Erkek;SEGMENT_B;BRAND_B4;588;183
2026;24;Erkek;SEGMENT_B;BRAND_B4;616;183
2026;25;Erkek;SEGMENT_B;BRAND_B4;608;183
2026;26;Erkek;SEGMENT_B;BRAND_B4;594;182
2026;27;Erkek;SEGMENT_B;BRAND_B4;614;182
2026;28;Erkek;SEGMENT_B;BRAND_B4;637;182
2026;29;Erkek;SEGMENT_B;BRAND_B4;602;182
2026;30;Erkek;SEGMENT_B;BRAND_B4;615;181
2026;31;Erkek;SEGMENT_B;BRAND_B4;669;181
2026;32;Erkek;SEGMENT_B;BRAND_B4;664;181
2026;33;Erkek;SEGMENT_B;BRAND_B4;673;181
2026;34;Erkek;SEGMENT_B;BRAND_B4;757;181
2023;1;Erkek;SEGMENT_C;BRAND_C1;50;296
2023;2;Erkek;SEGMENT_C;BRAND_C1;52;296
2023;3;Erkek;SEGMENT_C;BRAND_C1;62;296
2023;4;Erkek;SEGMENT_C;BRAND_C1;68;296
2023;5;Erkek;SEGMENT_C;BRAND_C1;80;296
2023;6;Erkek;SEGMENT_C;BRAND_C1;94;297
2023;7;Erkek;SEGMENT_C;BRAND_C1;112;297
2023;8;Erkek;SEGMENT_C;BRAND_C1;118;297
2023;9;Erkek;SEGMENT_C;BRAND_C1;151;297
2023;10;Erkek;SEGMENT_C;BRAND_C1;158;298
2023;11;Erkek;SEGMENT_C;BRAND_C1;185;298
2023;12;Erkek;SEGMENT_C;BRAND_C1;226;298
2023;13;Erkek;SEGMENT_C;BRAND_C1;240;298
2023;14;Erkek;SEGMENT_C;BRAND_C1;254;299
2023;15;Erkek;SEGMENT_C;BRAND_C1;289;299
2023;16;Erkek;SEGMENT_C;BRAND_C1;297;299
2023;17;Erkek;SEGMENT_C;BRAND_C1;309;299
2023;18;Erkek;SEGMENT_C;BRAND_C1;353;299
2023;19;Erkek;SEGMENT_C;BRAND_C1;402;299
2023;20;Erkek;SEGMENT_C;BRAND_C1;401;300
2023;21;Erkek;SEGMENT_C;BRAND_C1;396;300
2023;22;Erkek;SEGMENT_C;BRAND_C1;486;300
2023;23;Erkek;SEGMENT_C;BRAND_C1;498;300
2023;24;Erkek;SEGMENT_C;BRAND_C1;506;300
2023;25;Erkek;SEGMENT_C;BRAND_C1;514;300
2023;26;Erkek;SEGMENT_C;BRAND_C1;542;300
2023;27;Erkek;SEGMENT_C;BRAND_C1;584;300
2023;28;Erkek;SEGMENT_C;BRAND_C1;608;300
2023;29;Erkek;SEGMENT_C;BRAND_C1;649;300
2023;30;Erkek;SEGMENT_C;BRAND_C1;625;300
2023;31;Erkek;SEGMENT_C;BRAND_C1;635;300
2023;32;Erkek;SEGMENT_C;BRAND_C1;642;300
2023;33;Erkek;SEGMENT_C;BRAND_C1;614;300
2023;34;Erkek;SEGMENT_C;BRAND_C1;596;300
2023;35;Erkek;SEGMENT_C;BRAND_C1;583;300
2023;36;Erkek;SEGMENT_C;BRAND_C1;569;300
2023;37;Erkek;SEGMENT_C;BRAND_C1;528;300
2023;38;Erkek;SEGMENT_C;BRAND_C1;522;300
2023;39;Erkek;SEGMENT_C;BRAND_C1;482;300
2023;40;Erkek;SEGMENT_C;BRAND_C1;476;300
2023;41;Erkek;SEGMENT_C;BRAND_C1;463;300
2023;42;Erkek;SEGMENT_C;BRAND_C1;422;300
2023;43;Erkek;SEGMENT_C;BRAND_C1;403;300
2023;44;Erkek;SEGMENT_C;BRAND_C1;376;300
2023;45;Erkek;SEGMENT_C;BRAND_C1;338;300
2023;46;Erkek;SEGMENT_C;BRAND_C1;301;299
2023;47;Erkek;SEGMENT_C;BRAND_C1;300;299
2023;48;Erkek;SEGMENT_C;BRAND_C1;278;299
2023;49;Erkek;SEGMENT_C;BRAND_C1;243;299
2023;50;Erkek;SEGMENT_C;BRAND_C1;213;299
2023;51;Erkek;SEGMENT_C;BRAND_C1;189;298
2023;52;Erkek;SEGMENT_C;BRAND_C1;168;298
2024;1;Erkek;SEGMENT_C;BRAND_C1;152;298
2024;2;Erkek;SEGMENT_C;BRAND_C1;141;298
2024;3;Erkek;SEGMENT_C;BRAND_C1;134;298
2024;4;Erkek;SEGMENT_C;BRAND_C1;131;297
2024;5;Erkek;SEGMENT_C;BRAND_C1;137;297
2024;6;Erkek;SEGMENT_C;BRAND_C1;132;297
2024;7;Erkek;SEGMENT_C;BRAND_C1;137;297
2024;8;Erkek;SEGMENT_C;BRAND_C1;143;296
2024;9;Erkek;SEGMENT_C;BRAND_C1;160;296
2024;10;Erkek;SEGMENT_C;BRAND_C1;184;296
2024;11;Erkek;SEGMENT_C;BRAND_C1;190;296
2024;12;Erkek;SEGMENT_C;BRAND_C1;220;296
2024;13;Erkek;SEGMENT_C;BRAND_C1;258;296
2024;14;Erkek;SEGMENT_C;BRAND_C1;303;296
2024;15;Erkek;SEGMENT_C;BRAND_C1;325;296
2024;16;Erkek;SEGMENT_C;BRAND_C1;389;295
2024;17;Erkek;SEGMENT_C;BRAND_C1;407;295
2024;18;Erkek;SEGMENT_C;BRAND_C1;424;295
2024;19;Erkek;SEGMENT_C;BRAND_C1;477;295
2024;20;Erkek;SEGMENT_C;BRAND_C1;473;295
2024;21;Erkek;SEGMENT_C;BRAND_C1;516;294
2024;22;Erkek;SEGMENT_C;BRAND_C1;525;294
2024;23;Erkek;SEGMENT_C;BRAND_C1;556;294
2024;24;Erkek;SEGMENT_C;BRAND_C1;556;294
2024;25;Erkek;SEGMENT_C;BRAND_C1;568;293
2024;26;Erkek;SEGMENT_C;BRAND_C1;582;293
2024;27;Erkek;SEGMENT_C;BRAND_C1;604;293
2024;28;Erkek;SEGMENT_C;BRAND_C1;650;293
2024;29;Erkek;SEGMENT_C;BRAND_C1;624;293
2024;30;Erkek;SEGMENT_C;BRAND_C1;637;293
2024;31;Erkek;SEGMENT_C;BRAND_C1;662;292
2024;32;Erkek;SEGMENT_C;BRAND_C1;701;292
2024;33;Erkek;SEGMENT_C;BRAND_C1;727;292
2024;34;Erkek;SEGMENT_C;BRAND_C1;678;292
2024;35;Erkek;SEGMENT_C;BRAND_C1;656;292
2024;36;Erkek;SEGMENT_C;BRAND_C1;623;292
2024;37;Erkek;SEGMENT_C;BRAND_C1;599;292
2024;38;Erkek;SEGMENT_C;BRAND_C1;571;292
2024;39;Erkek;SEGMENT_C;BRAND_C1;539;292
2024;40;Erkek;SEGMENT_C;BRAND_C1;498;292
2024;41;Erkek;SEGMENT_C;BRAND_C1;465;292
2024;42;Erkek;SEGMENT_C;BRAND_C1;444;292
2024;43;Erkek;SEGMENT_C;BRAND_C1;416;292
2024;44;Erkek;SEGMENT_C;BRAND_C1;374;292
2024;45;Erkek;SEGMENT_C;BRAND_C1;346;292
2024;46;Erkek;SEGMENT_C;BRAND_C1;324;292
2024;47;Erkek;SEGMENT_C;BRAND_C1;293;292
2024;48;Erkek;SEGMENT_C;BRAND_C1;279;292
2024;49;Erkek;SEGMENT_C;BRAND_C1;250;292
2024;50;Erkek;SEGMENT_C;BRAND_C1;219;292
2024;51;Erkek;SEGMENT_C;BRAND_C1;195;292
2024;52;Erkek;SEGMENT_C;BRAND_C1;165;292
2025;1;Erkek;SEGMENT_C;BRAND_C1;147;292
2025;2;Erkek;SEGMENT_C;BRAND_C1;132;292
2025;3;Erkek;SEGMENT_C;BRAND_C1;121;292
2025;4;Erkek;SEGMENT_C;BRAND_C1;116;292
2025;5;Erkek;SEGMENT_C;BRAND_C1;116;293
2025;6;Erkek;SEGMENT_C;BRAND_C1;122;293
2025;7;Erkek;SEGMENT_C;BRAND_C1;130;293
2025;8;Erkek;SEGMENT_C;BRAND_C1;148;293
2025;9;Erkek;SEGMENT_C;BRAND_C1;161;293
2025;10;Erkek;SEGMENT_C;BRAND_C1;197;294
2025;11;Erkek;SEGMENT_C;BRAND_C1;195;294
2025;12;Erkek;SEGMENT_C;BRAND_C1;202;294
2025;13;Erkek;SEGMENT_C;BRAND_C1;237;294
2025;14;Erkek;SEGMENT_C;BRAND_C1;259;294
2025;15;Erkek;SEGMENT_C;BRAND_C1;300;295
2025;16;Erkek;SEGMENT_C;BRAND_C1;325;295
2025;17;Erkek;SEGMENT_C;BRAND_C1;363;295
2025;18;Erkek;SEGMENT_C;BRAND_C1;414;295
2025;19;Erkek;SEGMENT_C;BRAND_C1;430;296
2025;20;Erkek;SEGMENT_C;BRAND_C1;450;296
2025;21;Erkek;SEGMENT_C;BRAND_C1;475;296
2025;22;Erkek;SEGMENT_C;BRAND_C1;549;296
2025;23;Erkek;SEGMENT_C;BRAND_C1;545;296
2025;24;Erkek;SEGMENT_C;BRAND_C1;604;296
2025;25;Erkek;SEGMENT_C;BRAND_C1;586;296
2025;26;Erkek;SEGMENT_C;BRAND_C1;574;296
2025;27;Erkek;SEGMENT_C;BRAND_C1;580;297
2025;28;Erkek;SEGMENT_C;BRAND_C1;615;297
2025;29;Erkek;SEGMENT_C;BRAND_C1;631;297
2025;30;Erkek;SEGMENT_C;BRAND_C1;681;297
2025;31;Erkek;SEGMENT_C;BRAND_C1;699;298
2025;32;Erkek;SEGMENT_C;BRAND_C1;677;298
2025;33;Erkek;SEGMENT_C;BRAND_C1;653;298
2025;34;Erkek;SEGMENT_C;BRAND_C1;667;298
2025;35;Erkek;SEGMENT_C;BRAND_C1;669;298
2025;36;Erkek;SEGMENT_C;BRAND_C1;653;299
2025;37;Erkek;SEGMENT_C;BRAND_C1;635;299
2025;38;Erkek;SEGMENT_C;BRAND_C1;595;299
2025;39;Erkek;SEGMENT_C;BRAND_C1;576;299
2025;40;Erkek;SEGMENT_C;BRAND_C1;527;299
2025;41;Erkek;SEGMENT_C;BRAND_C1;472;299
2025;42;Erkek;SEGMENT_C;BRAND_C1;438;300
2025;43;Erkek;SEGMENT_C;BRAND_C1;408;300
2025;44;Erkek;SEGMENT_C;BRAND_C1;376;300
2025;45;Erkek;SEGMENT_C;BRAND_C1;332;300
2025;46;Erkek;SEGMENT_C;BRAND_C1;305;300
2025;47;Erkek;SEGMENT_C;BRAND_C1;277;300
2025;48;Erkek;SEGMENT_C;BRAND_C1;251;300
2025;49;Erkek;SEGMENT_C;BRAND_C1;218;300
2025;50;Erkek;SEGMENT_C;BRAND_C1;192;300
2025;51;Erkek;SEGMENT_C;BRAND_C1;164;300
2025;52;Erkek;SEGMENT_C;BRAND_C1;142;300
2026;1;Erkek;SEGMENT_C;BRAND_C1;124;300
2026;2;Erkek;SEGMENT_C;BRAND_C1;115;300
2026;3;Erkek;SEGMENT_C;BRAND_C1;104;300
2026;4;Erkek;SEGMENT_C;BRAND_C1;109;300
2026;5;Erkek;SEGMENT_C;BRAND_C1;111;300
2026;6;Erkek;SEGMENT_C;BRAND_C1;118;300
2026;7;Erkek;SEGMENT_C;BRAND_C1;131;300
2026;8;Erkek;SEGMENT_C;BRAND_C1;153;300
2026;9;Erkek;SEGMENT_C;BRAND_C1;164;300
2026;10;Erkek;SEGMENT_C;BRAND_C1;177;300
2026;11;Erkek;SEGMENT_C;BRAND_C1;203;300
2026;12;Erkek;SEGMENT_C;BRAND_C1;216;300
2026;13;Erkek;SEGMENT_C;BRAND_C1;246;300
2026;14;Erkek;SEGMENT_C;BRAND_C1;288;300
2026;15;Erkek;SEGMENT_C;BRAND_C1;318;299
2026;16;Erkek;SEGMENT_C;BRAND_C1;375;299
2026;17;Erkek;SEGMENT_C;BRAND_C1;427;299
2026;18;Erkek;SEGMENT_C;BRAND_C1;436;299
2026;19;Erkek;SEGMENT_C;BRAND_C1;448;299
2026;20;Erkek;SEGMENT_C;BRAND_C1;487;299
2026;21;Erkek;SEGMENT_C;BRAND_C1;504;298
2026;22;Erkek;SEGMENT_C;BRAND_C1;583;298
2026;23;Erkek;SEGMENT_C;BRAND_C1;593;298
2026;24;Erkek;SEGMENT_C;BRAND_C1;571;298
2026;25;Erkek;SEGMENT_C;BRAND_C1;605;298
2026;26;Erkek;SEGMENT_C;BRAND_C1;660;297
2026;27;Erkek;SEGMENT_C;BRAND_C1;628;297
2026;28;Erkek;SEGMENT_C;BRAND_C1;641;297
2026;29;Erkek;SEGMENT_C;BRAND_C1;657;297
2026;30;Erkek;SEGMENT_C;BRAND_C1;693;296
2026;31;Erkek;SEGMENT_C;BRAND_C1;717;296
2026;32;Erkek;SEGMENT_C;BRAND_C1;730;296
2026;33;Erkek;SEGMENT_C;BRAND_C1;753;296
2026;34;Erkek;SEGMENT_C;BRAND_C1;753;296
2023;1;Erkek;SEGMENT_C;BRAND_C2;116;291
2023;2;Erkek;SEGMENT_C;BRAND_C2;122;291
2023;3;Erkek;SEGMENT_C;BRAND_C2;130;291
2023;4;Erkek;SEGMENT_C;BRAND_C2;138;291
2023;5;Erkek;SEGMENT_C;BRAND_C2;143;291
2023;6;Erkek;SEGMENT_C;BRAND_C2;154;292
2023;7;Erkek;SEGMENT_C;BRAND_C2;195;292
2023;8;Erkek;SEGMENT_C;BRAND_C2;233;292
2023;9;Erkek;SEGMENT_C;BRAND_C2;261;292
2023;10;Erkek;SEGMENT_C;BRAND_C2;340;293
2023;11;Erkek;SEGMENT_C;BRAND_C2;397;293
2023;12;Erkek;SEGMENT_C;BRAND_C2;451;293
2023;13;Erkek;SEGMENT_C;BRAND_C2;476;293
2023;14;Erkek;SEGMENT_C;BRAND_C2;486;294
2023;15;Erkek;SEGMENT_C;BRAND_C2;589;294
2023;16;Erkek;SEGMENT_C;BRAND_C2;642;294
2023;17;Erkek;SEGMENT_C;BRAND_C2;654;294
2023;18;Erkek;SEGMENT_C;BRAND_C2;730;294
2023;19;Erkek;SEGMENT_C;BRAND_C2;736;294
2023;20;Erkek;SEGMENT_C;BRAND_C2;910;295
2023;21;Erkek;SEGMENT_C;BRAND_C2;953;295
2023;22;Erkek;SEGMENT_C;BRAND_C2;924;295
2023;23;Erkek;SEGMENT_C;BRAND_C2;887;295
2023;24;Erkek;SEGMENT_C;BRAND_C2;912;295
2023;25;Erkek;SEGMENT_C;BRAND_C2;1.004;295
2023;26;Erkek;SEGMENT_C;BRAND_C2;1.009;295
2023;27;Erkek;SEGMENT_C;BRAND_C2;996;295
2023;28;Erkek;SEGMENT_C;BRAND_C2;1.040;295
2023;29;Erkek;SEGMENT_C;BRAND_C2;1.016;295
2023;30;Erkek;SEGMENT_C;BRAND_C2;1.124;295
2023;31;Erkek;SEGMENT_C;BRAND_C2;1.173;295
2023;32;Erkek;SEGMENT_C;BRAND_C2;1.136;295
2023;33;Erkek;SEGMENT_C;BRAND_C2;1.138;295
2023;34;Erkek;SEGMENT_C;BRAND_C2;1.124;295
2023;35;Erkek;SEGMENT_C;BRAND_C2;1.059;295
2023;36;Erkek;SEGMENT_C;BRAND_C2;999;295
2023;37;Erkek;SEGMENT_C;BRAND_C2;1.089;295
2023;38;Erkek;SEGMENT_C;BRAND_C2;1.009;295
2023;39;Erkek;SEGMENT_C;BRAND_C2;973;295
2023;40;Erkek;SEGMENT_C;BRAND_C2;929;295
2023;41;Erkek;SEGMENT_C;BRAND_C2;922;295
2023;42;Erkek;SEGMENT_C;BRAND_C2;842;295
2023;43;Erkek;SEGMENT_C;BRAND_C2;768;295
2023;44;Erkek;SEGMENT_C;BRAND_C2;697;295
2023;45;Erkek;SEGMENT_C;BRAND_C2;618;295
2023;46;Erkek;SEGMENT_C;BRAND_C2;546;294
2023;47;Erkek;SEGMENT_C;BRAND_C2;509;294
2023;48;Erkek;SEGMENT_C;BRAND_C2;474;294
2023;49;Erkek;SEGMENT_C;BRAND_C2;424;294
2023;50;Erkek;SEGMENT_C;BRAND_C2;386;294
2023;51;Erkek;SEGMENT_C;BRAND_C2;336;293
2023;52;Erkek;SEGMENT_C;BRAND_C2;301;293
2024;1;Erkek;SEGMENT_C;BRAND_C2;258;293
2024;2;Erkek;SEGMENT_C;BRAND_C2;230;293
2024;3;Erkek;SEGMENT_C;BRAND_C2;202;293
2024;4;Erkek;SEGMENT_C;BRAND_C2;214;292
2024;5;Erkek;SEGMENT_C;BRAND_C2;222;292
2024;6;Erkek;SEGMENT_C;BRAND_C2;227;292
2024;7;Erkek;SEGMENT_C;BRAND_C2;227;292
2024;8;Erkek;SEGMENT_C;BRAND_C2;250;291
2024;9;Erkek;SEGMENT_C;BRAND_C2;280;291
2024;10;Erkek;SEGMENT_C;BRAND_C2;306;291
2024;11;Erkek;SEGMENT_C;BRAND_C2;357;291
2024;12;Erkek;SEGMENT_C;BRAND_C2;389;291
2024;13;Erkek;SEGMENT_C;BRAND_C2;447;291
2024;14;Erkek;SEGMENT_C;BRAND_C2;483;291
2024;15;Erkek;SEGMENT_C;BRAND_C2;555;291
2024;16;Erkek;SEGMENT_C;BRAND_C2;569;290
2024;17;Erkek;SEGMENT_C;BRAND_C2;605;290
2024;18;Erkek;SEGMENT_C;BRAND_C2;650;290
2024;19;Erkek;SEGMENT_C;BRAND_C2;691;290
2024;20;Erkek;SEGMENT_C;BRAND_C2;692;290
2024;21;Erkek;SEGMENT_C;BRAND_C2;737;289
2024;22;Erkek;SEGMENT_C;BRAND_C2;726;289
2024;23;Erkek;SEGMENT_C;BRAND_C2;754;289
2024;24;Erkek;SEGMENT_C;BRAND_C2;806;289
2024;25;Erkek;SEGMENT_C;BRAND_C2;986;288
2024;26;Erkek;SEGMENT_C;BRAND_C2;1.044;288
2024;27;Erkek;SEGMENT_C;BRAND_C2;1.087;288
2024;28;Erkek;SEGMENT_C;BRAND_C2;1.078;288
2024;29;Erkek;SEGMENT_C;BRAND_C2;1.093;288
2024;30;Erkek;SEGMENT_C;BRAND_C2;1.144;288
2024;31;Erkek;SEGMENT_C;BRAND_C2;1.246;287
2024;32;Erkek;SEGMENT_C;BRAND_C2;1.157;287
2024;33;Erkek;SEGMENT_C;BRAND_C2;1.142;287
2024;34;Erkek;SEGMENT_C;BRAND_C2;1.172;287
2024;35;Erkek;SEGMENT_C;BRAND_C2;1.140;287
2024;36;Erkek;SEGMENT_C;BRAND_C2;1.062;287
2024;37;Erkek;SEGMENT_C;BRAND_C2;1.097;287
2024;38;Erkek;SEGMENT_C;BRAND_C2;1.080;287
2024;39;Erkek;SEGMENT_C;BRAND_C2;1.057;287
2024;40;Erkek;SEGMENT_C;BRAND_C2;1.040;287
2024;41;Erkek;SEGMENT_C;BRAND_C2;936;287
2024;42;Erkek;SEGMENT_C;BRAND_C2;900;287
2024;43;Erkek;SEGMENT_C;BRAND_C2;851;287
2024;44;Erkek;SEGMENT_C;BRAND_C2;775;287
2024;45;Erkek;SEGMENT_C;BRAND_C2;687;287
2024;46;Erkek;SEGMENT_C;BRAND_C2;633;287
2024;47;Erkek;SEGMENT_C;BRAND_C2;581;287
2024;48;Erkek;SEGMENT_C;BRAND_C2;525;287
2024;49;Erkek;SEGMENT_C;BRAND_C2;462;287
2024;50;Erkek;SEGMENT_C;BRAND_C2;398;287
2024;51;Erkek;SEGMENT_C;BRAND_C2;362;287
2024;52;Erkek;SEGMENT_C;BRAND_C2;327;287
2025;1;Erkek;SEGMENT_C;BRAND_C2;284;287
2025;2;Erkek;SEGMENT_C;BRAND_C2;249;287
2025;3;Erkek;SEGMENT_C;BRAND_C2;221;287
2025;4;Erkek;SEGMENT_C;BRAND_C2;204;287
2025;5;Erkek;SEGMENT_C;BRAND_C2;196;288
2025;6;Erkek;SEGMENT_C;BRAND_C2;191;288
2025;7;Erkek;SEGMENT_C;BRAND_C2;220;288
2025;8;Erkek;SEGMENT_C;BRAND_C2;230;288
2025;9;Erkek;SEGMENT_C;BRAND_C2;290;288
2025;10;Erkek;SEGMENT_C;BRAND_C2;322;289
2025;11;Erkek;SEGMENT_C;BRAND_C2;356;289
2025;12;Erkek;SEGMENT_C;BRAND_C2;396;289
2025;13;Erkek;SEGMENT_C;BRAND_C2;489;289
2025;14;Erkek;SEGMENT_C;BRAND_C2;519;289
2025;15;Erkek;SEGMENT_C;BRAND_C2;635;290
2025;16;Erkek;SEGMENT_C;BRAND_C2;710;290
2025;17;Erkek;SEGMENT_C;BRAND_C2;802;290
2025;18;Erkek;SEGMENT_C;BRAND_C2;864;290
2025;19;Erkek;SEGMENT_C;BRAND_C2;948;291
2025;20;Erkek;SEGMENT_C;BRAND_C2;1.069;291
2025;21;Erkek;SEGMENT_C;BRAND_C2;1.077;291
2025;22;Erkek;SEGMENT_C;BRAND_C2;1.059;291
2025;23;Erkek;SEGMENT_C;BRAND_C2;1.244;291
2025;24;Erkek;SEGMENT_C;BRAND_C2;1.274;291
2025;25;Erkek;SEGMENT_C;BRAND_C2;1.361;291
2025;26;Erkek;SEGMENT_C;BRAND_C2;1.423;291
2025;27;Erkek;SEGMENT_C;BRAND_C2;1.363;292
2025;28;Erkek;SEGMENT_C;BRAND_C2;1.359;292
2025;29;Erkek;SEGMENT_C;BRAND_C2;1.290;292
2025;30;Erkek;SEGMENT_C;BRAND_C2;1.277;292
2025;31;Erkek;SEGMENT_C;BRAND_C2;1.317;293
2025;32;Erkek;SEGMENT_C;BRAND_C2;1.257;293
2025;33;Erkek;SEGMENT_C;BRAND_C2;1.403;293
2025;34;Erkek;SEGMENT_C;BRAND_C2;1.296;293
2025;35;Erkek;SEGMENT_C;BRAND_C2;1.277;293
2025;36;Erkek;SEGMENT_C;BRAND_C2;1.295;294
2025;37;Erkek;SEGMENT_C;BRAND_C2;1.222;294
2025;38;Erkek;SEGMENT_C;BRAND_C2;1.132;294
2025;39;Erkek;SEGMENT_C;BRAND_C2;1.050;294
2025;40;Erkek;SEGMENT_C;BRAND_C2;1.000;294
2025;41;Erkek;SEGMENT_C;BRAND_C2;907;294
2025;42;Erkek;SEGMENT_C;BRAND_C2;863;295
2025;43;Erkek;SEGMENT_C;BRAND_C2;765;295
2025;44;Erkek;SEGMENT_C;BRAND_C2;699;295
2025;45;Erkek;SEGMENT_C;BRAND_C2;641;295
2025;46;Erkek;SEGMENT_C;BRAND_C2;601;295
2025;47;Erkek;SEGMENT_C;BRAND_C2;551;295
2025;48;Erkek;SEGMENT_C;BRAND_C2;514;295
2025;49;Erkek;SEGMENT_C;BRAND_C2;439;295
2025;50;Erkek;SEGMENT_C;BRAND_C2;389;295
2025;51;Erkek;SEGMENT_C;BRAND_C2;353;295
2025;52;Erkek;SEGMENT_C;BRAND_C2;322;295
2026;1;Erkek;SEGMENT_C;BRAND_C2;279;295
2026;2;Erkek;SEGMENT_C;BRAND_C2;250;295
2026;3;Erkek;SEGMENT_C;BRAND_C2;231;295
2026;4;Erkek;SEGMENT_C;BRAND_C2;217;295
2026;5;Erkek;SEGMENT_C;BRAND_C2;218;295
2026;6;Erkek;SEGMENT_C;BRAND_C2;214;295
2026;7;Erkek;SEGMENT_C;BRAND_C2;250;295
2026;8;Erkek;SEGMENT_C;BRAND_C2;250;295
2026;9;Erkek;SEGMENT_C;BRAND_C2;261;295
2026;10;Erkek;SEGMENT_C;BRAND_C2;327;295
2026;11;Erkek;SEGMENT_C;BRAND_C2;406;295
2026;12;Erkek;SEGMENT_C;BRAND_C2;498;295
2026;13;Erkek;SEGMENT_C;BRAND_C2;548;295
2026;14;Erkek;SEGMENT_C;BRAND_C2;583;295
2026;15;Erkek;SEGMENT_C;BRAND_C2;555;294
2026;16;Erkek;SEGMENT_C;BRAND_C2;641;294
2026;17;Erkek;SEGMENT_C;BRAND_C2;646;294
2026;18;Erkek;SEGMENT_C;BRAND_C2;665;294
2026;19;Erkek;SEGMENT_C;BRAND_C2;725;294
2026;20;Erkek;SEGMENT_C;BRAND_C2;773;294
2026;21;Erkek;SEGMENT_C;BRAND_C2;822;293
2026;22;Erkek;SEGMENT_C;BRAND_C2;982;293
2026;23;Erkek;SEGMENT_C;BRAND_C2;1.032;293
2026;24;Erkek;SEGMENT_C;BRAND_C2;1.036;293
2026;25;Erkek;SEGMENT_C;BRAND_C2;1.038;293
2026;26;Erkek;SEGMENT_C;BRAND_C2;1.022;292
2026;27;Erkek;SEGMENT_C;BRAND_C2;1.138;292
2026;28;Erkek;SEGMENT_C;BRAND_C2;1.220;292
2026;29;Erkek;SEGMENT_C;BRAND_C2;1.226;292
2026;30;Erkek;SEGMENT_C;BRAND_C2;1.347;291
2026;31;Erkek;SEGMENT_C;BRAND_C2;1.240;291
2026;32;Erkek;SEGMENT_C;BRAND_C2;1.187;291
2026;33;Erkek;SEGMENT_C;BRAND_C2;1.210;291
2026;34;Erkek;SEGMENT_C;BRAND_C2;1.193;291
2023;1;Erkek;SEGMENT_C;BRAND_C3;171;330
2023;2;Erkek;SEGMENT_C;BRAND_C3;167;330
2023;3;Erkek;SEGMENT_C;BRAND_C3;165;330
2023;4;Erkek;SEGMENT_C;BRAND_C3;171;330
2023;5;Erkek;SEGMENT_C;BRAND_C3;180;330
2023;6;Erkek;SEGMENT_C;BRAND_C3;203;331
2023;7;Erkek;SEGMENT_C;BRAND_C3;245;331
2023;8;Erkek;SEGMENT_C;BRAND_C3;256;331
2023;9;Erkek;SEGMENT_C;BRAND_C3;286;331
2023;10;Erkek;SEGMENT_C;BRAND_C3;306;332
2023;11;Erkek;SEGMENT_C;BRAND_C3;365;332
2023;12;Erkek;SEGMENT_C;BRAND_C3;557;332
2023;13;Erkek;SEGMENT_C;BRAND_C3;602;332
2023;14;Erkek;SEGMENT_C;BRAND_C3;609;333
2023;15;Erkek;SEGMENT_C;BRAND_C3;757;333
2023;16;Erkek;SEGMENT_C;BRAND_C3;867;333
2023;17;Erkek;SEGMENT_C;BRAND_C3;843;333
2023;18;Erkek;SEGMENT_C;BRAND_C3;963;333
2023;19;Erkek;SEGMENT_C;BRAND_C3;1.097;333
2023;20;Erkek;SEGMENT_C;BRAND_C3;1.180;334
2023;21;Erkek;SEGMENT_C;BRAND_C3;1.193;334
2023;22;Erkek;SEGMENT_C;BRAND_C3;1.319;334
2023;23;Erkek;SEGMENT_C;BRAND_C3;1.307;334
2023;24;Erkek;SEGMENT_C;BRAND_C3;1.440;334
2023;25;Erkek;SEGMENT_C;BRAND_C3;1.512;334
2023;26;Erkek;SEGMENT_C;BRAND_C3;1.619;334
2023;27;Erkek;SEGMENT_C;BRAND_C3;1.604;334
2023;28;Erkek;SEGMENT_C;BRAND_C3;1.546;334
2023;29;Erkek;SEGMENT_C;BRAND_C3;1.590;334
2023;30;Erkek;SEGMENT_C;BRAND_C3;1.545;334
2023;31;Erkek;SEGMENT_C;BRAND_C3;1.650;334
2023;32;Erkek;SEGMENT_C;BRAND_C3;1.576;334
2023;33;Erkek;SEGMENT_C;BRAND_C3;1.647;334
2023;34;Erkek;SEGMENT_C;BRAND_C3;1.597;334
2023;35;Erkek;SEGMENT_C;BRAND_C3;1.513;334
2023;36;Erkek;SEGMENT_C;BRAND_C3;1.502;334
2023;37;Erkek;SEGMENT_C;BRAND_C3;1.373;334
2023;38;Erkek;SEGMENT_C;BRAND_C3;1.246;334
2023;39;Erkek;SEGMENT_C;BRAND_C3;1.282;334
2023;40;Erkek;SEGMENT_C;BRAND_C3;1.203;334
2023;41;Erkek;SEGMENT_C;BRAND_C3;1.125;334
2023;42;Erkek;SEGMENT_C;BRAND_C3;1.007;334
2023;43;Erkek;SEGMENT_C;BRAND_C3;934;334
2023;44;Erkek;SEGMENT_C;BRAND_C3;829;334
2023;45;Erkek;SEGMENT_C;BRAND_C3;752;334
2023;46;Erkek;SEGMENT_C;BRAND_C3;709;333
2023;47;Erkek;SEGMENT_C;BRAND_C3;682;333
2023;48;Erkek;SEGMENT_C;BRAND_C3;610;333
2023;49;Erkek;SEGMENT_C;BRAND_C3;546;333
2023;50;Erkek;SEGMENT_C;BRAND_C3;475;333
2023;51;Erkek;SEGMENT_C;BRAND_C3;427;332
2023;52;Erkek;SEGMENT_C;BRAND_C3;380;332
2024;1;Erkek;SEGMENT_C;BRAND_C3;345;332
2024;2;Erkek;SEGMENT_C;BRAND_C3;301;332
2024;3;Erkek;SEGMENT_C;BRAND_C3;288;332
2024;4;Erkek;SEGMENT_C;BRAND_C3;265;331
2024;5;Erkek;SEGMENT_C;BRAND_C3;272;331
2024;6;Erkek;SEGMENT_C;BRAND_C3;279;331
2024;7;Erkek;SEGMENT_C;BRAND_C3;286;331
2024;8;Erkek;SEGMENT_C;BRAND_C3;325;330
2024;9;Erkek;SEGMENT_C;BRAND_C3;363;330
2024;10;Erkek;SEGMENT_C;BRAND_C3;434;330
2024;11;Erkek;SEGMENT_C;BRAND_C3;476;330
2024;12;Erkek;SEGMENT_C;BRAND_C3;531;330
2024;13;Erkek;SEGMENT_C;BRAND_C3;596;330
2024;14;Erkek;SEGMENT_C;BRAND_C3;686;330
2024;15;Erkek;SEGMENT_C;BRAND_C3;713;330
2024;16;Erkek;SEGMENT_C;BRAND_C3;763;329
2024;17;Erkek;SEGMENT_C;BRAND_C3;798;329
2024;18;Erkek;SEGMENT_C;BRAND_C3;934;329
2024;19;Erkek;SEGMENT_C;BRAND_C3;1.003;329
2024;20;Erkek;SEGMENT_C;BRAND_C3;1.117;329
2024;21;Erkek;SEGMENT_C;BRAND_C3;1.133;328
2024;22;Erkek;SEGMENT_C;BRAND_C3;1.165;328
2024;23;Erkek;SEGMENT_C;BRAND_C3;1.165;328
2024;24;Erkek;SEGMENT_C;BRAND_C3;1.253;328
2024;25;Erkek;SEGMENT_C;BRAND_C3;1.198;327
2024;26;Erkek;SEGMENT_C;BRAND_C3;1.235;327
2024;27;Erkek;SEGMENT_C;BRAND_C3;1.283;327
2024;28;Erkek;SEGMENT_C;BRAND_C3;1.434;327
2024;29;Erkek;SEGMENT_C;BRAND_C3;1.535;327
2024;30;Erkek;SEGMENT_C;BRAND_C3;1.600;327
2024;31;Erkek;SEGMENT_C;BRAND_C3;1.665;326
2024;32;Erkek;SEGMENT_C;BRAND_C3;1.621;326
2024;33;Erkek;SEGMENT_C;BRAND_C3;1.652;326
2024;34;Erkek;SEGMENT_C;BRAND_C3;1.549;326
2024;35;Erkek;SEGMENT_C;BRAND_C3;1.480;326
2024;36;Erkek;SEGMENT_C;BRAND_C3;1.420;326
2024;37;Erkek;SEGMENT_C;BRAND_C3;1.380;326
2024;38;Erkek;SEGMENT_C;BRAND_C3;1.298;326
2024;39;Erkek;SEGMENT_C;BRAND_C3;1.166;326
2024;40;Erkek;SEGMENT_C;BRAND_C3;1.162;326
2024;41;Erkek;SEGMENT_C;BRAND_C3;1.134;326
2024;42;Erkek;SEGMENT_C;BRAND_C3;1.089;326
2024;43;Erkek;SEGMENT_C;BRAND_C3;1.027;326
2024;44;Erkek;SEGMENT_C;BRAND_C3;903;326
2024;45;Erkek;SEGMENT_C;BRAND_C3;808;326
2024;46;Erkek;SEGMENT_C;BRAND_C3;744;326
2024;47;Erkek;SEGMENT_C;BRAND_C3;694;326
2024;48;Erkek;SEGMENT_C;BRAND_C3;630;326
2024;49;Erkek;SEGMENT_C;BRAND_C3;542;326
2024;50;Erkek;SEGMENT_C;BRAND_C3;469;326
2024;51;Erkek;SEGMENT_C;BRAND_C3;408;326
2024;52;Erkek;SEGMENT_C;BRAND_C3;367;326
2025;1;Erkek;SEGMENT_C;BRAND_C3;327;326
2025;2;Erkek;SEGMENT_C;BRAND_C3;301;326
2025;3;Erkek;SEGMENT_C;BRAND_C3;293;326
2025;4;Erkek;SEGMENT_C;BRAND_C3;288;326
2025;5;Erkek;SEGMENT_C;BRAND_C3;279;327
2025;6;Erkek;SEGMENT_C;BRAND_C3;272;327
2025;7;Erkek;SEGMENT_C;BRAND_C3;285;327
2025;8;Erkek;SEGMENT_C;BRAND_C3;335;327
2025;9;Erkek;SEGMENT_C;BRAND_C3;417;327
2025;10;Erkek;SEGMENT_C;BRAND_C3;429;328
2025;11;Erkek;SEGMENT_C;BRAND_C3;460;328
2025;12;Erkek;SEGMENT_C;BRAND_C3;505;328
2025;13;Erkek;SEGMENT_C;BRAND_C3;554;328
2025;14;Erkek;SEGMENT_C;BRAND_C3;647;328
2025;15;Erkek;SEGMENT_C;BRAND_C3;682;329
2025;16;Erkek;SEGMENT_C;BRAND_C3;700;329
2025;17;Erkek;SEGMENT_C;BRAND_C3;832;329
2025;18;Erkek;SEGMENT_C;BRAND_C3;1.011;329
2025;19;Erkek;SEGMENT_C;BRAND_C3;1.118;330
2025;20;Erkek;SEGMENT_C;BRAND_C3;1.302;330
2025;21;Erkek;SEGMENT_C;BRAND_C3;1.264;330
2025;22;Erkek;SEGMENT_C;BRAND_C3;1.385;330
2025;23;Erkek;SEGMENT_C;BRAND_C3;1.325;330
2025;24;Erkek;SEGMENT_C;BRAND_C3;1.480;330
2025;25;Erkek;SEGMENT_C;BRAND_C3;1.457;330
2025;26;Erkek;SEGMENT_C;BRAND_C3;1.498;330
2025;27;Erkek;SEGMENT_C;BRAND_C3;1.565;331
2025;28;Erkek;SEGMENT_C;BRAND_C3;1.471;331
2025;29;Erkek;SEGMENT_C;BRAND_C3;1.476;331
2025;30;Erkek;SEGMENT_C;BRAND_C3;1.609;331
2025;31;Erkek;SEGMENT_C;BRAND_C3;1.572;332
2025;32;Erkek;SEGMENT_C;BRAND_C3;1.717;332
2025;33;Erkek;SEGMENT_C;BRAND_C3;1.595;332
2025;34;Erkek;SEGMENT_C;BRAND_C3;1.516;332
2025;35;Erkek;SEGMENT_C;BRAND_C3;1.439;332
2025;36;Erkek;SEGMENT_C;BRAND_C3;1.432;333
2025;37;Erkek;SEGMENT_C;BRAND_C3;1.455;333
2025;38;Erkek;SEGMENT_C;BRAND_C3;1.419;333
2025;39;Erkek;SEGMENT_C;BRAND_C3;1.311;333
2025;40;Erkek;SEGMENT_C;BRAND_C3;1.175;333
2025;41;Erkek;SEGMENT_C;BRAND_C3;1.083;333
2025;42;Erkek;SEGMENT_C;BRAND_C3;992;334
2025;43;Erkek;SEGMENT_C;BRAND_C3;917;334
2025;44;Erkek;SEGMENT_C;BRAND_C3;847;334
2025;45;Erkek;SEGMENT_C;BRAND_C3;762;334
2025;46;Erkek;SEGMENT_C;BRAND_C3;698;334
2025;47;Erkek;SEGMENT_C;BRAND_C3;643;334
2025;48;Erkek;SEGMENT_C;BRAND_C3;602;334
2025;49;Erkek;SEGMENT_C;BRAND_C3;513;334
2025;50;Erkek;SEGMENT_C;BRAND_C3;444;334
2025;51;Erkek;SEGMENT_C;BRAND_C3;391;334
2025;52;Erkek;SEGMENT_C;BRAND_C3;350;334
2026;1;Erkek;SEGMENT_C;BRAND_C3;308;334
2026;2;Erkek;SEGMENT_C;BRAND_C3;282;334
2026;3;Erkek;SEGMENT_C;BRAND_C3;263;334
2026;4;Erkek;SEGMENT_C;BRAND_C3;255;334
2026;5;Erkek;SEGMENT_C;BRAND_C3;267;334
2026;6;Erkek;SEGMENT_C;BRAND_C3;264;334
2026;7;Erkek;SEGMENT_C;BRAND_C3;274;334
2026;8;Erkek;SEGMENT_C;BRAND_C3;306;334
2026;9;Erkek;SEGMENT_C;BRAND_C3;356;334
2026;10;Erkek;SEGMENT_C;BRAND_C3;404;334
2026;11;Erkek;SEGMENT_C;BRAND_C3;426;334
2026;12;Erkek;SEGMENT_C;BRAND_C3;491;334
2026;13;Erkek;SEGMENT_C;BRAND_C3;579;334
2026;14;Erkek;SEGMENT_C;BRAND_C3;653;334
2026;15;Erkek;SEGMENT_C;BRAND_C3;757;333
2026;16;Erkek;SEGMENT_C;BRAND_C3;787;333
2026;17;Erkek;SEGMENT_C;BRAND_C3;893;333
2026;18;Erkek;SEGMENT_C;BRAND_C3;976;333
2026;19;Erkek;SEGMENT_C;BRAND_C3;1.081;333
2026;20;Erkek;SEGMENT_C;BRAND_C3;1.204;333
2026;21;Erkek;SEGMENT_C;BRAND_C3;1.321;332
2026;22;Erkek;SEGMENT_C;BRAND_C3;1.430;332
2026;23;Erkek;SEGMENT_C;BRAND_C3;1.417;332
2026;24;Erkek;SEGMENT_C;BRAND_C3;1.555;332
2026;25;Erkek;SEGMENT_C;BRAND_C3;1.711;332
2026;26;Erkek;SEGMENT_C;BRAND_C3;1.682;331
2026;27;Erkek;SEGMENT_C;BRAND_C3;1.577;331
2026;28;Erkek;SEGMENT_C;BRAND_C3;1.590;331
2026;29;Erkek;SEGMENT_C;BRAND_C3;1.603;331
2026;30;Erkek;SEGMENT_C;BRAND_C3;1.534;330
2026;31;Erkek;SEGMENT_C;BRAND_C3;1.515;330
2026;32;Erkek;SEGMENT_C;BRAND_C3;1.494;330
2026;33;Erkek;SEGMENT_C;BRAND_C3;1.367;330
2026;34;Erkek;SEGMENT_C;BRAND_C3;1.317;330
2023;1;Erkek;SEGMENT_C;BRAND_C4;66;172
2023;2;Erkek;SEGMENT_C;BRAND_C4;72;172
2023;3;Erkek;SEGMENT_C;BRAND_C4;77;172
2023;4;Erkek;SEGMENT_C;BRAND_C4;87;172
2023;5;Erkek;SEGMENT_C;BRAND_C4;97;172
2023;6;Erkek;SEGMENT_C;BRAND_C4;105;173
2023;7;Erkek;SEGMENT_C;BRAND_C4;125;173
2023;8;Erkek;SEGMENT_C;BRAND_C4;140;173
2023;9;Erkek;SEGMENT_C;BRAND_C4;160;173
2023;10;Erkek;SEGMENT_C;BRAND_C4;175;174
2023;11;Erkek;SEGMENT_C;BRAND_C4;200;174
2023;12;Erkek;SEGMENT_C;BRAND_C4;218;174
2023;13;Erkek;SEGMENT_C;BRAND_C4;219;174
2023;14;Erkek;SEGMENT_C;BRAND_C4;245;175
2023;15;Erkek;SEGMENT_C;BRAND_C4;338;175
2023;16;Erkek;SEGMENT_C;BRAND_C4;355;175
2023;17;Erkek;SEGMENT_C;BRAND_C4;391;175
2023;18;Erkek;SEGMENT_C;BRAND_C4;415;175
2023;19;Erkek;SEGMENT_C;BRAND_C4;461;175
2023;20;Erkek;SEGMENT_C;BRAND_C4;487;176
2023;21;Erkek;SEGMENT_C;BRAND_C4;549;176
2023;22;Erkek;SEGMENT_C;BRAND_C4;615;176
2023;23;Erkek;SEGMENT_C;BRAND_C4;616;176
2023;24;Erkek;SEGMENT_C;BRAND_C4;632;176
2023;25;Erkek;SEGMENT_C;BRAND_C4;646;176
2023;26;Erkek;SEGMENT_C;BRAND_C4;710;176
2023;27;Erkek;SEGMENT_C;BRAND_C4;688;176
2023;28;Erkek;SEGMENT_C;BRAND_C4;723;176
2023;29;Erkek;SEGMENT_C;BRAND_C4;751;176
2023;30;Erkek;SEGMENT_C;BRAND_C4;733;176
2023;31;Erkek;SEGMENT_C;BRAND_C4;765;176
2023;32;Erkek;SEGMENT_C;BRAND_C4;766;176
2023;33;Erkek;SEGMENT_C;BRAND_C4;718;176
2023;34;Erkek;SEGMENT_C;BRAND_C4;685;176
2023;35;Erkek;SEGMENT_C;BRAND_C4;671;176
2023;36;Erkek;SEGMENT_C;BRAND_C4;664;176
2023;37;Erkek;SEGMENT_C;BRAND_C4;662;176
2023;38;Erkek;SEGMENT_C;BRAND_C4;662;176
2023;39;Erkek;SEGMENT_C;BRAND_C4;646;176
2023;40;Erkek;SEGMENT_C;BRAND_C4;600;176
2023;41;Erkek;SEGMENT_C;BRAND_C4;557;176
2023;42;Erkek;SEGMENT_C;BRAND_C4;532;176
2023;43;Erkek;SEGMENT_C;BRAND_C4;466;176
2023;44;Erkek;SEGMENT_C;BRAND_C4;435;176
2023;45;Erkek;SEGMENT_C;BRAND_C4;406;176
2023;46;Erkek;SEGMENT_C;BRAND_C4;367;175
2023;47;Erkek;SEGMENT_C;BRAND_C4;330;175
2023;48;Erkek;SEGMENT_C;BRAND_C4;314;175
2023;49;Erkek;SEGMENT_C;BRAND_C4;288;175
2023;50;Erkek;SEGMENT_C;BRAND_C4;253;175
2023;51;Erkek;SEGMENT_C;BRAND_C4;220;174
2023;52;Erkek;SEGMENT_C;BRAND_C4;192;174
2024;1;Erkek;SEGMENT_C;BRAND_C4;170;174
2024;2;Erkek;SEGMENT_C;BRAND_C4;157;174
2024;3;Erkek;SEGMENT_C;BRAND_C4;143;174
2024;4;Erkek;SEGMENT_C;BRAND_C4;138;173
2024;5;Erkek;SEGMENT_C;BRAND_C4;134;173
2024;6;Erkek;SEGMENT_C;BRAND_C4;146;173
2024;7;Erkek;SEGMENT_C;BRAND_C4;163;173
2024;8;Erkek;SEGMENT_C;BRAND_C4;169;172
2024;9;Erkek;SEGMENT_C;BRAND_C4;185;172
2024;10;Erkek;SEGMENT_C;BRAND_C4;220;172
2024;11;Erkek;SEGMENT_C;BRAND_C4;226;172
2024;12;Erkek;SEGMENT_C;BRAND_C4;250;172
2024;13;Erkek;SEGMENT_C;BRAND_C4;264;172
2024;14;Erkek;SEGMENT_C;BRAND_C4;266;172
2024;15;Erkek;SEGMENT_C;BRAND_C4;331;172
2024;16;Erkek;SEGMENT_C;BRAND_C4;343;171
2024;17;Erkek;SEGMENT_C;BRAND_C4;396;171
2024;18;Erkek;SEGMENT_C;BRAND_C4;461;171
2024;19;Erkek;SEGMENT_C;BRAND_C4;485;171
2024;20;Erkek;SEGMENT_C;BRAND_C4;519;171
2024;21;Erkek;SEGMENT_C;BRAND_C4;603;170
2024;22;Erkek;SEGMENT_C;BRAND_C4;694;170
2024;23;Erkek;SEGMENT_C;BRAND_C4;736;170
2024;24;Erkek;SEGMENT_C;BRAND_C4;723;170
2024;25;Erkek;SEGMENT_C;BRAND_C4;773;169
2024;26;Erkek;SEGMENT_C;BRAND_C4;768;169
2024;27;Erkek;SEGMENT_C;BRAND_C4;739;169
2024;28;Erkek;SEGMENT_C;BRAND_C4;733;169
2024;29;Erkek;SEGMENT_C;BRAND_C4;741;169
2024;30;Erkek;SEGMENT_C;BRAND_C4;785;169
2024;31;Erkek;SEGMENT_C;BRAND_C4;864;168
2024;32;Erkek;SEGMENT_C;BRAND_C4;843;168
2024;33;Erkek;SEGMENT_C;BRAND_C4;824;168
2024;34;Erkek;SEGMENT_C;BRAND_C4;823;168
2024;35;Erkek;SEGMENT_C;BRAND_C4;774;168
2024;36;Erkek;SEGMENT_C;BRAND_C4;718;168
2024;37;Erkek;SEGMENT_C;BRAND_C4;705;168
2024;38;Erkek;SEGMENT_C;BRAND_C4;657;168
2024;39;Erkek;SEGMENT_C;BRAND_C4;613;168
2024;40;Erkek;SEGMENT_C;BRAND_C4;580;168
2024;41;Erkek;SEGMENT_C;BRAND_C4;548;168
2024;42;Erkek;SEGMENT_C;BRAND_C4;490;168
2024;43;Erkek;SEGMENT_C;BRAND_C4;443;168
2024;44;Erkek;SEGMENT_C;BRAND_C4;418;168
2024;45;Erkek;SEGMENT_C;BRAND_C4;392;168
2024;46;Erkek;SEGMENT_C;BRAND_C4;354;168
2024;47;Erkek;SEGMENT_C;BRAND_C4;344;168
2024;48;Erkek;SEGMENT_C;BRAND_C4;319;168
2024;49;Erkek;SEGMENT_C;BRAND_C4;287;168
2024;50;Erkek;SEGMENT_C;BRAND_C4;243;168
2024;51;Erkek;SEGMENT_C;BRAND_C4;221;168
2024;52;Erkek;SEGMENT_C;BRAND_C4;192;168
2025;1;Erkek;SEGMENT_C;BRAND_C4;168;168
2025;2;Erkek;SEGMENT_C;BRAND_C4;148;168
2025;3;Erkek;SEGMENT_C;BRAND_C4;146;168
2025;4;Erkek;SEGMENT_C;BRAND_C4;138;168
2025;5;Erkek;SEGMENT_C;BRAND_C4;144;169
2025;6;Erkek;SEGMENT_C;BRAND_C4;156;169
2025;7;Erkek;SEGMENT_C;BRAND_C4;157;169
2025;8;Erkek;SEGMENT_C;BRAND_C4;167;169
2025;9;Erkek;SEGMENT_C;BRAND_C4;174;169
2025;10;Erkek;SEGMENT_C;BRAND_C4;192;170
2025;11;Erkek;SEGMENT_C;BRAND_C4;214;170
2025;12;Erkek;SEGMENT_C;BRAND_C4;242;170
2025;13;Erkek;SEGMENT_C;BRAND_C4;282;170
2025;14;Erkek;SEGMENT_C;BRAND_C4;324;170
2025;15;Erkek;SEGMENT_C;BRAND_C4;368;171
2025;16;Erkek;SEGMENT_C;BRAND_C4;397;171
2025;17;Erkek;SEGMENT_C;BRAND_C4;412;171
2025;18;Erkek;SEGMENT_C;BRAND_C4;428;171
2025;19;Erkek;SEGMENT_C;BRAND_C4;432;172
2025;20;Erkek;SEGMENT_C;BRAND_C4;488;172
2025;21;Erkek;SEGMENT_C;BRAND_C4;543;172
2025;22;Erkek;SEGMENT_C;BRAND_C4;605;172
2025;23;Erkek;SEGMENT_C;BRAND_C4;685;172
2025;24;Erkek;SEGMENT_C;BRAND_C4;721;172
2025;25;Erkek;SEGMENT_C;BRAND_C4;732;172
2025;26;Erkek;SEGMENT_C;BRAND_C4;763;172
2025;27;Erkek;SEGMENT_C;BRAND_C4;760;173
2025;28;Erkek;SEGMENT_C;BRAND_C4;822;173
2025;29;Erkek;SEGMENT_C;BRAND_C4;826;173
2025;30;Erkek;SEGMENT_C;BRAND_C4;783;173
2025;31;Erkek;SEGMENT_C;BRAND_C4;745;174
2025;32;Erkek;SEGMENT_C;BRAND_C4;771;174
2025;33;Erkek;SEGMENT_C;BRAND_C4;791;174
2025;34;Erkek;SEGMENT_C;BRAND_C4;771;174
2025;35;Erkek;SEGMENT_C;BRAND_C4;759;174
2025;36;Erkek;SEGMENT_C;BRAND_C4;752;175
2025;37;Erkek;SEGMENT_C;BRAND_C4;739;175
2025;38;Erkek;SEGMENT_C;BRAND_C4;717;175
2025;39;Erkek;SEGMENT_C;BRAND_C4;683;175
2025;40;Erkek;SEGMENT_C;BRAND_C4;649;175
2025;41;Erkek;SEGMENT_C;BRAND_C4;598;175
2025;42;Erkek;SEGMENT_C;BRAND_C4;562;176
2025;43;Erkek;SEGMENT_C;BRAND_C4;521;176
2025;44;Erkek;SEGMENT_C;BRAND_C4;474;176
2025;45;Erkek;SEGMENT_C;BRAND_C4;418;176
2025;46;Erkek;SEGMENT_C;BRAND_C4;381;176
2025;47;Erkek;SEGMENT_C;BRAND_C4;354;176
2025;48;Erkek;SEGMENT_C;BRAND_C4;336;176
2025;49;Erkek;SEGMENT_C;BRAND_C4;288;176
2025;50;Erkek;SEGMENT_C;BRAND_C4;256;176
2025;51;Erkek;SEGMENT_C;BRAND_C4;224;176
2025;52;Erkek;SEGMENT_C;BRAND_C4;200;176
2026;1;Erkek;SEGMENT_C;BRAND_C4;177;176
2026;2;Erkek;SEGMENT_C;BRAND_C4;159;176
2026;3;Erkek;SEGMENT_C;BRAND_C4;152;176
2026;4;Erkek;SEGMENT_C;BRAND_C4;144;176
2026;5;Erkek;SEGMENT_C;BRAND_C4;155;176
2026;6;Erkek;SEGMENT_C;BRAND_C4;151;176
2026;7;Erkek;SEGMENT_C;BRAND_C4;150;176
2026;8;Erkek;SEGMENT_C;BRAND_C4;158;176
2026;9;Erkek;SEGMENT_C;BRAND_C4;177;176
2026;10;Erkek;SEGMENT_C;BRAND_C4;208;176
2026;11;Erkek;SEGMENT_C;BRAND_C4;242;176
2026;12;Erkek;SEGMENT_C;BRAND_C4;282;176
2026;13;Erkek;SEGMENT_C;BRAND_C4;307;176
2026;14;Erkek;SEGMENT_C;BRAND_C4;328;176
2026;15;Erkek;SEGMENT_C;BRAND_C4;347;175
2026;16;Erkek;SEGMENT_C;BRAND_C4;408;175
2026;17;Erkek;SEGMENT_C;BRAND_C4;437;175
2026;18;Erkek;SEGMENT_C;BRAND_C4;491;175
2026;19;Erkek;SEGMENT_C;BRAND_C4;506;175
2026;20;Erkek;SEGMENT_C;BRAND_C4;547;175
2026;21;Erkek;SEGMENT_C;BRAND_C4;607;174
2026;22;Erkek;SEGMENT_C;BRAND_C4;689;174
2026;23;Erkek;SEGMENT_C;BRAND_C4;690;174
2026;24;Erkek;SEGMENT_C;BRAND_C4;779;174
2026;25;Erkek;SEGMENT_C;BRAND_C4;741;174
2026;26;Erkek;SEGMENT_C;BRAND_C4;723;173
2026;27;Erkek;SEGMENT_C;BRAND_C4;783;173
2026;28;Erkek;SEGMENT_C;BRAND_C4;836;173
2026;29;Erkek;SEGMENT_C;BRAND_C4;835;173
2026;30;Erkek;SEGMENT_C;BRAND_C4;832;172
2026;31;Erkek;SEGMENT_C;BRAND_C4;837;172
2026;32;Erkek;SEGMENT_C;BRAND_C4;788;172
2026;33;Erkek;SEGMENT_C;BRAND_C4;726;172
2026;34;Erkek;SEGMENT_C;BRAND_C4;736;172
2023;1;Erkek;SEGMENT_D;BRAND_D1;1.495;218
2023;2;Erkek;SEGMENT_D;BRAND_D1;1.429;218
2023;3;Erkek;SEGMENT_D;BRAND_D1;1.373;218
2023;4;Erkek;SEGMENT_D;BRAND_D1;1.253;218
2023;5;Erkek;SEGMENT_D;BRAND_D1;1.197;218
2023;6;Erkek;SEGMENT_D;BRAND_D1;1.164;219
2023;7;Erkek;SEGMENT_D;BRAND_D1;1.089;219
2023;8;Erkek;SEGMENT_D;BRAND_D1;1.130;219
2023;9;Erkek;SEGMENT_D;BRAND_D1;1.155;219
2023;10;Erkek;SEGMENT_D;BRAND_D1;1.131;220
2023;11;Erkek;SEGMENT_D;BRAND_D1;1.182;220
2023;12;Erkek;SEGMENT_D;BRAND_D1;1.128;220
2023;13;Erkek;SEGMENT_D;BRAND_D1;1.202;220
2023;14;Erkek;SEGMENT_D;BRAND_D1;1.143;221
2023;15;Erkek;SEGMENT_D;BRAND_D1;1.255;221
2023;16;Erkek;SEGMENT_D;BRAND_D1;1.271;221
2023;17;Erkek;SEGMENT_D;BRAND_D1;1.290;221
2023;18;Erkek;SEGMENT_D;BRAND_D1;1.283;221
2023;19;Erkek;SEGMENT_D;BRAND_D1;1.409;221
2023;20;Erkek;SEGMENT_D;BRAND_D1;1.311;222
2023;21;Erkek;SEGMENT_D;BRAND_D1;1.327;222
2023;22;Erkek;SEGMENT_D;BRAND_D1;1.331;222
2023;23;Erkek;SEGMENT_D;BRAND_D1;1.409;222
2023;24;Erkek;SEGMENT_D;BRAND_D1;1.366;222
2023;25;Erkek;SEGMENT_D;BRAND_D1;1.384;222
2023;26;Erkek;SEGMENT_D;BRAND_D1;1.404;222
2023;27;Erkek;SEGMENT_D;BRAND_D1;1.442;222
2023;28;Erkek;SEGMENT_D;BRAND_D1;1.366;222
2023;29;Erkek;SEGMENT_D;BRAND_D1;1.357;222
2023;30;Erkek;SEGMENT_D;BRAND_D1;1.290;222
2023;31;Erkek;SEGMENT_D;BRAND_D1;1.311;222
2023;32;Erkek;SEGMENT_D;BRAND_D1;1.292;222
2023;33;Erkek;SEGMENT_D;BRAND_D1;1.236;222
2023;34;Erkek;SEGMENT_D;BRAND_D1;1.283;222
2023;35;Erkek;SEGMENT_D;BRAND_D1;1.233;222
2023;36;Erkek;SEGMENT_D;BRAND_D1;1.304;222
2023;37;Erkek;SEGMENT_D;BRAND_D1;1.296;222
2023;38;Erkek;SEGMENT_D;BRAND_D1;1.334;222
2023;39;Erkek;SEGMENT_D;BRAND_D1;1.280;222
2023;40;Erkek;SEGMENT_D;BRAND_D1;1.300;222
2023;41;Erkek;SEGMENT_D;BRAND_D1;1.217;222
2023;42;Erkek;SEGMENT_D;BRAND_D1;1.150;222
2023;43;Erkek;SEGMENT_D;BRAND_D1;1.174;222
2023;44;Erkek;SEGMENT_D;BRAND_D1;1.243;222
2023;45;Erkek;SEGMENT_D;BRAND_D1;1.237;222
2023;46;Erkek;SEGMENT_D;BRAND_D1;1.177;221
2023;47;Erkek;SEGMENT_D;BRAND_D1;1.235;221
2023;48;Erkek;SEGMENT_D;BRAND_D1;1.305;221
2023;49;Erkek;SEGMENT_D;BRAND_D1;1.178;221
2023;50;Erkek;SEGMENT_D;BRAND_D1;1.109;221
2023;51;Erkek;SEGMENT_D;BRAND_D1;1.220;220
2023;52;Erkek;SEGMENT_D;BRAND_D1;1.250;220
2024;1;Erkek;SEGMENT_D;BRAND_D1;1.285;220
2024;2;Erkek;SEGMENT_D;BRAND_D1;1.354;220
2024;3;Erkek;SEGMENT_D;BRAND_D1;1.386;220
2024;4;Erkek;SEGMENT_D;BRAND_D1;1.280;219
2024;5;Erkek;SEGMENT_D;BRAND_D1;1.281;219
2024;6;Erkek;SEGMENT_D;BRAND_D1;1.330;219
2024;7;Erkek;SEGMENT_D;BRAND_D1;1.267;219
2024;8;Erkek;SEGMENT_D;BRAND_D1;1.303;218
2024;9;Erkek;SEGMENT_D;BRAND_D1;1.290;218
2024;10;Erkek;SEGMENT_D;BRAND_D1;1.363;218
2024;11;Erkek;SEGMENT_D;BRAND_D1;1.410;218
2024;12;Erkek;SEGMENT_D;BRAND_D1;1.344;218
2024;13;Erkek;SEGMENT_D;BRAND_D1;1.371;218
2024;14;Erkek;SEGMENT_D;BRAND_D1;1.461;218
2024;15;Erkek;SEGMENT_D;BRAND_D1;1.515;218
2024;16;Erkek;SEGMENT_D;BRAND_D1;1.456;217
2024;17;Erkek;SEGMENT_D;BRAND_D1;1.494;217
2024;18;Erkek;SEGMENT_D;BRAND_D1;1.610;217
2024;19;Erkek;SEGMENT_D;BRAND_D1;1.565;217
2024;20;Erkek;SEGMENT_D;BRAND_D1;1.632;217
2024;21;Erkek;SEGMENT_D;BRAND_D1;1.679;216
2024;22;Erkek;SEGMENT_D;BRAND_D1;1.768;216
2024;23;Erkek;SEGMENT_D;BRAND_D1;1.706;216
2024;24;Erkek;SEGMENT_D;BRAND_D1;1.710;216
2024;25;Erkek;SEGMENT_D;BRAND_D1;1.654;215
2024;26;Erkek;SEGMENT_D;BRAND_D1;1.582;215
2024;27;Erkek;SEGMENT_D;BRAND_D1;1.519;215
2024;28;Erkek;SEGMENT_D;BRAND_D1;1.598;215
2024;29;Erkek;SEGMENT_D;BRAND_D1;1.595;215
2024;30;Erkek;SEGMENT_D;BRAND_D1;1.660;215
2024;31;Erkek;SEGMENT_D;BRAND_D1;1.621;214
2024;32;Erkek;SEGMENT_D;BRAND_D1;1.522;214
2024;33;Erkek;SEGMENT_D;BRAND_D1;1.482;214
2024;34;Erkek;SEGMENT_D;BRAND_D1;1.497;214
2024;35;Erkek;SEGMENT_D;BRAND_D1;1.419;214
2024;36;Erkek;SEGMENT_D;BRAND_D1;1.361;214
2024;37;Erkek;SEGMENT_D;BRAND_D1;1.291;214
2024;38;Erkek;SEGMENT_D;BRAND_D1;1.304;214
2024;39;Erkek;SEGMENT_D;BRAND_D1;1.368;214
2024;40;Erkek;SEGMENT_D;BRAND_D1;1.494;214
2024;41;Erkek;SEGMENT_D;BRAND_D1;1.389;214
2024;42;Erkek;SEGMENT_D;BRAND_D1;1.376;214
2024;43;Erkek;SEGMENT_D;BRAND_D1;1.365;214
2024;44;Erkek;SEGMENT_D;BRAND_D1;1.411;214
2024;45;Erkek;SEGMENT_D;BRAND_D1;1.341;214
2024;46;Erkek;SEGMENT_D;BRAND_D1;1.410;214
2024;47;Erkek;SEGMENT_D;BRAND_D1;1.366;214
2024;48;Erkek;SEGMENT_D;BRAND_D1;1.517;214
2024;49;Erkek;SEGMENT_D;BRAND_D1;1.474;214
2024;50;Erkek;SEGMENT_D;BRAND_D1;1.459;214
2024;51;Erkek;SEGMENT_D;BRAND_D1;1.391;214
2024;52;Erkek;SEGMENT_D;BRAND_D1;1.440;214
2025;1;Erkek;SEGMENT_D;BRAND_D1;1.418;214
2025;2;Erkek;SEGMENT_D;BRAND_D1;1.452;214
2025;3;Erkek;SEGMENT_D;BRAND_D1;1.466;214
2025;4;Erkek;SEGMENT_D;BRAND_D1;1.489;214
2025;5;Erkek;SEGMENT_D;BRAND_D1;1.560;215
2025;6;Erkek;SEGMENT_D;BRAND_D1;1.619;215
2025;7;Erkek;SEGMENT_D;BRAND_D1;1.706;215
2025;8;Erkek;SEGMENT_D;BRAND_D1;1.630;215
2025;9;Erkek;SEGMENT_D;BRAND_D1;1.658;215
2025;10;Erkek;SEGMENT_D;BRAND_D1;1.659;216
2025;11;Erkek;SEGMENT_D;BRAND_D1;1.631;216
2025;12;Erkek;SEGMENT_D;BRAND_D1;1.718;216
2025;13;Erkek;SEGMENT_D;BRAND_D1;1.616;216
2025;14;Erkek;SEGMENT_D;BRAND_D1;1.507;216
2025;15;Erkek;SEGMENT_D;BRAND_D1;1.695;217
2025;16;Erkek;SEGMENT_D;BRAND_D1;1.686;217
2025;17;Erkek;SEGMENT_D;BRAND_D1;1.586;217
2025;18;Erkek;SEGMENT_D;BRAND_D1;1.585;217
2025;19;Erkek;SEGMENT_D;BRAND_D1;1.550;218
2025;20;Erkek;SEGMENT_D;BRAND_D1;1.588;218
2025;21;Erkek;SEGMENT_D;BRAND_D1;1.609;218
2025;22;Erkek;SEGMENT_D;BRAND_D1;1.532;218
2025;23;Erkek;SEGMENT_D;BRAND_D1;1.560;218
2025;24;Erkek;SEGMENT_D;BRAND_D1;1.505;218
2025;25;Erkek;SEGMENT_D;BRAND_D1;1.502;218
2025;26;Erkek;SEGMENT_D;BRAND_D1;1.533;218
2025;27;Erkek;SEGMENT_D;BRAND_D1;1.522;219
2025;28;Erkek;SEGMENT_D;BRAND_D1;1.557;219
2025;29;Erkek;SEGMENT_D;BRAND_D1;1.509;219
2025;30;Erkek;SEGMENT_D;BRAND_D1;1.466;219
2025;31;Erkek;SEGMENT_D;BRAND_D1;1.489;220
2025;32;Erkek;SEGMENT_D;BRAND_D1;1.662;220
2025;33;Erkek;SEGMENT_D;BRAND_D1;1.715;220
2025;34;Erkek;SEGMENT_D;BRAND_D1;1.703;220
2025;35;Erkek;SEGMENT_D;BRAND_D1;1.727;220
2025;36;Erkek;SEGMENT_D;BRAND_D1;1.687;221
2025;37;Erkek;SEGMENT_D;BRAND_D1;1.633;221
2025;38;Erkek;SEGMENT_D;BRAND_D1;1.553;221
2025;39;Erkek;SEGMENT_D;BRAND_D1;1.515;221
2025;40;Erkek;SEGMENT_D;BRAND_D1;1.597;221
2025;41;Erkek;SEGMENT_D;BRAND_D1;1.624;221
2025;42;Erkek;SEGMENT_D;BRAND_D1;1.569;222
2025;43;Erkek;SEGMENT_D;BRAND_D1;1.527;222
2025;44;Erkek;SEGMENT_D;BRAND_D1;1.511;222
2025;45;Erkek;SEGMENT_D;BRAND_D1;1.410;222
2025;46;Erkek;SEGMENT_D;BRAND_D1;1.423;222
2025;47;Erkek;SEGMENT_D;BRAND_D1;1.557;222
2025;48;Erkek;SEGMENT_D;BRAND_D1;1.649;222
2025;49;Erkek;SEGMENT_D;BRAND_D1;1.565;222
2025;50;Erkek;SEGMENT_D;BRAND_D1;1.558;222
2025;51;Erkek;SEGMENT_D;BRAND_D1;1.535;222
2025;52;Erkek;SEGMENT_D;BRAND_D1;1.581;222
2026;1;Erkek;SEGMENT_D;BRAND_D1;1.590;222
2026;2;Erkek;SEGMENT_D;BRAND_D1;1.548;222
2026;3;Erkek;SEGMENT_D;BRAND_D1;1.489;222
2026;4;Erkek;SEGMENT_D;BRAND_D1;1.384;222
2026;5;Erkek;SEGMENT_D;BRAND_D1;1.413;222
2026;6;Erkek;SEGMENT_D;BRAND_D1;1.379;222
2026;7;Erkek;SEGMENT_D;BRAND_D1;1.578;222
2026;8;Erkek;SEGMENT_D;BRAND_D1;1.671;222
2026;9;Erkek;SEGMENT_D;BRAND_D1;1.854;222
2026;10;Erkek;SEGMENT_D;BRAND_D1;1.731;222
2026;11;Erkek;SEGMENT_D;BRAND_D1;1.763;222
2026;12;Erkek;SEGMENT_D;BRAND_D1;1.646;222
2026;13;Erkek;SEGMENT_D;BRAND_D1;1.708;222
2026;14;Erkek;SEGMENT_D;BRAND_D1;1.589;222
2026;15;Erkek;SEGMENT_D;BRAND_D1;1.758;221
2026;16;Erkek;SEGMENT_D;BRAND_D1;1.701;221
2026;17;Erkek;SEGMENT_D;BRAND_D1;1.923;221
2026;18;Erkek;SEGMENT_D;BRAND_D1;1.856;221
2026;19;Erkek;SEGMENT_D;BRAND_D1;1.932;221
2026;20;Erkek;SEGMENT_D;BRAND_D1;1.846;221
2026;21;Erkek;SEGMENT_D;BRAND_D1;1.954;220
2026;22;Erkek;SEGMENT_D;BRAND_D1;2.040;220
2026;23;Erkek;SEGMENT_D;BRAND_D1;1.995;220
2026;24;Erkek;SEGMENT_D;BRAND_D1;2.064;220
2026;25;Erkek;SEGMENT_D;BRAND_D1;1.996;220
2026;26;Erkek;SEGMENT_D;BRAND_D1;2.037;219
2026;27;Erkek;SEGMENT_D;BRAND_D1;2.135;219
2026;28;Erkek;SEGMENT_D;BRAND_D1;2.031;219
2026;29;Erkek;SEGMENT_D;BRAND_D1;2.101;219
2026;30;Erkek;SEGMENT_D;BRAND_D1;2.114;218
2026;31;Erkek;SEGMENT_D;BRAND_D1;1.962;218
2026;32;Erkek;SEGMENT_D;BRAND_D1;1.955;218
2026;33;Erkek;SEGMENT_D;BRAND_D1;1.925;218
2026;34;Erkek;SEGMENT_D;BRAND_D1;1.875;218
2023;1;Erkek;SEGMENT_D;BRAND_D2;1.067;208
2023;2;Erkek;SEGMENT_D;BRAND_D2;1.085;208
2023;3;Erkek;SEGMENT_D;BRAND_D2;1.045;208
2023;4;Erkek;SEGMENT_D;BRAND_D2;953;208
2023;5;Erkek;SEGMENT_D;BRAND_D2;915;208
2023;6;Erkek;SEGMENT_D;BRAND_D2;1.026;209
2023;7;Erkek;SEGMENT_D;BRAND_D2;1.120;209
2023;8;Erkek;SEGMENT_D;BRAND_D2;1.067;209
2023;9;Erkek;SEGMENT_D;BRAND_D2;1.096;209
2023;10;Erkek;SEGMENT_D;BRAND_D2;1.131;210
2023;11;Erkek;SEGMENT_D;BRAND_D2;1.140;210
2023;12;Erkek;SEGMENT_D;BRAND_D2;1.106;210
2023;13;Erkek;SEGMENT_D;BRAND_D2;1.092;210
2023;14;Erkek;SEGMENT_D;BRAND_D2;1.210;211
2023;15;Erkek;SEGMENT_D;BRAND_D2;1.202;211
2023;16;Erkek;SEGMENT_D;BRAND_D2;1.178;211
2023;17;Erkek;SEGMENT_D;BRAND_D2;1.115;211
2023;18;Erkek;SEGMENT_D;BRAND_D2;1.112;211
2023;19;Erkek;SEGMENT_D;BRAND_D2;1.120;211
2023;20;Erkek;SEGMENT_D;BRAND_D2;1.127;212
2023;21;Erkek;SEGMENT_D;BRAND_D2;1.126;212
2023;22;Erkek;SEGMENT_D;BRAND_D2;1.034;212
2023;23;Erkek;SEGMENT_D;BRAND_D2;1.151;212
2023;24;Erkek;SEGMENT_D;BRAND_D2;1.180;212
2023;25;Erkek;SEGMENT_D;BRAND_D2;1.214;212
2023;26;Erkek;SEGMENT_D;BRAND_D2;1.248;212
2023;27;Erkek;SEGMENT_D;BRAND_D2;1.247;212
2023;28;Erkek;SEGMENT_D;BRAND_D2;1.200;212
2023;29;Erkek;SEGMENT_D;BRAND_D2;1.247;212
2023;30;Erkek;SEGMENT_D;BRAND_D2;1.231;212
2023;31;Erkek;SEGMENT_D;BRAND_D2;1.218;212
2023;32;Erkek;SEGMENT_D;BRAND_D2;1.205;212
2023;33;Erkek;SEGMENT_D;BRAND_D2;1.139;212
2023;34;Erkek;SEGMENT_D;BRAND_D2;1.127;212
2023;35;Erkek;SEGMENT_D;BRAND_D2;1.144;212
2023;36;Erkek;SEGMENT_D;BRAND_D2;1.201;212
2023;37;Erkek;SEGMENT_D;BRAND_D2;1.136;212
2023;38;Erkek;SEGMENT_D;BRAND_D2;1.091;212
2023;39;Erkek;SEGMENT_D;BRAND_D2;1.083;212
2023;40;Erkek;SEGMENT_D;BRAND_D2;1.030;212
2023;41;Erkek;SEGMENT_D;BRAND_D2;1.018;212
2023;42;Erkek;SEGMENT_D;BRAND_D2;1.009;212
2023;43;Erkek;SEGMENT_D;BRAND_D2;984;212
2023;44;Erkek;SEGMENT_D;BRAND_D2;947;212
2023;45;Erkek;SEGMENT_D;BRAND_D2;938;212
2023;46;Erkek;SEGMENT_D;BRAND_D2;1.004;211
2023;47;Erkek;SEGMENT_D;BRAND_D2;1.017;211
2023;48;Erkek;SEGMENT_D;BRAND_D2;1.127;211
2023;49;Erkek;SEGMENT_D;BRAND_D2;1.149;211
2023;50;Erkek;SEGMENT_D;BRAND_D2;1.087;211
2023;51;Erkek;SEGMENT_D;BRAND_D2;1.106;210
2023;52;Erkek;SEGMENT_D;BRAND_D2;1.124;210
2024;1;Erkek;SEGMENT_D;BRAND_D2;1.258;210
2024;2;Erkek;SEGMENT_D;BRAND_D2;1.326;210
2024;3;Erkek;SEGMENT_D;BRAND_D2;1.270;210
2024;4;Erkek;SEGMENT_D;BRAND_D2;1.308;209
2024;5;Erkek;SEGMENT_D;BRAND_D2;1.335;209
2024;6;Erkek;SEGMENT_D;BRAND_D2;1.321;209
2024;7;Erkek;SEGMENT_D;BRAND_D2;1.340;209
2024;8;Erkek;SEGMENT_D;BRAND_D2;1.281;208
2024;9;Erkek;SEGMENT_D;BRAND_D2;1.291;208
2024;10;Erkek;SEGMENT_D;BRAND_D2;1.222;208
2024;11;Erkek;SEGMENT_D;BRAND_D2;1.220;208
2024;12;Erkek;SEGMENT_D;BRAND_D2;1.205;208
2024;13;Erkek;SEGMENT_D;BRAND_D2;1.206;208
2024;14;Erkek;SEGMENT_D;BRAND_D2;1.213;208
2024;15;Erkek;SEGMENT_D;BRAND_D2;1.286;208
2024;16;Erkek;SEGMENT_D;BRAND_D2;1.279;207
2024;17;Erkek;SEGMENT_D;BRAND_D2;1.230;207
2024;18;Erkek;SEGMENT_D;BRAND_D2;1.287;207
2024;19;Erkek;SEGMENT_D;BRAND_D2;1.416;207
2024;20;Erkek;SEGMENT_D;BRAND_D2;1.378;207
2024;21;Erkek;SEGMENT_D;BRAND_D2;1.342;206
2024;22;Erkek;SEGMENT_D;BRAND_D2;1.258;206
2024;23;Erkek;SEGMENT_D;BRAND_D2;1.239;206
2024;24;Erkek;SEGMENT_D;BRAND_D2;1.243;206
2024;25;Erkek;SEGMENT_D;BRAND_D2;1.238;205
2024;26;Erkek;SEGMENT_D;BRAND_D2;1.224;205
2024;27;Erkek;SEGMENT_D;BRAND_D2;1.215;205
2024;28;Erkek;SEGMENT_D;BRAND_D2;1.279;205
2024;29;Erkek;SEGMENT_D;BRAND_D2;1.261;205
2024;30;Erkek;SEGMENT_D;BRAND_D2;1.207;205
2024;31;Erkek;SEGMENT_D;BRAND_D2;1.138;204
2024;32;Erkek;SEGMENT_D;BRAND_D2;1.237;204
2024;33;Erkek;SEGMENT_D;BRAND_D2;1.215;204
2024;34;Erkek;SEGMENT_D;BRAND_D2;1.266;204
2024;35;Erkek;SEGMENT_D;BRAND_D2;1.231;204
2024;36;Erkek;SEGMENT_D;BRAND_D2;1.291;204
2024;37;Erkek;SEGMENT_D;BRAND_D2;1.347;204
2024;38;Erkek;SEGMENT_D;BRAND_D2;1.358;204
2024;39;Erkek;SEGMENT_D;BRAND_D2;1.356;204
2024;40;Erkek;SEGMENT_D;BRAND_D2;1.385;204
2024;41;Erkek;SEGMENT_D;BRAND_D2;1.269;204
2024;42;Erkek;SEGMENT_D;BRAND_D2;1.231;204
2024;43;Erkek;SEGMENT_D;BRAND_D2;1.159;204
2024;44;Erkek;SEGMENT_D;BRAND_D2;1.127;204
2024;45;Erkek;SEGMENT_D;BRAND_D2;1.154;204
2024;46;Erkek;SEGMENT_D;BRAND_D2;1.108;204
2024;47;Erkek;SEGMENT_D;BRAND_D2;1.260;204
2024;48;Erkek;SEGMENT_D;BRAND_D2;1.282;204
2024;49;Erkek;SEGMENT_D;BRAND_D2;1.237;204
2024;50;Erkek;SEGMENT_D;BRAND_D2;1.181;204
2024;51;Erkek;SEGMENT_D;BRAND_D2;1.174;204
2024;52;Erkek;SEGMENT_D;BRAND_D2;1.275;204
2025;1;Erkek;SEGMENT_D;BRAND_D2;1.325;204
2025;2;Erkek;SEGMENT_D;BRAND_D2;1.334;204
2025;3;Erkek;SEGMENT_D;BRAND_D2;1.270;204
2025;4;Erkek;SEGMENT_D;BRAND_D2;1.317;204
2025;5;Erkek;SEGMENT_D;BRAND_D2;1.274;205
2025;6;Erkek;SEGMENT_D;BRAND_D2;1.240;205
2025;7;Erkek;SEGMENT_D;BRAND_D2;1.185;205
2025;8;Erkek;SEGMENT_D;BRAND_D2;1.268;205
2025;9;Erkek;SEGMENT_D;BRAND_D2;1.346;205
2025;10;Erkek;SEGMENT_D;BRAND_D2;1.361;206
2025;11;Erkek;SEGMENT_D;BRAND_D2;1.397;206
2025;12;Erkek;SEGMENT_D;BRAND_D2;1.408;206
2025;13;Erkek;SEGMENT_D;BRAND_D2;1.350;206
2025;14;Erkek;SEGMENT_D;BRAND_D2;1.372;206
2025;15;Erkek;SEGMENT_D;BRAND_D2;1.296;207
2025;16;Erkek;SEGMENT_D;BRAND_D2;1.346;207
2025;17;Erkek;SEGMENT_D;BRAND_D2;1.299;207
2025;18;Erkek;SEGMENT_D;BRAND_D2;1.452;207
2025;19;Erkek;SEGMENT_D;BRAND_D2;1.485;208
2025;20;Erkek;SEGMENT_D;BRAND_D2;1.405;208
2025;21;Erkek;SEGMENT_D;BRAND_D2;1.491;208
2025;22;Erkek;SEGMENT_D;BRAND_D2;1.508;208
2025;23;Erkek;SEGMENT_D;BRAND_D2;1.423;208
2025;24;Erkek;SEGMENT_D;BRAND_D2;1.369;208
2025;25;Erkek;SEGMENT_D;BRAND_D2;1.347;208
2025;26;Erkek;SEGMENT_D;BRAND_D2;1.408;208
2025;27;Erkek;SEGMENT_D;BRAND_D2;1.471;209
2025;28;Erkek;SEGMENT_D;BRAND_D2;1.335;209
2025;29;Erkek;SEGMENT_D;BRAND_D2;1.285;209
2025;30;Erkek;SEGMENT_D;BRAND_D2;1.368;209
2025;31;Erkek;SEGMENT_D;BRAND_D2;1.381;210
2025;32;Erkek;SEGMENT_D;BRAND_D2;1.402;210
2025;33;Erkek;SEGMENT_D;BRAND_D2;1.449;210
2025;34;Erkek;SEGMENT_D;BRAND_D2;1.469;210
2025;35;Erkek;SEGMENT_D;BRAND_D2;1.466;210
2025;36;Erkek;SEGMENT_D;BRAND_D2;1.435;211
2025;37;Erkek;SEGMENT_D;BRAND_D2;1.317;211
2025;38;Erkek;SEGMENT_D;BRAND_D2;1.275;211
2025;39;Erkek;SEGMENT_D;BRAND_D2;1.243;211
2025;40;Erkek;SEGMENT_D;BRAND_D2;1.401;211
2025;41;Erkek;SEGMENT_D;BRAND_D2;1.371;211
2025;42;Erkek;SEGMENT_D;BRAND_D2;1.353;212
2025;43;Erkek;SEGMENT_D;BRAND_D2;1.288;212
2025;44;Erkek;SEGMENT_D;BRAND_D2;1.347;212
2025;45;Erkek;SEGMENT_D;BRAND_D2;1.269;212
2025;46;Erkek;SEGMENT_D;BRAND_D2;1.279;212
2025;47;Erkek;SEGMENT_D;BRAND_D2;1.298;212
2025;48;Erkek;SEGMENT_D;BRAND_D2;1.459;212
2025;49;Erkek;SEGMENT_D;BRAND_D2;1.341;212
2025;50;Erkek;SEGMENT_D;BRAND_D2;1.281;212
2025;51;Erkek;SEGMENT_D;BRAND_D2;1.287;212
2025;52;Erkek;SEGMENT_D;BRAND_D2;1.281;212
2026;1;Erkek;SEGMENT_D;BRAND_D2;1.296;212
2026;2;Erkek;SEGMENT_D;BRAND_D2;1.305;212
2026;3;Erkek;SEGMENT_D;BRAND_D2;1.388;212
2026;4;Erkek;SEGMENT_D;BRAND_D2;1.377;212
2026;5;Erkek;SEGMENT_D;BRAND_D2;1.338;212
2026;6;Erkek;SEGMENT_D;BRAND_D2;1.291;212
2026;7;Erkek;SEGMENT_D;BRAND_D2;1.380;212
2026;8;Erkek;SEGMENT_D;BRAND_D2;1.398;212
2026;9;Erkek;SEGMENT_D;BRAND_D2;1.452;212
2026;10;Erkek;SEGMENT_D;BRAND_D2;1.557;212
2026;11;Erkek;SEGMENT_D;BRAND_D2;1.618;212
2026;12;Erkek;SEGMENT_D;BRAND_D2;1.576;212
2026;13;Erkek;SEGMENT_D;BRAND_D2;1.647;212
2026;14;Erkek;SEGMENT_D;BRAND_D2;1.709;212
2026;15;Erkek;SEGMENT_D;BRAND_D2;1.627;211
2026;16;Erkek;SEGMENT_D;BRAND_D2;1.511;211
2026;17;Erkek;SEGMENT_D;BRAND_D2;1.462;211
2026;18;Erkek;SEGMENT_D;BRAND_D2;1.541;211
2026;19;Erkek;SEGMENT_D;BRAND_D2;1.682;211
2026;20;Erkek;SEGMENT_D;BRAND_D2;1.649;211
2026;21;Erkek;SEGMENT_D;BRAND_D2;1.690;210
2026;22;Erkek;SEGMENT_D;BRAND_D2;1.744;210
2026;23;Erkek;SEGMENT_D;BRAND_D2;1.742;210
2026;24;Erkek;SEGMENT_D;BRAND_D2;1.648;210
2026;25;Erkek;SEGMENT_D;BRAND_D2;1.629;210
2026;26;Erkek;SEGMENT_D;BRAND_D2;1.630;209
2026;27;Erkek;SEGMENT_D;BRAND_D2;1.598;209
2026;28;Erkek;SEGMENT_D;BRAND_D2;1.584;209
2026;29;Erkek;SEGMENT_D;BRAND_D2;1.591;209
2026;30;Erkek;SEGMENT_D;BRAND_D2;1.564;208
2026;31;Erkek;SEGMENT_D;BRAND_D2;1.516;208
2026;32;Erkek;SEGMENT_D;BRAND_D2;1.495;208
2026;33;Erkek;SEGMENT_D;BRAND_D2;1.545;208
2026;34;Erkek;SEGMENT_D;BRAND_D2;1.673;208
2023;1;Erkek;SEGMENT_D;BRAND_D3;2.837;291
2023;2;Erkek;SEGMENT_D;BRAND_D3;2.661;291
2023;3;Erkek;SEGMENT_D;BRAND_D3;2.705;291
2023;4;Erkek;SEGMENT_D;BRAND_D3;2.667;291
2023;5;Erkek;SEGMENT_D;BRAND_D3;2.581;291
2023;6;Erkek;SEGMENT_D;BRAND_D3;2.649;292
2023;7;Erkek;SEGMENT_D;BRAND_D3;2.597;292
2023;8;Erkek;SEGMENT_D;BRAND_D3;2.601;292
2023;9;Erkek;SEGMENT_D;BRAND_D3;2.503;292
2023;10;Erkek;SEGMENT_D;BRAND_D3;2.794;293
2023;11;Erkek;SEGMENT_D;BRAND_D3;2.782;293
2023;12;Erkek;SEGMENT_D;BRAND_D3;2.694;293
2023;13;Erkek;SEGMENT_D;BRAND_D3;2.716;293
2023;14;Erkek;SEGMENT_D;BRAND_D3;2.713;294
2023;15;Erkek;SEGMENT_D;BRAND_D3;2.650;294
2023;16;Erkek;SEGMENT_D;BRAND_D3;2.495;294
2023;17;Erkek;SEGMENT_D;BRAND_D3;2.694;294
2023;18;Erkek;SEGMENT_D;BRAND_D3;2.602;294
2023;19;Erkek;SEGMENT_D;BRAND_D3;2.510;294
2023;20;Erkek;SEGMENT_D;BRAND_D3;2.495;295
2023;21;Erkek;SEGMENT_D;BRAND_D3;2.709;295
2023;22;Erkek;SEGMENT_D;BRAND_D3;2.663;295
2023;23;Erkek;SEGMENT_D;BRAND_D3;2.619;295
2023;24;Erkek;SEGMENT_D;BRAND_D3;2.926;295
2023;25;Erkek;SEGMENT_D;BRAND_D3;2.984;295
2023;26;Erkek;SEGMENT_D;BRAND_D3;3.110;295
2023;27;Erkek;SEGMENT_D;BRAND_D3;2.928;295
2023;28;Erkek;SEGMENT_D;BRAND_D3;2.737;295
2023;29;Erkek;SEGMENT_D;BRAND_D3;2.839;295
2023;30;Erkek;SEGMENT_D;BRAND_D3;2.740;295
2023;31;Erkek;SEGMENT_D;BRAND_D3;2.717;295
2023;32;Erkek;SEGMENT_D;BRAND_D3;2.792;295
2023;33;Erkek;SEGMENT_D;BRAND_D3;2.806;295
2023;34;Erkek;SEGMENT_D;BRAND_D3;2.780;295
2023;35;Erkek;SEGMENT_D;BRAND_D3;2.789;295
2023;36;Erkek;SEGMENT_D;BRAND_D3;2.651;295
2023;37;Erkek;SEGMENT_D;BRAND_D3;2.723;295
2023;38;Erkek;SEGMENT_D;BRAND_D3;2.734;295
2023;39;Erkek;SEGMENT_D;BRAND_D3;2.702;295
2023;40;Erkek;SEGMENT_D;BRAND_D3;2.713;295
2023;41;Erkek;SEGMENT_D;BRAND_D3;2.545;295
2023;42;Erkek;SEGMENT_D;BRAND_D3;2.446;295
2023;43;Erkek;SEGMENT_D;BRAND_D3;2.334;295
2023;44;Erkek;SEGMENT_D;BRAND_D3;2.353;295
2023;45;Erkek;SEGMENT_D;BRAND_D3;2.279;295
2023;46;Erkek;SEGMENT_D;BRAND_D3;2.391;294
2023;47;Erkek;SEGMENT_D;BRAND_D3;2.622;294
2023;48;Erkek;SEGMENT_D;BRAND_D3;2.773;294
2023;49;Erkek;SEGMENT_D;BRAND_D3;2.774;294
2023;50;Erkek;SEGMENT_D;BRAND_D3;2.733;294
2023;51;Erkek;SEGMENT_D;BRAND_D3;2.576;293
2023;52;Erkek;SEGMENT_D;BRAND_D3;2.437;293
2024;1;Erkek;SEGMENT_D;BRAND_D3;2.548;293
2024;2;Erkek;SEGMENT_D;BRAND_D3;2.450;293
2024;3;Erkek;SEGMENT_D;BRAND_D3;2.570;293
2024;4;Erkek;SEGMENT_D;BRAND_D3;2.627;292
2024;5;Erkek;SEGMENT_D;BRAND_D3;2.464;292
2024;6;Erkek;SEGMENT_D;BRAND_D3;2.574;292
2024;7;Erkek;SEGMENT_D;BRAND_D3;2.566;292
2024;8;Erkek;SEGMENT_D;BRAND_D3;2.630;291
2024;9;Erkek;SEGMENT_D;BRAND_D3;2.645;291
2024;10;Erkek;SEGMENT_D;BRAND_D3;2.723;291
2024;11;Erkek;SEGMENT_D;BRAND_D3;2.850;291
2024;12;Erkek;SEGMENT_D;BRAND_D3;2.739;291
2024;13;Erkek;SEGMENT_D;BRAND_D3;2.682;291
2024;14;Erkek;SEGMENT_D;BRAND_D3;2.631;291
2024;15;Erkek;SEGMENT_D;BRAND_D3;2.783;291
2024;16;Erkek;SEGMENT_D;BRAND_D3;2.912;290
2024;17;Erkek;SEGMENT_D;BRAND_D3;3.051;290
2024;18;Erkek;SEGMENT_D;BRAND_D3;2.881;290
2024;19;Erkek;SEGMENT_D;BRAND_D3;2.971;290
2024;20;Erkek;SEGMENT_D;BRAND_D3;3.007;290
2024;21;Erkek;SEGMENT_D;BRAND_D3;2.939;289
2024;22;Erkek;SEGMENT_D;BRAND_D3;2.992;289
2024;23;Erkek;SEGMENT_D;BRAND_D3;3.016;289
2024;24;Erkek;SEGMENT_D;BRAND_D3;2.969;289
2024;25;Erkek;SEGMENT_D;BRAND_D3;2.958;288
2024;26;Erkek;SEGMENT_D;BRAND_D3;3.135;288
2024;27;Erkek;SEGMENT_D;BRAND_D3;3.174;288
2024;28;Erkek;SEGMENT_D;BRAND_D3;3.345;288
2024;29;Erkek;SEGMENT_D;BRAND_D3;3.284;288
2024;30;Erkek;SEGMENT_D;BRAND_D3;3.396;288
2024;31;Erkek;SEGMENT_D;BRAND_D3;3.209;287
2024;32;Erkek;SEGMENT_D;BRAND_D3;3.131;287
2024;33;Erkek;SEGMENT_D;BRAND_D3;3.242;287
2024;34;Erkek;SEGMENT_D;BRAND_D3;3.148;287
2024;35;Erkek;SEGMENT_D;BRAND_D3;3.076;287
2024;36;Erkek;SEGMENT_D;BRAND_D3;3.014;287
2024;37;Erkek;SEGMENT_D;BRAND_D3;3.127;287
2024;38;Erkek;SEGMENT_D;BRAND_D3;3.195;287
2024;39;Erkek;SEGMENT_D;BRAND_D3;3.216;287
2024;40;Erkek;SEGMENT_D;BRAND_D3;3.334;287
2024;41;Erkek;SEGMENT_D;BRAND_D3;3.109;287
2024;42;Erkek;SEGMENT_D;BRAND_D3;3.099;287
2024;43;Erkek;SEGMENT_D;BRAND_D3;2.951;287
2024;44;Erkek;SEGMENT_D;BRAND_D3;3.079;287
2024;45;Erkek;SEGMENT_D;BRAND_D3;3.117;287
2024;46;Erkek;SEGMENT_D;BRAND_D3;2.897;287
2024;47;Erkek;SEGMENT_D;BRAND_D3;3.178;287
2024;48;Erkek;SEGMENT_D;BRAND_D3;3.247;287
2024;49;Erkek;SEGMENT_D;BRAND_D3;3.074;287
2024;50;Erkek;SEGMENT_D;BRAND_D3;2.891;287
2024;51;Erkek;SEGMENT_D;BRAND_D3;2.980;287
2024;52;Erkek;SEGMENT_D;BRAND_D3;2.789;287
2025;1;Erkek;SEGMENT_D;BRAND_D3;2.876;287
2025;2;Erkek;SEGMENT_D;BRAND_D3;2.911;287
2025;3;Erkek;SEGMENT_D;BRAND_D3;2.976;287
2025;4;Erkek;SEGMENT_D;BRAND_D3;3.023;287
2025;5;Erkek;SEGMENT_D;BRAND_D3;3.159;288
2025;6;Erkek;SEGMENT_D;BRAND_D3;3.218;288
2025;7;Erkek;SEGMENT_D;BRAND_D3;3.353;288
2025;8;Erkek;SEGMENT_D;BRAND_D3;3.424;288
2025;9;Erkek;SEGMENT_D;BRAND_D3;3.364;288
2025;10;Erkek;SEGMENT_D;BRAND_D3;3.421;289
2025;11;Erkek;SEGMENT_D;BRAND_D3;3.531;289
2025;12;Erkek;SEGMENT_D;BRAND_D3;3.715;289
2025;13;Erkek;SEGMENT_D;BRAND_D3;3.637;289
2025;14;Erkek;SEGMENT_D;BRAND_D3;3.499;289
2025;15;Erkek;SEGMENT_D;BRAND_D3;3.612;290
2025;16;Erkek;SEGMENT_D;BRAND_D3;4.002;290
2025;17;Erkek;SEGMENT_D;BRAND_D3;4.039;290
2025;18;Erkek;SEGMENT_D;BRAND_D3;4.071;290
2025;19;Erkek;SEGMENT_D;BRAND_D3;3.832;291
2025;20;Erkek;SEGMENT_D;BRAND_D3;3.843;291
2025;21;Erkek;SEGMENT_D;BRAND_D3;4.087;291
2025;22;Erkek;SEGMENT_D;BRAND_D3;4.052;291
2025;23;Erkek;SEGMENT_D;BRAND_D3;3.906;291
2025;24;Erkek;SEGMENT_D;BRAND_D3;3.840;291
2025;25;Erkek;SEGMENT_D;BRAND_D3;3.616;291
2025;26;Erkek;SEGMENT_D;BRAND_D3;3.595;291
2025;27;Erkek;SEGMENT_D;BRAND_D3;3.565;292
2025;28;Erkek;SEGMENT_D;BRAND_D3;3.480;292
2025;29;Erkek;SEGMENT_D;BRAND_D3;3.600;292
2025;30;Erkek;SEGMENT_D;BRAND_D3;3.759;292
2025;31;Erkek;SEGMENT_D;BRAND_D3;3.827;293
2025;32;Erkek;SEGMENT_D;BRAND_D3;3.769;293
2025;33;Erkek;SEGMENT_D;BRAND_D3;4.084;293
2025;34;Erkek;SEGMENT_D;BRAND_D3;3.831;293
2025;35;Erkek;SEGMENT_D;BRAND_D3;3.565;293
2025;36;Erkek;SEGMENT_D;BRAND_D3;3.464;294
2025;37;Erkek;SEGMENT_D;BRAND_D3;3.359;294
2025;38;Erkek;SEGMENT_D;BRAND_D3;3.363;294
2025;39;Erkek;SEGMENT_D;BRAND_D3;3.432;294
2025;40;Erkek;SEGMENT_D;BRAND_D3;3.479;294
2025;41;Erkek;SEGMENT_D;BRAND_D3;3.750;294
2025;42;Erkek;SEGMENT_D;BRAND_D3;3.656;295
2025;43;Erkek;SEGMENT_D;BRAND_D3;3.387;295
2025;44;Erkek;SEGMENT_D;BRAND_D3;3.116;295
2025;45;Erkek;SEGMENT_D;BRAND_D3;3.091;295
2025;46;Erkek;SEGMENT_D;BRAND_D3;3.103;295
2025;47;Erkek;SEGMENT_D;BRAND_D3;3.477;295
2025;48;Erkek;SEGMENT_D;BRAND_D3;3.368;295
2025;49;Erkek;SEGMENT_D;BRAND_D3;3.262;295
2025;50;Erkek;SEGMENT_D;BRAND_D3;3.205;295
2025;51;Erkek;SEGMENT_D;BRAND_D3;3.192;295
2025;52;Erkek;SEGMENT_D;BRAND_D3;3.359;295
2026;1;Erkek;SEGMENT_D;BRAND_D3;3.376;295
2026;2;Erkek;SEGMENT_D;BRAND_D3;3.376;295
2026;3;Erkek;SEGMENT_D;BRAND_D3;3.445;295
2026;4;Erkek;SEGMENT_D;BRAND_D3;3.286;295
2026;5;Erkek;SEGMENT_D;BRAND_D3;3.235;295
2026;6;Erkek;SEGMENT_D;BRAND_D3;3.470;295
2026;7;Erkek;SEGMENT_D;BRAND_D3;3.574;295
2026;8;Erkek;SEGMENT_D;BRAND_D3;3.421;295
2026;9;Erkek;SEGMENT_D;BRAND_D3;3.545;295
2026;10;Erkek;SEGMENT_D;BRAND_D3;3.540;295
2026;11;Erkek;SEGMENT_D;BRAND_D3;3.603;295
2026;12;Erkek;SEGMENT_D;BRAND_D3;3.824;295
2026;13;Erkek;SEGMENT_D;BRAND_D3;3.804;295
2026;14;Erkek;SEGMENT_D;BRAND_D3;3.785;295
2026;15;Erkek;SEGMENT_D;BRAND_D3;3.909;294
2026;16;Erkek;SEGMENT_D;BRAND_D3;4.098;294
2026;17;Erkek;SEGMENT_D;BRAND_D3;3.910;294
2026;18;Erkek;SEGMENT_D;BRAND_D3;4.105;294
2026;19;Erkek;SEGMENT_D;BRAND_D3;3.922;294
2026;20;Erkek;SEGMENT_D;BRAND_D3;4.025;294
2026;21;Erkek;SEGMENT_D;BRAND_D3;4.248;293
2026;22;Erkek;SEGMENT_D;BRAND_D3;4.193;293
2026;23;Erkek;SEGMENT_D;BRAND_D3;4.256;293
2026;24;Erkek;SEGMENT_D;BRAND_D3;4.301;293
2026;25;Erkek;SEGMENT_D;BRAND_D3;4.467;293
2026;26;Erkek;SEGMENT_D;BRAND_D3;4.345;292
2026;27;Erkek;SEGMENT_D;BRAND_D3;4.187;292
2026;28;Erkek;SEGMENT_D;BRAND_D3;4.216;292
2026;29;Erkek;SEGMENT_D;BRAND_D3;4.175;292
2026;30;Erkek;SEGMENT_D;BRAND_D3;4.061;291
2026;31;Erkek;SEGMENT_D;BRAND_D3;3.966;291
2026;32;Erkek;SEGMENT_D;BRAND_D3;3.986;291
2026;33;Erkek;SEGMENT_D;BRAND_D3;4.335;291
2026;34;Erkek;SEGMENT_D;BRAND_D3;4.260;291
2023;1;Erkek;SEGMENT_D;BRAND_D4;2.177;214
2023;2;Erkek;SEGMENT_D;BRAND_D4;2.082;214
2023;3;Erkek;SEGMENT_D;BRAND_D4;2.118;214
2023;4;Erkek;SEGMENT_D;BRAND_D4;1.983;214
2023;5;Erkek;SEGMENT_D;BRAND_D4;1.942;214
2023;6;Erkek;SEGMENT_D;BRAND_D4;1.934;215
2023;7;Erkek;SEGMENT_D;BRAND_D4;2.140;215
2023;8;Erkek;SEGMENT_D;BRAND_D4;2.331;215
2023;9;Erkek;SEGMENT_D;BRAND_D4;2.237;215
2023;10;Erkek;SEGMENT_D;BRAND_D4;2.085;216
2023;11;Erkek;SEGMENT_D;BRAND_D4;2.070;216
2023;12;Erkek;SEGMENT_D;BRAND_D4;2.111;216
2023;13;Erkek;SEGMENT_D;BRAND_D4;2.090;216
2023;14;Erkek;SEGMENT_D;BRAND_D4;1.993;217
2023;15;Erkek;SEGMENT_D;BRAND_D4;1.968;217
2023;16;Erkek;SEGMENT_D;BRAND_D4;2.091;217
2023;17;Erkek;SEGMENT_D;BRAND_D4;2.284;217
2023;18;Erkek;SEGMENT_D;BRAND_D4;2.378;217
2023;19;Erkek;SEGMENT_D;BRAND_D4;2.392;217
2023;20;Erkek;SEGMENT_D;BRAND_D4;2.285;218
2023;21;Erkek;SEGMENT_D;BRAND_D4;2.339;218
2023;22;Erkek;SEGMENT_D;BRAND_D4;2.246;218
2023;23;Erkek;SEGMENT_D;BRAND_D4;2.103;218
2023;24;Erkek;SEGMENT_D;BRAND_D4;2.035;218
2023;25;Erkek;SEGMENT_D;BRAND_D4;2.025;218
2023;26;Erkek;SEGMENT_D;BRAND_D4;2.133;218
2023;27;Erkek;SEGMENT_D;BRAND_D4;2.201;218
2023;28;Erkek;SEGMENT_D;BRAND_D4;2.283;218
2023;29;Erkek;SEGMENT_D;BRAND_D4;2.225;218
2023;30;Erkek;SEGMENT_D;BRAND_D4;2.458;218
2023;31;Erkek;SEGMENT_D;BRAND_D4;2.480;218
2023;32;Erkek;SEGMENT_D;BRAND_D4;2.459;218
2023;33;Erkek;SEGMENT_D;BRAND_D4;2.444;218
2023;34;Erkek;SEGMENT_D;BRAND_D4;2.437;218
2023;35;Erkek;SEGMENT_D;BRAND_D4;2.375;218
2023;36;Erkek;SEGMENT_D;BRAND_D4;2.223;218
2023;37;Erkek;SEGMENT_D;BRAND_D4;2.135;218
2023;38;Erkek;SEGMENT_D;BRAND_D4;2.193;218
2023;39;Erkek;SEGMENT_D;BRAND_D4;2.136;218
2023;40;Erkek;SEGMENT_D;BRAND_D4;2.170;218
2023;41;Erkek;SEGMENT_D;BRAND_D4;2.225;218
2023;42;Erkek;SEGMENT_D;BRAND_D4;2.082;218
2023;43;Erkek;SEGMENT_D;BRAND_D4;2.236;218
2023;44;Erkek;SEGMENT_D;BRAND_D4;2.088;218
2023;45;Erkek;SEGMENT_D;BRAND_D4;2.069;218
2023;46;Erkek;SEGMENT_D;BRAND_D4;2.066;217
2023;47;Erkek;SEGMENT_D;BRAND_D4;2.158;217
2023;48;Erkek;SEGMENT_D;BRAND_D4;2.141;217
2023;49;Erkek;SEGMENT_D;BRAND_D4;2.191;217
2023;50;Erkek;SEGMENT_D;BRAND_D4;2.100;217
2023;51;Erkek;SEGMENT_D;BRAND_D4;2.101;216
2023;52;Erkek;SEGMENT_D;BRAND_D4;2.016;216
2024;1;Erkek;SEGMENT_D;BRAND_D4;2.178;216
2024;2;Erkek;SEGMENT_D;BRAND_D4;2.168;216
2024;3;Erkek;SEGMENT_D;BRAND_D4;2.073;216
2024;4;Erkek;SEGMENT_D;BRAND_D4;1.938;215
2024;5;Erkek;SEGMENT_D;BRAND_D4;2.091;215
2024;6;Erkek;SEGMENT_D;BRAND_D4;2.071;215
2024;7;Erkek;SEGMENT_D;BRAND_D4;2.123;215
2024;8;Erkek;SEGMENT_D;BRAND_D4;2.088;214
2024;9;Erkek;SEGMENT_D;BRAND_D4;2.113;214
2024;10;Erkek;SEGMENT_D;BRAND_D4;2.271;214
2024;11;Erkek;SEGMENT_D;BRAND_D4;2.262;214
2024;12;Erkek;SEGMENT_D;BRAND_D4;2.377;214
2024;13;Erkek;SEGMENT_D;BRAND_D4;2.463;214
2024;14;Erkek;SEGMENT_D;BRAND_D4;2.369;214
2024;15;Erkek;SEGMENT_D;BRAND_D4;2.456;214
2024;16;Erkek;SEGMENT_D;BRAND_D4;2.591;213
2024;17;Erkek;SEGMENT_D;BRAND_D4;2.618;213
2024;18;Erkek;SEGMENT_D;BRAND_D4;2.602;213
2024;19;Erkek;SEGMENT_D;BRAND_D4;2.652;213
2024;20;Erkek;SEGMENT_D;BRAND_D4;2.491;213
2024;21;Erkek;SEGMENT_D;BRAND_D4;2.473;212
2024;22;Erkek;SEGMENT_D;BRAND_D4;2.457;212
2024;23;Erkek;SEGMENT_D;BRAND_D4;2.540;212
2024;24;Erkek;SEGMENT_D;BRAND_D4;2.582;212
2024;25;Erkek;SEGMENT_D;BRAND_D4;2.604;211
2024;26;Erkek;SEGMENT_D;BRAND_D4;2.717;211
2024;27;Erkek;SEGMENT_D;BRAND_D4;2.787;211
2024;28;Erkek;SEGMENT_D;BRAND_D4;2.697;211
2024;29;Erkek;SEGMENT_D;BRAND_D4;2.480;211
2024;30;Erkek;SEGMENT_D;BRAND_D4;2.392;211
2024;31;Erkek;SEGMENT_D;BRAND_D4;2.566;210
2024;32;Erkek;SEGMENT_D;BRAND_D4;2.594;210
2024;33;Erkek;SEGMENT_D;BRAND_D4;2.687;210
2024;34;Erkek;SEGMENT_D;BRAND_D4;2.674;210
2024;35;Erkek;SEGMENT_D;BRAND_D4;2.552;210
2024;36;Erkek;SEGMENT_D;BRAND_D4;2.698;210
2024;37;Erkek;SEGMENT_D;BRAND_D4;2.594;210
2024;38;Erkek;SEGMENT_D;BRAND_D4;2.578;210
2024;39;Erkek;SEGMENT_D;BRAND_D4;2.675;210
2024;40;Erkek;SEGMENT_D;BRAND_D4;2.654;210
2024;41;Erkek;SEGMENT_D;BRAND_D4;2.428;210
2024;42;Erkek;SEGMENT_D;BRAND_D4;2.296;210
2024;43;Erkek;SEGMENT_D;BRAND_D4;2.413;210
2024;44;Erkek;SEGMENT_D;BRAND_D4;2.466;210
2024;45;Erkek;SEGMENT_D;BRAND_D4;2.557;210
2024;46;Erkek;SEGMENT_D;BRAND_D4;2.542;210
2024;47;Erkek;SEGMENT_D;BRAND_D4;2.625;210
2024;48;Erkek;SEGMENT_D;BRAND_D4;2.886;210
2024;49;Erkek;SEGMENT_D;BRAND_D4;2.807;210
2024;50;Erkek;SEGMENT_D;BRAND_D4;2.734;210
2024;51;Erkek;SEGMENT_D;BRAND_D4;2.711;210
2024;52;Erkek;SEGMENT_D;BRAND_D4;2.591;210
2025;1;Erkek;SEGMENT_D;BRAND_D4;2.803;210
2025;2;Erkek;SEGMENT_D;BRAND_D4;2.783;210
2025;3;Erkek;SEGMENT_D;BRAND_D4;2.831;210
2025;4;Erkek;SEGMENT_D;BRAND_D4;2.767;210
2025;5;Erkek;SEGMENT_D;BRAND_D4;2.745;211
2025;6;Erkek;SEGMENT_D;BRAND_D4;2.773;211
2025;7;Erkek;SEGMENT_D;BRAND_D4;2.682;211
2025;8;Erkek;SEGMENT_D;BRAND_D4;2.868;211
2025;9;Erkek;SEGMENT_D;BRAND_D4;2.962;211
2025;10;Erkek;SEGMENT_D;BRAND_D4;3.054;212
2025;11;Erkek;SEGMENT_D;BRAND_D4;2.893;212
2025;12;Erkek;SEGMENT_D;BRAND_D4;2.739;212
2025;13;Erkek;SEGMENT_D;BRAND_D4;2.631;212
2025;14;Erkek;SEGMENT_D;BRAND_D4;2.550;212
2025;15;Erkek;SEGMENT_D;BRAND_D4;2.403;213
2025;16;Erkek;SEGMENT_D;BRAND_D4;2.444;213
2025;17;Erkek;SEGMENT_D;BRAND_D4;2.603;213
2025;18;Erkek;SEGMENT_D;BRAND_D4;2.702;213
2025;19;Erkek;SEGMENT_D;BRAND_D4;2.903;214
2025;20;Erkek;SEGMENT_D;BRAND_D4;2.989;214
2025;21;Erkek;SEGMENT_D;BRAND_D4;2.921;214
2025;22;Erkek;SEGMENT_D;BRAND_D4;3.027;214
2025;23;Erkek;SEGMENT_D;BRAND_D4;3.049;214
2025;24;Erkek;SEGMENT_D;BRAND_D4;3.087;214
2025;25;Erkek;SEGMENT_D;BRAND_D4;3.004;214
2025;26;Erkek;SEGMENT_D;BRAND_D4;3.076;214
2025;27;Erkek;SEGMENT_D;BRAND_D4;3.088;215
2025;28;Erkek;SEGMENT_D;BRAND_D4;3.141;215
2025;29;Erkek;SEGMENT_D;BRAND_D4;2.991;215
2025;30;Erkek;SEGMENT_D;BRAND_D4;2.914;215
2025;31;Erkek;SEGMENT_D;BRAND_D4;3.030;216
2025;32;Erkek;SEGMENT_D;BRAND_D4;3.104;216
2025;33;Erkek;SEGMENT_D;BRAND_D4;2.904;216
2025;34;Erkek;SEGMENT_D;BRAND_D4;2.946;216
2025;35;Erkek;SEGMENT_D;BRAND_D4;2.994;216
2025;36;Erkek;SEGMENT_D;BRAND_D4;3.134;217
2025;37;Erkek;SEGMENT_D;BRAND_D4;3.110;217
2025;38;Erkek;SEGMENT_D;BRAND_D4;3.247;217
2025;39;Erkek;SEGMENT_D;BRAND_D4;3.192;217
2025;40;Erkek;SEGMENT_D;BRAND_D4;3.176;217
2025;41;Erkek;SEGMENT_D;BRAND_D4;3.023;217
2025;42;Erkek;SEGMENT_D;BRAND_D4;2.848;218
2025;43;Erkek;SEGMENT_D;BRAND_D4;2.875;218
2025;44;Erkek;SEGMENT_D;BRAND_D4;2.696;218
2025;45;Erkek;SEGMENT_D;BRAND_D4;2.764;218
2025;46;Erkek;SEGMENT_D;BRAND_D4;2.676;218
2025;47;Erkek;SEGMENT_D;BRAND_D4;2.797;218
2025;48;Erkek;SEGMENT_D;BRAND_D4;2.793;218
2025;49;Erkek;SEGMENT_D;BRAND_D4;2.893;218
2025;50;Erkek;SEGMENT_D;BRAND_D4;2.770;218
2025;51;Erkek;SEGMENT_D;BRAND_D4;2.592;218
2025;52;Erkek;SEGMENT_D;BRAND_D4;2.750;218
2026;1;Erkek;SEGMENT_D;BRAND_D4;2.617;218
2026;2;Erkek;SEGMENT_D;BRAND_D4;2.708;218
2026;3;Erkek;SEGMENT_D;BRAND_D4;2.937;218
2026;4;Erkek;SEGMENT_D;BRAND_D4;2.897;218
2026;5;Erkek;SEGMENT_D;BRAND_D4;2.734;218
2026;6;Erkek;SEGMENT_D;BRAND_D4;2.844;218
2026;7;Erkek;SEGMENT_D;BRAND_D4;2.885;218
2026;8;Erkek;SEGMENT_D;BRAND_D4;2.837;218
2026;9;Erkek;SEGMENT_D;BRAND_D4;3.046;218
2026;10;Erkek;SEGMENT_D;BRAND_D4;3.010;218
2026;11;Erkek;SEGMENT_D;BRAND_D4;2.893;218
2026;12;Erkek;SEGMENT_D;BRAND_D4;3.003;218
2026;13;Erkek;SEGMENT_D;BRAND_D4;3.200;218
2026;14;Erkek;SEGMENT_D;BRAND_D4;3.118;218
2026;15;Erkek;SEGMENT_D;BRAND_D4;3.007;217
2026;16;Erkek;SEGMENT_D;BRAND_D4;3.048;217
2026;17;Erkek;SEGMENT_D;BRAND_D4;3.069;217
2026;18;Erkek;SEGMENT_D;BRAND_D4;3.046;217
2026;19;Erkek;SEGMENT_D;BRAND_D4;3.259;217
2026;20;Erkek;SEGMENT_D;BRAND_D4;3.519;217
2026;21;Erkek;SEGMENT_D;BRAND_D4;3.743;216
2026;22;Erkek;SEGMENT_D;BRAND_D4;3.573;216
2026;23;Erkek;SEGMENT_D;BRAND_D4;3.601;216
2026;24;Erkek;SEGMENT_D;BRAND_D4;3.748;216
2026;25;Erkek;SEGMENT_D;BRAND_D4;3.760;216
2026;26;Erkek;SEGMENT_D;BRAND_D4;3.712;215
2026;27;Erkek;SEGMENT_D;BRAND_D4;3.521;215
2026;28;Erkek;SEGMENT_D;BRAND_D4;3.371;215
2026;29;Erkek;SEGMENT_D;BRAND_D4;3.394;215
2026;30;Erkek;SEGMENT_D;BRAND_D4;3.400;214
2026;31;Erkek;SEGMENT_D;BRAND_D4;3.315;214
2026;32;Erkek;SEGMENT_D;BRAND_D4;3.142;214
2026;33;Erkek;SEGMENT_D;BRAND_D4;3.223;214
2026;34;Erkek;SEGMENT_D;BRAND_D4;3.305;214
