Year;Week;GroupDesc;StockGroupDesc;BrandDesc;StokSayisi;MagazaSayisi
2023;1;Kadin;SEGMENT_A;BRAND_A1;2.391;280
2023;2;Kadin;SEGMENT_A;BRAND_A1;2.297;280
2023;3;Kadin;SEGMENT_A;BRAND_A1;2.276;280
2023;4;Kadin;SEGMENT_A;BRAND_A1;2.170;280
2023;5;Kadin;SEGMENT_A;BRAND_A1;2.222;280
2023;6;Kadin;SEGMENT_A;BRAND_A1;2.187;281
2023;7;Kadin;SEGMENT_A;BRAND_A1;2.050;281
2023;8;Kadin;SEGMENT_A;BRAND_A1;1.898;281
2023;9;Kadin;SEGMENT_A;BRAND_A1;1.907;281
2023;10;Kadin;SEGMENT_A;BRAND_A1;1.814;282
2023;11;Kadin;SEGMENT_A;BRAND_A1;1.906;282
2023;12;Kadin;SEGMENT_A;BRAND_A1;1.775;282
2023;13;Kadin;SEGMENT_A;BRAND_A1;1.674;282
2023;14;Kadin;SEGMENT_A;BRAND_A1;1.715;283
2023;15;Kadin;SEGMENT_A;BRAND_A1;1.911;283
2023;16;Kadin;SEGMENT_A;BRAND_A1;1.820;283
2023;17;Kadin;SEGMENT_A;BRAND_A1;1.759;283
2023;18;Kadin;SEGMENT_A;BRAND_A1;1.748;283
2023;19;Kadin;SEGMENT_A;BRAND_A1;1.756;283
2023;20;Kadin;SEGMENT_A;BRAND_A1;1.888;284
2023;21;Kadin;SEGMENT_A;BRAND_A1;1.808;284
2023;22;Kadin;SEGMENT_A;BRAND_A1;1.875;284
2023;23;Kadin;SEGMENT_A;BRAND_A1;1.866;284
2023;24;Kadin;SEGMENT_A;BRAND_A1;1.866;284
2023;25;Kadin;SEGMENT_A;BRAND_A1;1.834;284
2023;26;Kadin;SEGMENT_A;BRAND_A1;1.978;284
2023;27;Kadin;SEGMENT_A;BRAND_A1;2.036;284
2023;28;Kadin;SEGMENT_A;BRAND_A1;2.099;284
2023;29;Kadin;SEGMENT_A;BRAND_A1;2.050;284
2023;30;Kadin;SEGMENT_A;BRAND_A1;2.086;284
2023;31;Kadin;SEGMENT_A;BRAND_A1;2.154;284
2023;32;Kadin;SEGMENT_A;BRAND_A1;2.276;284
2023;33;Kadin;SEGMENT_A;BRAND_A1;2.338;284
2023;34;Kadin;SEGMENT_A;BRAND_A1;2.372;284
2023;35;Kadin;SEGMENT_A;BRAND_A1;2.475;284
2023;36;Kadin;SEGMENT_A;BRAND_A1;2.383;284
2023;37;Kadin;SEGMENT_A;BRAND_A1;2.344;284
2023;38;Kadin;SEGMENT_A;BRAND_A1;2.497;284
2023;39;Kadin;SEGMENT_A;BRAND_A1;2.616;284
2023;40;Kadin;SEGMENT_A;BRAND_A1;2.663;284
2023;41;Kadin;SEGMENT_A;BRAND_A1;2.605;284
2023;42;Kadin;SEGMENT_A;BRAND_A1;2.488;284
2023;43;Kadin;SEGMENT_A;BRAND_A1;2.452;284
2023;44;Kadin;SEGMENT_A;BRAND_A1;2.470;284
2023;45;Kadin;SEGMENT_A;BRAND_A1;2.599;284
2023;46;Kadin;SEGMENT_A;BRAND_A1;2.602;283
2023;47;Kadin;SEGMENT_A;BRAND_A1;2.783;283
2023;48;Kadin;SEGMENT_A;BRAND_A1;2.644;283
2023;49;Kadin;SEGMENT_A;BRAND_A1;2.637;283
2023;50;Kadin;SEGMENT_A;BRAND_A1;2.660;283
2023;51;Kadin;SEGMENT_A;BRAND_A1;2.684;282
2023;52;Kadin;SEGMENT_A;BRAND_A1;2.627;282
2024;1;Kadin;SEGMENT_A;BRAND_A1;2.438;282
2024;2;Kadin;SEGMENT_A;BRAND_A1;2.410;282
2024;3;Kadin;SEGMENT_A;BRAND_A1;2.302;282
2024;4;Kadin;SEGMENT_A;BRAND_A1;2.277;281
2024;5;Kadin;SEGMENT_A;BRAND_A1;2.255;281
2024;6;Kadin;SEGMENT_A;BRAND_A1;2.232;281
2024;7;Kadin;SEGMENT_A;BRAND_A1;2.193;281
2024;8;Kadin;SEGMENT_A;BRAND_A1;2.231;280
2024;9;Kadin;SEGMENT_A;BRAND_A1;2.085;280
2024;10;Kadin;SEGMENT_A;BRAND_A1;2.029;280
2024;11;Kadin;SEGMENT_A;BRAND_A1;1.933;280
2024;12;Kadin;SEGMENT_A;BRAND_A1;1.986;280
2024;13;Kadin;SEGMENT_A;BRAND_A1;1.994;280
2024;14;Kadin;SEGMENT_A;BRAND_A1;1.906;280
2024;15;Kadin;SEGMENT_A;BRAND_A1;1.808;280
2024;16;Kadin;SEGMENT_A;BRAND_A1;1.751;279
2024;17;Kadin;SEGMENT_A;BRAND_A1;1.697;279
2024;18;Kadin;SEGMENT_A;BRAND_A1;1.843;279
2024;19;Kadin;SEGMENT_A;BRAND_A1;1.908;279
2024;20;Kadin;SEGMENT_A;BRAND_A1;1.799;279
2024;21;Kadin;SEGMENT_A;BRAND_A1;1.824;278
2024;22;Kadin;SEGMENT_A;BRAND_A1;1.752;278
2024;23;Kadin;SEGMENT_A;BRAND_A1;2.027;278
2024;24;Kadin;SEGMENT_A;BRAND_A1;2.090;278
2024;25;Kadin;SEGMENT_A;BRAND_A1;2.103;277
2024;26;Kadin;SEGMENT_A;BRAND_A1;2.237;277
2024;27;Kadin;SEGMENT_A;BRAND_A1;2.192;277
2024;28;Kadin;SEGMENT_A;BRAND_A1;2.171;277
2024;29;Kadin;SEGMENT_A;BRAND_A1;2.231;277
2024;30;Kadin;SEGMENT_A;BRAND_A1;2.631;277
2024;31;Kadin;SEGMENT_A;BRAND_A1;2.664;276
2024;32;Kadin;SEGMENT_A;BRAND_A1;2.698;276
2024;33;Kadin;SEGMENT_A;BRAND_A1;2.652;276
2024;34;Kadin;SEGMENT_A;BRAND_A1;2.565;276
2024;35;Kadin;SEGMENT_A;BRAND_A1;2.601;276
2024;36;Kadin;SEGMENT_A;BRAND_A1;2.718;276
2024;37;Kadin;SEGMENT_A;BRAND_A1;3.077;276
2024;38;Kadin;SEGMENT_A;BRAND_A1;3.071;276
2024;39;Kadin;SEGMENT_A;BRAND_A1;3.285;276
2024;40;Kadin;SEGMENT_A;BRAND_A1;3.167;276
2024;41;Kadin;SEGMENT_A;BRAND_A1;3.264;276
2024;42;Kadin;SEGMENT_A;BRAND_A1;3.381;276
2024;43;Kadin;SEGMENT_A;BRAND_A1;3.101;276
2024;44;Kadin;SEGMENT_A;BRAND_A1;3.060;276
2024;45;Kadin;SEGMENT_A;BRAND_A1;3.031;276
2024;46;Kadin;SEGMENT_A;BRAND_A1;2.866;276
2024;47;Kadin;SEGMENT_A;BRAND_A1;3.320;276
2024;48;Kadin;SEGMENT_A;BRAND_A1;3.238;276
2024;49;Kadin;SEGMENT_A;BRAND_A1;3.056;276
2024;50;Kadin;SEGMENT_A;BRAND_A1;3.017;276
2024;51;Kadin;SEGMENT_A;BRAND_A1;2.805;276
2024;52;Kadin;SEGMENT_A;BRAND_A1;2.703;276
2025;1;Kadin;SEGMENT_A;BRAND_A1;2.660;276
2025;2;Kadin;SEGMENT_A;BRAND_A1;2.709;276
2025;3;Kadin;SEGMENT_A;BRAND_A1;2.517;276
2025;4;Kadin;SEGMENT_A;BRAND_A1;2.445;276
2025;5;Kadin;SEGMENT_A;BRAND_A1;2.358;277
2025;6;Kadin;SEGMENT_A;BRAND_A1;2.438;277
2025;7;Kadin;SEGMENT_A;BRAND_A1;2.441;277
2025;8;Kadin;SEGMENT_A;BRAND_A1;2.349;277
2025;9;Kadin;SEGMENT_A;BRAND_A1;2.187;277
2025;10;Kadin;SEGMENT_A;BRAND_A1;2.121;278
2025;11;Kadin;SEGMENT_A;BRAND_A1;2.243;278
2025;12;Kadin;SEGMENT_A;BRAND_A1;2.200;278
2025;13;Kadin;SEGMENT_A;BRAND_A1;2.134;278
2025;14;Kadin;SEGMENT_A;BRAND_A1;2.021;278
2025;15;Kadin;SEGMENT_A;BRAND_A1;2.037;279
2025;16;Kadin;SEGMENT_A;BRAND_A1;1.944;279
2025;17;Kadin;SEGMENT_A;BRAND_A1;1.991;279
2025;18;Kadin;SEGMENT_A;BRAND_A1;2.111;279
2025;19;Kadin;SEGMENT_A;BRAND_A1;2.110;280
2025;20;Kadin;SEGMENT_A;BRAND_A1;2.037;280
2025;21;Kadin;SEGMENT_A;BRAND_A1;2.132;280
2025;22;Kadin;SEGMENT_A;BRAND_A1;2.195;280
2025;23;Kadin;SEGMENT_A;BRAND_A1;2.276;280
2025;24;Kadin;SEGMENT_A;BRAND_A1;2.206;280
2025;25;Kadin;SEGMENT_A;BRAND_A1;2.336;280
2025;26;Kadin;SEGMENT_A;BRAND_A1;2.517;280
2025;27;Kadin;SEGMENT_A;BRAND_A1;2.525;281
2025;28;Kadin;SEGMENT_A;BRAND_A1;2.457;281
2025;29;Kadin;SEGMENT_A;BRAND_A1;2.390;281
2025;30;Kadin;SEGMENT_A;BRAND_A1;2.370;281
2025;31;Kadin;SEGMENT_A;BRAND_A1;2.611;282
2025;32;Kadin;SEGMENT_A;BRAND_A1;2.660;282
2025;33;Kadin;SEGMENT_A;BRAND_A1;2.905;282
2025;34;Kadin;SEGMENT_A;BRAND_A1;2.761;282
2025;35;Kadin;SEGMENT_A;BRAND_A1;2.762;282
2025;36;Kadin;SEGMENT_A;BRAND_A1;2.967;283
2025;37;Kadin;SEGMENT_A;BRAND_A1;2.934;283
2025;38;Kadin;SEGMENT_A;BRAND_A1;2.877;283
2025;39;Kadin;SEGMENT_A;BRAND_A1;2.872;283
2025;40;Kadin;SEGMENT_A;BRAND_A1;2.839;283
2025;41;Kadin;SEGMENT_A;BRAND_A1;3.177;283
2025;42;Kadin;SEGMENT_A;BRAND_A1;3.211;284
2025;43;Kadin;SEGMENT_A;BRAND_A1;3.289;284
2025;44;Kadin;SEGMENT_A;BRAND_A1;3.118;284
2025;45;Kadin;SEGMENT_A;BRAND_A1;3.107;284
2025;46;Kadin;SEGMENT_A;BRAND_A1;3.203;284
2025;47;Kadin;SEGMENT_A;BRAND_A1;3.415;284
2025;48;Kadin;SEGMENT_A;BRAND_A1;3.385;284
2025;49;Kadin;SEGMENT_A;BRAND_A1;3.149;284
2025;50;Kadin;SEGMENT_A;BRAND_A1;3.153;284
2025;51;Kadin;SEGMENT_A;BRAND_A1;3.064;284
2025;52;Kadin;SEGMENT_A;BRAND_A1;3.029;284
2026;1;Kadin;SEGMENT_A;BRAND_A1;3.040;284
2026;2;Kadin;SEGMENT_A;BRAND_A1;2.958;284
2026;3;Kadin;SEGMENT_A;BRAND_A1;2.932;284
2026;4;Kadin;SEGMENT_A;BRAND_A1;2.973;284
2026;5;Kadin;SEGMENT_A;BRAND_A1;2.891;284
2026;6;Kadin;SEGMENT_A;BRAND_A1;2.707;284
2026;7;Kadin;SEGMENT_A;BRAND_A1;2.572;284
2026;8;Kadin;SEGMENT_A;BRAND_A1;2.623;284
2026;9;Kadin;SEGMENT_A;BRAND_A1;2.550;284
2026;10;Kadin;SEGMENT_A;BRAND_A1;2.555;284
2026;11;Kadin;SEGMENT_A;BRAND_A1;2.609;284
2026;12;Kadin;SEGMENT_A;BRAND_A1;2.605;284
2026;13;Kadin;SEGMENT_A;BRAND_A1;2.495;284
2026;14;Kadin;SEGMENT_A;BRAND_A1;2.525;284
2026;15;Kadin;SEGMENT_A;BRAND_A1;2.343;283
2026;16;Kadin;SEGMENT_A;BRAND_A1;2.162;283
2026;17;Kadin;SEGMENT_A;BRAND_A1;2.206;283
2026;18;Kadin;SEGMENT_A;BRAND_A1;2.242;283
2026;19;Kadin;SEGMENT_A;BRAND_A1;2.349;283
2026;20;Kadin;SEGMENT_A;BRAND_A1;2.381;283
2026;21;Kadin;SEGMENT_A;BRAND_A1;2.386;282
2026;22;Kadin;SEGMENT_A;BRAND_A1;2.338;282
2026;23;Kadin;SEGMENT_A;BRAND_A1;2.557;282
2026;24;Kadin;SEGMENT_A;BRAND_A1;2.743;282
2026;25;Kadin;SEGMENT_A;BRAND_A1;2.756;282
2026;26;Kadin;SEGMENT_A;BRAND_A1;2.890;281
2026;27;Kadin;SEGMENT_A;BRAND_A1;2.882;281
2026;28;Kadin;SEGMENT_A;BRAND_A1;2.792;281
2026;29;Kadin;SEGMENT_A;BRAND_A1;3.061;281
2026;30;Kadin;SEGMENT_A;BRAND_A1;2.980;280
2026;31;Kadin;SEGMENT_A;BRAND_A1;3.199;280
2026;32;Kadin;SEGMENT_A;BRAND_A1;3.269;280
2026;33;Kadin;SEGMENT_A;BRAND_A1;3.321;280
2026;34;Kadin;SEGMENT_A;BRAND_A1;3.575;280
2023;1;Kadin;SEGMENT_A;BRAND_A2;2.923;237
2023;2;Kadin;SEGMENT_A;BRAND_A2;2.677;237
2023;3;Kadin;SEGMENT_A;BRAND_A2;2.719;237
2023;4;Kadin;SEGMENT_A;BRAND_A2;2.588;237
2023;5;Kadin;SEGMENT_A;BRAND_A2;2.367;237
2023;6;Kadin;SEGMENT_A;BRAND_A2;2.210;238
2023;7;Kadin;SEGMENT_A;BRAND_A2;2.277;238
2023;8;Kadin;SEGMENT_A;BRAND_A2;2.128;238
2023;9;Kadin;SEGMENT_A;BRAND_A2;2.050;238
2023;10;Kadin;SEGMENT_A;BRAND_A2;2.060;239
2023;11;Kadin;SEGMENT_A;BRAND_A2;2.168;239
2023;12;Kadin;SEGMENT_A;BRAND_A2;2.107;239
2023;13;Kadin;SEGMENT_A;BRAND_A2;2.187;239
2023;14;Kadin;SEGMENT_A;BRAND_A2;2.091;240
2023;15;Kadin;SEGMENT_A;BRAND_A2;2.105;240
2023;16;Kadin;SEGMENT_A;BRAND_A2;2.213;240
2023;17;Kadin;SEGMENT_A;BRAND_A2;2.081;240
2023;18;Kadin;SEGMENT_A;BRAND_A2;1.964;240
2023;19;Kadin;SEGMENT_A;BRAND_A2;1.956;240
2023;20;Kadin;SEGMENT_A;BRAND_A2;1.998;241
2023;21;Kadin;SEGMENT_A;BRAND_A2;2.079;241
2023;22;Kadin;SEGMENT_A;BRAND_A2;2.176;241
2023;23;Kadin;SEGMENT_A;BRAND_A2;2.387;241
2023;24;Kadin;SEGMENT_A;BRAND_A2;2.293;241
2023;25;Kadin;SEGMENT_A;BRAND_A2;2.405;241
2023;26;Kadin;SEGMENT_A;BRAND_A2;2.560;241
2023;27;Kadin;SEGMENT_A;BRAND_A2;2.618;241
2023;28;Kadin;SEGMENT_A;BRAND_A2;2.528;241
2023;29;Kadin;SEGMENT_A;BRAND_A2;2.824;241
2023;30;Kadin;SEGMENT_A;BRAND_A2;2.628;241
2023;31;Kadin;SEGMENT_A;BRAND_A2;2.492;241
2023;32;Kadin;SEGMENT_A;BRAND_A2;2.666;241
2023;33;Kadin;SEGMENT_A;BRAND_A2;2.665;241
2023;34;Kadin;SEGMENT_A;BRAND_A2;2.885;241
2023;35;Kadin;SEGMENT_A;BRAND_A2;2.993;241
2023;36;Kadin;SEGMENT_A;BRAND_A2;3.049;241
2023;37;Kadin;SEGMENT_A;BRAND_A2;3.288;241
2023;38;Kadin;SEGMENT_A;BRAND_A2;3.281;241
2023;39;Kadin;SEGMENT_A;BRAND_A2;3.425;241
2023;40;Kadin;SEGMENT_A;BRAND_A2;3.332;241
2023;41;Kadin;SEGMENT_A;BRAND_A2;3.265;241
2023;42;Kadin;SEGMENT_A;BRAND_A2;3.244;241
2023;43;Kadin;SEGMENT_A;BRAND_A2;3.151;241
2023;44;Kadin;SEGMENT_A;BRAND_A2;3.201;241
2023;45;Kadin;SEGMENT_A;BRAND_A2;3.249;241
2023;46;Kadin;SEGMENT_A;BRAND_A2;3.191;240
2023;47;Kadin;SEGMENT_A;BRAND_A2;3.244;240
2023;48;Kadin;SEGMENT_A;BRAND_A2;3.095;240
2023;49;Kadin;SEGMENT_A;BRAND_A2;3.010;240
2023;50;Kadin;SEGMENT_A;BRAND_A2;3.058;240
2023;51;Kadin;SEGMENT_A;BRAND_A2;3.064;239
2023;52;Kadin;SEGMENT_A;BRAND_A2;2.993;239
2024;1;Kadin;SEGMENT_A;BRAND_A2;3.024;239
2024;2;Kadin;SEGMENT_A;BRAND_A2;2.950;239
2024;3;Kadin;SEGMENT_A;BRAND_A2;2.796;239
2024;4;Kadin;SEGMENT_A;BRAND_A2;2.772;238
2024;5;Kadin;SEGMENT_A;BRAND_A2;2.780;238
2024;6;Kadin;SEGMENT_A;BRAND_A2;2.663;238
2024;7;Kadin;SEGMENT_A;BRAND_A2;2.478;238
2024;8;Kadin;SEGMENT_A;BRAND_A2;2.361;237
2024;9;Kadin;SEGMENT_A;BRAND_A2;2.226;237
2024;10;Kadin;SEGMENT_A;BRAND_A2;2.129;237
2024;11;Kadin;SEGMENT_A;BRAND_A2;2.060;237
2024;12;Kadin;SEGMENT_A;BRAND_A2;1.999;237
2024;13;Kadin;SEGMENT_A;BRAND_A2;1.837;237
2024;14;Kadin;SEGMENT_A;BRAND_A2;1.860;237
2024;15;Kadin;SEGMENT_A;BRAND_A2;1.883;237
2024;16;Kadin;SEGMENT_A;BRAND_A2;1.812;236
2024;17;Kadin;SEGMENT_A;BRAND_A2;1.835;236
2024;18;Kadin;SEGMENT_A;BRAND_A2;2.157;236
2024;19;Kadin;SEGMENT_A;BRAND_A2;2.200;236
2024;20;Kadin;SEGMENT_A;BRAND_A2;2.127;236
2024;21;Kadin;SEGMENT_A;BRAND_A2;2.057;235
2024;22;Kadin;SEGMENT_A;BRAND_A2;2.208;235
2024;23;Kadin;SEGMENT_A;BRAND_A2;2.223;235
2024;24;Kadin;SEGMENT_A;BRAND_A2;2.545;235
2024;25;Kadin;SEGMENT_A;BRAND_A2;2.626;234
2024;26;Kadin;SEGMENT_A;BRAND_A2;2.636;234
2024;27;Kadin;SEGMENT_A;BRAND_A2;2.766;234
2024;28;Kadin;SEGMENT_A;BRAND_A2;3.042;234
2024;29;Kadin;SEGMENT_A;BRAND_A2;3.066;234
2024;30;Kadin;SEGMENT_A;BRAND_A2;2.954;234
2024;31;Kadin;SEGMENT_A;BRAND_A2;2.822;233
2024;32;Kadin;SEGMENT_A;BRAND_A2;2.745;233
2024;33;Kadin;SEGMENT_A;BRAND_A2;2.864;233
2024;34;Kadin;SEGMENT_A;BRAND_A2;2.685;233
2024;35;Kadin;SEGMENT_A;BRAND_A2;2.830;233
2024;36;Kadin;SEGMENT_A;BRAND_A2;3.051;233
2024;37;Kadin;SEGMENT_A;BRAND_A2;3.229;233
2024;38;Kadin;SEGMENT_A;BRAND_A2;3.256;233
2024;39;Kadin;SEGMENT_A;BRAND_A2;3.306;233
2024;40;Kadin;SEGMENT_A;BRAND_A2;3.379;233
2024;41;Kadin;SEGMENT_A;BRAND_A2;3.580;233
2024;42;Kadin;SEGMENT_A;BRAND_A2;3.717;233
2024;43;Kadin;SEGMENT_A;BRAND_A2;3.731;233
2024;44;Kadin;SEGMENT_A;BRAND_A2;3.571;233
2024;45;Kadin;SEGMENT_A;BRAND_A2;3.345;233
2024;46;Kadin;SEGMENT_A;BRAND_A2;3.482;233
2024;47;Kadin;SEGMENT_A;BRAND_A2;3.498;233
2024;48;Kadin;SEGMENT_A;BRAND_A2;3.577;233
2024;49;Kadin;SEGMENT_A;BRAND_A2;3.609;233
2024;50;Kadin;SEGMENT_A;BRAND_A2;3.454;233
2024;51;Kadin;SEGMENT_A;BRAND_A2;3.113;233
2024;52;Kadin;SEGMENT_A;BRAND_A2;3.139;233
2025;1;Kadin;SEGMENT_A;BRAND_A2;3.225;233
2025;2;Kadin;SEGMENT_A;BRAND_A2;3.195;233
2025;3;Kadin;SEGMENT_A;BRAND_A2;3.171;233
2025;4;Kadin;SEGMENT_A;BRAND_A2;3.011;233
2025;5;Kadin;SEGMENT_A;BRAND_A2;2.979;234
2025;6;Kadin;SEGMENT_A;BRAND_A2;2.972;234
2025;7;Kadin;SEGMENT_A;BRAND_A2;2.794;234
2025;8;Kadin;SEGMENT_A;BRAND_A2;2.834;234
2025;9;Kadin;SEGMENT_A;BRAND_A2;2.609;234
2025;10;Kadin;SEGMENT_A;BRAND_A2;2.722;235
2025;11;Kadin;SEGMENT_A;BRAND_A2;2.510;235
2025;12;Kadin;SEGMENT_A;BRAND_A2;2.449;235
2025;13;Kadin;SEGMENT_A;BRAND_A2;2.494;235
2025;14;Kadin;SEGMENT_A;BRAND_A2;2.585;235
2025;15;Kadin;SEGMENT_A;BRAND_A2;2.633;236
2025;16;Kadin;SEGMENT_A;BRAND_A2;2.664;236
2025;17;Kadin;SEGMENT_A;BRAND_A2;2.678;236
2025;18;Kadin;SEGMENT_A;BRAND_A2;2.533;236
2025;19;Kadin;SEGMENT_A;BRAND_A2;2.329;237
2025;20;Kadin;SEGMENT_A;BRAND_A2;2.363;237
2025;21;Kadin;SEGMENT_A;BRAND_A2;2.409;237
2025;22;Kadin;SEGMENT_A;BRAND_A2;2.492;237
2025;23;Kadin;SEGMENT_A;BRAND_A2;2.452;237
2025;24;Kadin;SEGMENT_A;BRAND_A2;2.542;237
2025;25;Kadin;SEGMENT_A;BRAND_A2;2.444;237
2025;26;Kadin;SEGMENT_A;BRAND_A2;2.665;237
2025;27;Kadin;SEGMENT_A;BRAND_A2;2.774;238
2025;28;Kadin;SEGMENT_A;BRAND_A2;2.909;238
2025;29;Kadin;SEGMENT_A;BRAND_A2;3.047;238
2025;30;Kadin;SEGMENT_A;BRAND_A2;3.452;238
2025;31;Kadin;SEGMENT_A;BRAND_A2;3.474;239
2025;32;Kadin;SEGMENT_A;BRAND_A2;3.388;239
2025;33;Kadin;SEGMENT_A;BRAND_A2;3.303;239
2025;34;Kadin;SEGMENT_A;BRAND_A2;3.372;239
2025;35;Kadin;SEGMENT_A;BRAND_A2;3.441;239
2025;36;Kadin;SEGMENT_A;BRAND_A2;3.616;240
2025;37;Kadin;SEGMENT_A;BRAND_A2;3.478;240
2025;38;Kadin;SEGMENT_A;BRAND_A2;3.848;240
2025;39;Kadin;SEGMENT_A;BRAND_A2;3.777;240
2025;40;Kadin;SEGMENT_A;BRAND_A2;3.991;240
2025;41;Kadin;SEGMENT_A;BRAND_A2;3.948;240
2025;42;Kadin;SEGMENT_A;BRAND_A2;3.855;241
2025;43;Kadin;SEGMENT_A;BRAND_A2;3.666;241
2025;44;Kadin;SEGMENT_A;BRAND_A2;3.649;241
2025;45;Kadin;SEGMENT_A;BRAND_A2;3.721;241
2025;46;Kadin;SEGMENT_A;BRAND_A2;3.641;241
2025;47;Kadin;SEGMENT_A;BRAND_A2;3.654;241
2025;48;Kadin;SEGMENT_A;BRAND_A2;3.697;241
2025;49;Kadin;SEGMENT_A;BRAND_A2;3.633;241
2025;50;Kadin;SEGMENT_A;BRAND_A2;3.598;241
2025;51;Kadin;SEGMENT_A;BRAND_A2;3.629;241
2025;52;Kadin;SEGMENT_A;BRAND_A2;3.380;241
2026;1;Kadin;SEGMENT_A;BRAND_A2;3.230;241
2026;2;Kadin;SEGMENT_A;BRAND_A2;3.377;241
2026;3;Kadin;SEGMENT_A;BRAND_A2;3.381;241
2026;4;Kadin;SEGMENT_A;BRAND_A2;3.296;241
2026;5;Kadin;SEGMENT_A;BRAND_A2;3.313;241
2026;6;Kadin;SEGMENT_A;BRAND_A2;3.052;241
2026;7;Kadin;SEGMENT_A;BRAND_A2;2.871;241
2026;8;Kadin;SEGMENT_A;BRAND_A2;2.888;241
2026;9;Kadin;SEGMENT_A;BRAND_A2;2.797;241
2026;10;Kadin;SEGMENT_A;BRAND_A2;2.922;241
2026;11;Kadin;SEGMENT_A;BRAND_A2;2.659;241
2026;12;Kadin;SEGMENT_A;BRAND_A2;2.400;241
2026;13;Kadin;SEGMENT_A;BRAND_A2;2.357;241
2026;14;Kadin;SEGMENT_A;BRAND_A2;2.299;241
2026;15;Kadin;SEGMENT_A;BRAND_A2;2.245;240
2026;16;Kadin;SEGMENT_A;BRAND_A2;2.431;240
2026;17;Kadin;SEGMENT_A;BRAND_A2;2.352;240
2026;18;Kadin;SEGMENT_A;BRAND_A2;2.368;240
2026;19;Kadin;SEGMENT_A;BRAND_A2;2.314;240
2026;20;Kadin;SEGMENT_A;BRAND_A2;2.202;240
2026;21;Kadin;SEGMENT_A;BRAND_A2;2.318;239
2026;22;Kadin;SEGMENT_A;BRAND_A2;2.327;239
2026;23;Kadin;SEGMENT_A;BRAND_A2;2.562;239
2026;24;Kadin;SEGMENT_A;BRAND_A2;2.611;239
2026;25;Kadin;SEGMENT_A;BRAND_A2;2.580;239
2026;26;Kadin;SEGMENT_A;BRAND_A2;2.573;238
2026;27;Kadin;SEGMENT_A;BRAND_A2;2.953;238
2026;28;Kadin;SEGMENT_A;BRAND_A2;2.972;238
2026;29;Kadin;SEGMENT_A;BRAND_A2;2.997;238
2026;30;Kadin;SEGMENT_A;BRAND_A2;3.034;237
2026;31;Kadin;SEGMENT_A;BRAND_A2;2.998;237
2026;32;Kadin;SEGMENT_A;BRAND_A2;3.028;237
2026;33;Kadin;SEGMENT_A;BRAND_A2;3.122;237
2026;34;Kadin;SEGMENT_A;BRAND_A2;3.445;237
2023;1;Kadin;SEGMENT_A;BRAND_A3;1.993;287
2023;2;Kadin;SEGMENT_A;BRAND_A3;1.913;287
2023;3;Kadin;SEGMENT_A;BRAND_A3;1.886;287
2023;4;Kadin;SEGMENT_A;BRAND_A3;1.882;287
2023;5;Kadin;SEGMENT_A;BRAND_A3;1.780;287
2023;6;Kadin;SEGMENT_A;BRAND_A3;1.750;288
2023;7;Kadin;SEGMENT_A;BRAND_A3;1.624;288
2023;8;Kadin;SEGMENT_A;BRAND_A3;1.613;288
2023;9;Kadin;SEGMENT_A;BRAND_A3;1.590;288
2023;10;Kadin;SEGMENT_A;BRAND_A3;1.494;289
2023;11;Kadin;SEGMENT_A;BRAND_A3;1.449;289
2023;12;Kadin;SEGMENT_A;BRAND_A3;1.377;289
2023;13;Kadin;SEGMENT_A;BRAND_A3;1.358;289
2023;14;Kadin;SEGMENT_A;BRAND_A3;1.385;290
2023;15;Kadin;SEGMENT_A;BRAND_A3;1.406;290
2023;16;Kadin;SEGMENT_A;BRAND_A3;1.347;290
2023;17;Kadin;SEGMENT_A;BRAND_A3;1.282;290
2023;18;Kadin;SEGMENT_A;BRAND_A3;1.402;290
2023;19;Kadin;SEGMENT_A;BRAND_A3;1.337;290
2023;20;Kadin;SEGMENT_A;BRAND_A3;1.473;291
2023;21;Kadin;SEGMENT_A;BRAND_A3;1.572;291
2023;22;Kadin;SEGMENT_A;BRAND_A3;1.596;291
2023;23;Kadin;SEGMENT_A;BRAND_A3;1.538;291
2023;24;Kadin;SEGMENT_A;BRAND_A3;1.569;291
2023;25;Kadin;SEGMENT_A;BRAND_A3;1.679;291
2023;26;Kadin;SEGMENT_A;BRAND_A3;1.564;291
2023;27;Kadin;SEGMENT_A;BRAND_A3;1.621;291
2023;28;Kadin;SEGMENT_A;BRAND_A3;1.684;291
2023;29;Kadin;SEGMENT_A;BRAND_A3;1.729;291
2023;30;Kadin;SEGMENT_A;BRAND_A3;1.866;291
2023;31;Kadin;SEGMENT_A;BRAND_A3;2.013;291
2023;32;Kadin;SEGMENT_A;BRAND_A3;2.161;291
2023;33;Kadin;SEGMENT_A;BRAND_A3;2.162;291
2023;34;Kadin;SEGMENT_A;BRAND_A3;2.247;291
2023;35;Kadin;SEGMENT_A;BRAND_A3;2.244;291
2023;36;Kadin;SEGMENT_A;BRAND_A3;2.319;291
2023;37;Kadin;SEGMENT_A;BRAND_A3;2.345;291
2023;38;Kadin;SEGMENT_A;BRAND_A3;2.485;291
2023;39;Kadin;SEGMENT_A;BRAND_A3;2.353;291
2023;40;Kadin;SEGMENT_A;BRAND_A3;2.280;291
2023;41;Kadin;SEGMENT_A;BRAND_A3;2.273;291
2023;42;Kadin;SEGMENT_A;BRAND_A3;2.284;291
2023;43;Kadin;SEGMENT_A;BRAND_A3;2.421;291
2023;44;Kadin;SEGMENT_A;BRAND_A3;2.426;291
2023;45;Kadin;SEGMENT_A;BRAND_A3;2.415;291
2023;46;Kadin;SEGMENT_A;BRAND_A3;2.394;290
2023;47;Kadin;SEGMENT_A;BRAND_A3;2.372;290
2023;48;Kadin;SEGMENT_A;BRAND_A3;2.405;290
2023;49;Kadin;SEGMENT_A;BRAND_A3;2.395;290
2023;50;Kadin;SEGMENT_A;BRAND_A3;2.508;290
2023;51;Kadin;SEGMENT_A;BRAND_A3;2.354;289
2023;52;Kadin;SEGMENT_A;BRAND_A3;2.451;289
2024;1;Kadin;SEGMENT_A;BRAND_A3;2.310;289
2024;2;Kadin;SEGMENT_A;BRAND_A3;2.177;289
2024;3;Kadin;SEGMENT_A;BRAND_A3;2.094;289
2024;4;Kadin;SEGMENT_A;BRAND_A3;1.945;288
2024;5;Kadin;SEGMENT_A;BRAND_A3;1.926;288
2024;6;Kadin;SEGMENT_A;BRAND_A3;1.854;288
2024;7;Kadin;SEGMENT_A;BRAND_A3;1.694;288
2024;8;Kadin;SEGMENT_A;BRAND_A3;1.720;287
2024;9;Kadin;SEGMENT_A;BRAND_A3;1.603;287
2024;10;Kadin;SEGMENT_A;BRAND_A3;1.536;287
2024;11;Kadin;SEGMENT_A;BRAND_A3;1.464;287
2024;12;Kadin;SEGMENT_A;BRAND_A3;1.471;287
2024;13;Kadin;SEGMENT_A;BRAND_A3;1.525;287
2024;14;Kadin;SEGMENT_A;BRAND_A3;1.404;287
2024;15;Kadin;SEGMENT_A;BRAND_A3;1.387;287
2024;16;Kadin;SEGMENT_A;BRAND_A3;1.477;286
2024;17;Kadin;SEGMENT_A;BRAND_A3;1.593;286
2024;18;Kadin;SEGMENT_A;BRAND_A3;1.627;286
2024;19;Kadin;SEGMENT_A;BRAND_A3;1.530;286
2024;20;Kadin;SEGMENT_A;BRAND_A3;1.631;286
2024;21;Kadin;SEGMENT_A;BRAND_A3;1.615;285
2024;22;Kadin;SEGMENT_A;BRAND_A3;1.627;285
2024;23;Kadin;SEGMENT_A;BRAND_A3;1.607;285
2024;24;Kadin;SEGMENT_A;BRAND_A3;1.733;285
2024;25;Kadin;SEGMENT_A;BRAND_A3;1.804;284
2024;26;Kadin;SEGMENT_A;BRAND_A3;1.848;284
2024;27;Kadin;SEGMENT_A;BRAND_A3;1.989;284
2024;28;Kadin;SEGMENT_A;BRAND_A3;1.949;284
2024;29;Kadin;SEGMENT_A;BRAND_A3;1.886;284
2024;30;Kadin;SEGMENT_A;BRAND_A3;1.854;284
2024;31;Kadin;SEGMENT_A;BRAND_A3;2.052;283
2024;32;Kadin;SEGMENT_A;BRAND_A3;2.058;283
2024;33;Kadin;SEGMENT_A;BRAND_A3;2.093;283
2024;34;Kadin;SEGMENT_A;BRAND_A3;2.343;283
2024;35;Kadin;SEGMENT_A;BRAND_A3;2.480;283
2024;36;Kadin;SEGMENT_A;BRAND_A3;2.493;283
2024;37;Kadin;SEGMENT_A;BRAND_A3;2.608;283
2024;38;Kadin;SEGMENT_A;BRAND_A3;2.686;283
2024;39;Kadin;SEGMENT_A;BRAND_A3;2.646;283
2024;40;Kadin;SEGMENT_A;BRAND_A3;2.625;283
2024;41;Kadin;SEGMENT_A;BRAND_A3;2.489;283
2024;42;Kadin;SEGMENT_A;BRAND_A3;2.624;283
2024;43;Kadin;SEGMENT_A;BRAND_A3;2.818;283
2024;44;Kadin;SEGMENT_A;BRAND_A3;2.778;283
2024;45;Kadin;SEGMENT_A;BRAND_A3;2.582;283
2024;46;Kadin;SEGMENT_A;BRAND_A3;2.480;283
2024;47;Kadin;SEGMENT_A;BRAND_A3;2.559;283
2024;48;Kadin;SEGMENT_A;BRAND_A3;2.681;283
2024;49;Kadin;SEGMENT_A;BRAND_A3;2.610;283
2024;50;Kadin;SEGMENT_A;BRAND_A3;2.659;283
2024;51;Kadin;SEGMENT_A;BRAND_A3;2.624;283
2024;52;Kadin;SEGMENT_A;BRAND_A3;2.363;283
2025;1;Kadin;SEGMENT_A;BRAND_A3;2.268;283
2025;2;Kadin;SEGMENT_A;BRAND_A3;2.133;283
2025;3;Kadin;SEGMENT_A;BRAND_A3;2.081;283
2025;4;Kadin;SEGMENT_A;BRAND_A3;2.085;283
2025;5;Kadin;SEGMENT_A;BRAND_A3;2.198;284
2025;6;Kadin;SEGMENT_A;BRAND_A3;2.086;284
2025;7;Kadin;SEGMENT_A;BRAND_A3;2.096;284
2025;8;Kadin;SEGMENT_A;BRAND_A3;1.916;284
2025;9;Kadin;SEGMENT_A;BRAND_A3;1.819;284
2025;10;Kadin;SEGMENT_A;BRAND_A3;1.789;285
2025;11;Kadin;SEGMENT_A;BRAND_A3;1.838;285
2025;12;Kadin;SEGMENT_A;BRAND_A3;1.789;285
2025;13;Kadin;SEGMENT_A;BRAND_A3;1.830;285
2025;14;Kadin;SEGMENT_A;BRAND_A3;1.733;285
2025;15;Kadin;SEGMENT_A;BRAND_A3;1.701;286
2025;16;Kadin;SEGMENT_A;BRAND_A3;1.739;286
2025;17;Kadin;SEGMENT_A;BRAND_A3;1.653;286
2025;18;Kadin;SEGMENT_A;BRAND_A3;1.684;286
2025;19;Kadin;SEGMENT_A;BRAND_A3;1.724;287
2025;20;Kadin;SEGMENT_A;BRAND_A3;1.895;287
2025;21;Kadin;SEGMENT_A;BRAND_A3;2.053;287
2025;22;Kadin;SEGMENT_A;BRAND_A3;2.045;287
2025;23;Kadin;SEGMENT_A;BRAND_A3;2.085;287
2025;24;Kadin;SEGMENT_A;BRAND_A3;2.075;287
2025;25;Kadin;SEGMENT_A;BRAND_A3;2.052;287
2025;26;Kadin;SEGMENT_A;BRAND_A3;2.054;287
2025;27;Kadin;SEGMENT_A;BRAND_A3;1.998;288
2025;28;Kadin;SEGMENT_A;BRAND_A3;2.159;288
2025;29;Kadin;SEGMENT_A;BRAND_A3;2.115;288
2025;30;Kadin;SEGMENT_A;BRAND_A3;2.049;288
2025;31;Kadin;SEGMENT_A;BRAND_A3;2.220;289
2025;32;Kadin;SEGMENT_A;BRAND_A3;2.279;289
2025;33;Kadin;SEGMENT_A;BRAND_A3;2.288;289
2025;34;Kadin;SEGMENT_A;BRAND_A3;2.283;289
2025;35;Kadin;SEGMENT_A;BRAND_A3;2.526;289
2025;36;Kadin;SEGMENT_A;BRAND_A3;2.612;290
2025;37;Kadin;SEGMENT_A;BRAND_A3;2.628;290
2025;38;Kadin;SEGMENT_A;BRAND_A3;2.470;290
2025;39;Kadin;SEGMENT_A;BRAND_A3;2.473;290
2025;40;Kadin;SEGMENT_A;BRAND_A3;2.579;290
2025;41;Kadin;SEGMENT_A;BRAND_A3;2.439;290
2025;42;Kadin;SEGMENT_A;BRAND_A3;2.572;291
2025;43;Kadin;SEGMENT_A;BRAND_A3;2.644;291
2025;44;Kadin;SEGMENT_A;BRAND_A3;2.819;291
2025;45;Kadin;SEGMENT_A;BRAND_A3;2.733;291
2025;46;Kadin;SEGMENT_A;BRAND_A3;2.786;291
2025;47;Kadin;SEGMENT_A;BRAND_A3;2.755;291
2025;48;Kadin;SEGMENT_A;BRAND_A3;2.975;291
2025;49;Kadin;SEGMENT_A;BRAND_A3;2.922;291
2025;50;Kadin;SEGMENT_A;BRAND_A3;2.798;291
2025;51;Kadin;SEGMENT_A;BRAND_A3;2.691;291
2025;52;Kadin;SEGMENT_A;BRAND_A3;2.470;291
2026;1;Kadin;SEGMENT_A;BRAND_A3;2.358;291
2026;2;Kadin;SEGMENT_A;BRAND_A3;2.327;291
2026;3;Kadin;SEGMENT_A;BRAND_A3;2.193;291
2026;4;Kadin;SEGMENT_A;BRAND_A3;2.200;291
2026;5;Kadin;SEGMENT_A;BRAND_A3;2.012;291
2026;6;Kadin;SEGMENT_A;BRAND_A3;1.991;291
2026;7;Kadin;SEGMENT_A;BRAND_A3;1.935;291
2026;8;Kadin;SEGMENT_A;BRAND_A3;1.820;291
2026;9;Kadin;SEGMENT_A;BRAND_A3;1.895;291
2026;10;Kadin;SEGMENT_A;BRAND_A3;1.765;291
2026;11;Kadin;SEGMENT_A;BRAND_A3;1.844;291
2026;12;Kadin;SEGMENT_A;BRAND_A3;1.886;291
2026;13;Kadin;SEGMENT_A;BRAND_A3;1.792;291
2026;14;Kadin;SEGMENT_A;BRAND_A3;1.753;291
2026;15;Kadin;SEGMENT_A;BRAND_A3;1.794;290
2026;16;Kadin;SEGMENT_A;BRAND_A3;1.799;290
2026;17;Kadin;SEGMENT_A;BRAND_A3;1.820;290
2026;18;Kadin;SEGMENT_A;BRAND_A3;1.808;290
2026;19;Kadin;SEGMENT_A;BRAND_A3;1.910;290
2026;20;Kadin;SEGMENT_A;BRAND_A3;2.003;290
2026;21;Kadin;SEGMENT_A;BRAND_A3;1.917;289
2026;22;Kadin;SEGMENT_A;BRAND_A3;2.109;289
2026;23;Kadin;SEGMENT_A;BRAND_A3;2.186;289
2026;24;Kadin;SEGMENT_A;BRAND_A3;2.112;289
2026;25;Kadin;SEGMENT_A;BRAND_A3;2.148;289
2026;26;Kadin;SEGMENT_A;BRAND_A3;2.344;288
2026;27;Kadin;SEGMENT_A;BRAND_A3;2.307;288
2026;28;Kadin;SEGMENT_A;BRAND_A3;2.493;288
2026;29;Kadin;SEGMENT_A;BRAND_A3;2.502;288
2026;30;Kadin;SEGMENT_A;BRAND_A3;2.419;287
2026;31;Kadin;SEGMENT_A;BRAND_A3;2.364;287
2026;32;Kadin;SEGMENT_A;BRAND_A3;2.441;287
2026;33;Kadin;SEGMENT_A;BRAND_A3;2.331;287
2026;34;Kadin;SEGMENT_A;BRAND_A3;2.424;287
2023;1;Kadin;SEGMENT_A;BRAND_A4;2.092;319
2023;2;Kadin;SEGMENT_A;BRAND_A4;2.056;319
2023;3;Kadin;SEGMENT_A;BRAND_A4;2.079;319
2023;4;Kadin;SEGMENT_A;BRAND_A4;1.993;319
2023;5;Kadin;SEGMENT_A;BRAND_A4;1.843;319
2023;6;Kadin;SEGMENT_A;BRAND_A4;1.856;320
2023;7;Kadin;SEGMENT_A;BRAND_A4;1.872;320
2023;8;Kadin;SEGMENT_A;BRAND_A4;1.870;320
2023;9;Kadin;SEGMENT_A;BRAND_A4;1.866;320
2023;10;Kadin;SEGMENT_A;BRAND_A4;1.704;321
2023;11;Kadin;SEGMENT_A;BRAND_A4;1.614;321
2023;12;Kadin;SEGMENT_A;BRAND_A4;1.567;321
2023;13;Kadin;SEGMENT_A;BRAND_A4;1.685;321
2023;14;Kadin;SEGMENT_A;BRAND_A4;1.773;322
2023;15;Kadin;SEGMENT_A;BRAND_A4;1.788;322
2023;16;Kadin;SEGMENT_A;BRAND_A4;1.772;322
2023;17;Kadin;SEGMENT_A;BRAND_A4;1.852;322
2023;18;Kadin;SEGMENT_A;BRAND_A4;1.697;322
2023;19;Kadin;SEGMENT_A;BRAND_A4;1.698;322
2023;20;Kadin;SEGMENT_A;BRAND_A4;1.768;323
2023;21;Kadin;SEGMENT_A;BRAND_A4;1.764;323
2023;22;Kadin;SEGMENT_A;BRAND_A4;2.007;323
2023;23;Kadin;SEGMENT_A;BRAND_A4;1.896;323
2023;24;Kadin;SEGMENT_A;BRAND_A4;1.882;323
2023;25;Kadin;SEGMENT_A;BRAND_A4;1.916;323
2023;26;Kadin;SEGMENT_A;BRAND_A4;2.063;323
2023;27;Kadin;SEGMENT_A;BRAND_A4;2.047;323
2023;28;Kadin;SEGMENT_A;BRAND_A4;2.143;323
2023;29;Kadin;SEGMENT_A;BRAND_A4;2.150;323
2023;30;Kadin;SEGMENT_A;BRAND_A4;2.064;323
2023;31;Kadin;SEGMENT_A;BRAND_A4;2.082;323
2023;32;Kadin;SEGMENT_A;BRAND_A4;2.214;323
2023;33;Kadin;SEGMENT_A;BRAND_A4;2.477;323
2023;34;Kadin;SEGMENT_A;BRAND_A4;2.625;323
2023;35;Kadin;SEGMENT_A;BRAND_A4;2.499;323
2023;36;Kadin;SEGMENT_A;BRAND_A4;2.733;323
2023;37;Kadin;SEGMENT_A;BRAND_A4;2.718;323
2023;38;Kadin;SEGMENT_A;BRAND_A4;2.690;323
2023;39;Kadin;SEGMENT_A;BRAND_A4;2.608;323
2023;40;Kadin;SEGMENT_A;BRAND_A4;2.552;323
2023;41;Kadin;SEGMENT_A;BRAND_A4;2.502;323
2023;42;Kadin;SEGMENT_A;BRAND_A4;2.379;323
2023;43;Kadin;SEGMENT_A;BRAND_A4;2.523;323
2023;44;Kadin;SEGMENT_A;BRAND_A4;2.516;323
2023;45;Kadin;SEGMENT_A;BRAND_A4;2.656;323
2023;46;Kadin;SEGMENT_A;BRAND_A4;2.418;322
2023;47;Kadin;SEGMENT_A;BRAND_A4;2.523;322
2023;48;Kadin;SEGMENT_A;BRAND_A4;2.717;322
2023;49;Kadin;SEGMENT_A;BRAND_A4;2.743;322
2023;50;Kadin;SEGMENT_A;BRAND_A4;2.830;322
2023;51;Kadin;SEGMENT_A;BRAND_A4;2.653;321
2023;52;Kadin;SEGMENT_A;BRAND_A4;2.732;321
2024;1;Kadin;SEGMENT_A;BRAND_A4;2.729;321
2024;2;Kadin;SEGMENT_A;BRAND_A4;2.684;321
2024;3;Kadin;SEGMENT_A;BRAND_A4;2.500;321
2024;4;Kadin;SEGMENT_A;BRAND_A4;2.280;320
2024;5;Kadin;SEGMENT_A;BRAND_A4;2.245;320
2024;6;Kadin;SEGMENT_A;BRAND_A4;2.136;320
2024;7;Kadin;SEGMENT_A;BRAND_A4;2.016;320
2024;8;Kadin;SEGMENT_A;BRAND_A4;2.057;319
2024;9;Kadin;SEGMENT_A;BRAND_A4;2.059;319
2024;10;Kadin;SEGMENT_A;BRAND_A4;2.078;319
2024;11;Kadin;SEGMENT_A;BRAND_A4;2.080;319
2024;12;Kadin;SEGMENT_A;BRAND_A4;1.975;319
2024;13;Kadin;SEGMENT_A;BRAND_A4;1.991;319
2024;14;Kadin;SEGMENT_A;BRAND_A4;1.946;319
2024;15;Kadin;SEGMENT_A;BRAND_A4;1.853;319
2024;16;Kadin;SEGMENT_A;BRAND_A4;1.857;318
2024;17;Kadin;SEGMENT_A;BRAND_A4;1.861;318
2024;18;Kadin;SEGMENT_A;BRAND_A4;1.895;318
2024;19;Kadin;SEGMENT_A;BRAND_A4;1.967;318
2024;20;Kadin;SEGMENT_A;BRAND_A4;1.922;318
2024;21;Kadin;SEGMENT_A;BRAND_A4;2.011;317
2024;22;Kadin;SEGMENT_A;BRAND_A4;2.125;317
2024;23;Kadin;SEGMENT_A;BRAND_A4;2.378;317
2024;24;Kadin;SEGMENT_A;BRAND_A4;2.453;317
2024;25;Kadin;SEGMENT_A;BRAND_A4;2.282;316
2024;26;Kadin;SEGMENT_A;BRAND_A4;2.333;316
2024;27;Kadin;SEGMENT_A;BRAND_A4;2.255;316
2024;28;Kadin;SEGMENT_A;BRAND_A4;2.530;316
2024;29;Kadin;SEGMENT_A;BRAND_A4;2.439;316
2024;30;Kadin;SEGMENT_A;BRAND_A4;2.598;316
2024;31;Kadin;SEGMENT_A;BRAND_A4;2.664;315
2024;32;Kadin;SEGMENT_A;BRAND_A4;2.890;315
2024;33;Kadin;SEGMENT_A;BRAND_A4;2.794;315
2024;34;Kadin;SEGMENT_A;BRAND_A4;2.801;315
2024;35;Kadin;SEGMENT_A;BRAND_A4;3.026;315
2024;36;Kadin;SEGMENT_A;BRAND_A4;3.025;315
2024;37;Kadin;SEGMENT_A;BRAND_A4;2.979;315
2024;38;Kadin;SEGMENT_A;BRAND_A4;2.955;315
2024;39;Kadin;SEGMENT_A;BRAND_A4;2.895;315
2024;40;Kadin;SEGMENT_A;BRAND_A4;3.010;315
2024;41;Kadin;SEGMENT_A;BRAND_A4;2.886;315
2024;42;Kadin;SEGMENT_A;BRAND_A4;2.955;315
2024;43;Kadin;SEGMENT_A;BRAND_A4;2.811;315
2024;44;Kadin;SEGMENT_A;BRAND_A4;3.020;315
2024;45;Kadin;SEGMENT_A;BRAND_A4;2.954;315
2024;46;Kadin;SEGMENT_A;BRAND_A4;2.878;315
2024;47;Kadin;SEGMENT_A;BRAND_A4;3.070;315
2024;48;Kadin;SEGMENT_A;BRAND_A4;3.138;315
2024;49;Kadin;SEGMENT_A;BRAND_A4;2.970;315
2024;50;Kadin;SEGMENT_A;BRAND_A4;2.690;315
2024;51;Kadin;SEGMENT_A;BRAND_A4;2.721;315
2024;52;Kadin;SEGMENT_A;BRAND_A4;2.495;315
2025;1;Kadin;SEGMENT_A;BRAND_A4;2.466;315
2025;2;Kadin;SEGMENT_A;BRAND_A4;2.479;315
2025;3;Kadin;SEGMENT_A;BRAND_A4;2.523;315
2025;4;Kadin;SEGMENT_A;BRAND_A4;2.429;315
2025;5;Kadin;SEGMENT_A;BRAND_A4;2.497;316
2025;6;Kadin;SEGMENT_A;BRAND_A4;2.381;316
2025;7;Kadin;SEGMENT_A;BRAND_A4;2.217;316
2025;8;Kadin;SEGMENT_A;BRAND_A4;2.249;316
2025;9;Kadin;SEGMENT_A;BRAND_A4;2.178;316
2025;10;Kadin;SEGMENT_A;BRAND_A4;2.055;317
2025;11;Kadin;SEGMENT_A;BRAND_A4;1.924;317
2025;12;Kadin;SEGMENT_A;BRAND_A4;2.028;317
2025;13;Kadin;SEGMENT_A;BRAND_A4;2.099;317
2025;14;Kadin;SEGMENT_A;BRAND_A4;2.098;317
2025;15;Kadin;SEGMENT_A;BRAND_A4;2.062;318
2025;16;Kadin;SEGMENT_A;BRAND_A4;2.025;318
2025;17;Kadin;SEGMENT_A;BRAND_A4;2.199;318
2025;18;Kadin;SEGMENT_A;BRAND_A4;2.141;318
2025;19;Kadin;SEGMENT_A;BRAND_A4;2.283;319
2025;20;Kadin;SEGMENT_A;BRAND_A4;2.457;319
2025;21;Kadin;SEGMENT_A;BRAND_A4;2.576;319
2025;22;Kadin;SEGMENT_A;BRAND_A4;2.685;319
2025;23;Kadin;SEGMENT_A;BRAND_A4;2.465;319
2025;24;Kadin;SEGMENT_A;BRAND_A4;2.514;319
2025;25;Kadin;SEGMENT_A;BRAND_A4;2.664;319
2025;26;Kadin;SEGMENT_A;BRAND_A4;2.849;319
2025;27;Kadin;SEGMENT_A;BRAND_A4;2.661;320
2025;28;Kadin;SEGMENT_A;BRAND_A4;2.643;320
2025;29;Kadin;SEGMENT_A;BRAND_A4;2.568;320
2025;30;Kadin;SEGMENT_A;BRAND_A4;2.665;320
2025;31;Kadin;SEGMENT_A;BRAND_A4;2.816;321
2025;32;Kadin;SEGMENT_A;BRAND_A4;2.801;321
2025;33;Kadin;SEGMENT_A;BRAND_A4;2.800;321
2025;34;Kadin;SEGMENT_A;BRAND_A4;2.918;321
2025;35;Kadin;SEGMENT_A;BRAND_A4;3.132;321
2025;36;Kadin;SEGMENT_A;BRAND_A4;2.977;322
2025;37;Kadin;SEGMENT_A;BRAND_A4;2.893;322
2025;38;Kadin;SEGMENT_A;BRAND_A4;2.832;322
2025;39;Kadin;SEGMENT_A;BRAND_A4;3.158;322
2025;40;Kadin;SEGMENT_A;BRAND_A4;3.295;322
2025;41;Kadin;SEGMENT_A;BRAND_A4;3.458;322
2025;42;Kadin;SEGMENT_A;BRAND_A4;3.798;323
2025;43;Kadin;SEGMENT_A;BRAND_A4;3.725;323
2025;44;Kadin;SEGMENT_A;BRAND_A4;3.465;323
2025;45;Kadin;SEGMENT_A;BRAND_A4;3.657;323
2025;46;Kadin;SEGMENT_A;BRAND_A4;3.638;323
2025;47;Kadin;SEGMENT_A;BRAND_A4;3.559;323
2025;48;Kadin;SEGMENT_A;BRAND_A4;3.869;323
2025;49;Kadin;SEGMENT_A;BRAND_A4;3.590;323
2025;50;Kadin;SEGMENT_A;BRAND_A4;3.574;323
2025;51;Kadin;SEGMENT_A;BRAND_A4;3.601;323
2025;52;Kadin;SEGMENT_A;BRAND_A4;3.245;323
2026;1;Kadin;SEGMENT_A;BRAND_A4;3.021;323
2026;2;Kadin;SEGMENT_A;BRAND_A4;2.890;323
2026;3;Kadin;SEGMENT_A;BRAND_A4;2.647;323
2026;4;Kadin;SEGMENT_A;BRAND_A4;2.630;323
2026;5;Kadin;SEGMENT_A;BRAND_A4;2.605;323
2026;6;Kadin;SEGMENT_A;BRAND_A4;2.655;323
2026;7;Kadin;SEGMENT_A;BRAND_A4;2.698;323
2026;8;Kadin;SEGMENT_A;BRAND_A4;2.789;323
2026;9;Kadin;SEGMENT_A;BRAND_A4;2.525;323
2026;10;Kadin;SEGMENT_A;BRAND_A4;2.501;323
2026;11;Kadin;SEGMENT_A;BRAND_A4;2.379;323
2026;12;Kadin;SEGMENT_A;BRAND_A4;2.395;323
2026;13;Kadin;SEGMENT_A;BRAND_A4;2.300;323
2026;14;Kadin;SEGMENT_A;BRAND_A4;2.321;323
2026;15;Kadin;SEGMENT_A;BRAND_A4;2.217;322
2026;16;Kadin;SEGMENT_A;BRAND_A4;2.313;322
2026;17;Kadin;SEGMENT_A;BRAND_A4;2.354;322
2026;18;Kadin;SEGMENT_A;BRAND_A4;2.206;322
2026;19;Kadin;SEGMENT_A;BRAND_A4;2.062;322
2026;20;Kadin;SEGMENT_A;BRAND_A4;2.238;322
2026;21;Kadin;SEGMENT_A;BRAND_A4;2.252;321
2026;22;Kadin;SEGMENT_A;BRAND_A4;2.191;321
2026;23;Kadin;SEGMENT_A;BRAND_A4;2.108;321
2026;24;Kadin;SEGMENT_A;BRAND_A4;2.275;321
2026;25;Kadin;SEGMENT_A;BRAND_A4;2.554;321
2026;26;Kadin;SEGMENT_A;BRAND_A4;2.720;320
2026;27;Kadin;SEGMENT_A;BRAND_A4;2.675;320
2026;28;Kadin;SEGMENT_A;BRAND_A4;2.557;320
2026;29;Kadin;SEGMENT_A;BRAND_A4;2.620;320
2026;30;Kadin;SEGMENT_A;BRAND_A4;2.760;319
2026;31;Kadin;SEGMENT_A;BRAND_A4;2.647;319
2026;32;Kadin;SEGMENT_A;BRAND_A4;2.804;319
2026;33;Kadin;SEGMENT_A;BRAND_A4;2.948;319
2026;34;Kadin;SEGMENT_A;BRAND_A4;3.074;319
2023;1;Kadin;SEGMENT_B;BRAND_B1;975;217
2023;2;Kadin;SEGMENT_B;BRAND_B1;948;217
2023;3;Kadin;SEGMENT_B;BRAND_B1;919;217
2023;4;Kadin;SEGMENT_B;BRAND_B1;875;217
2023;5;Kadin;SEGMENT_B;BRAND_B1;860;217
2023;6;Kadin;SEGMENT_B;BRAND_B1;796;218
2023;7;Kadin;SEGMENT_B;BRAND_B1;837;218
2023;8;Kadin;SEGMENT_B;BRAND_B1;861;218
2023;9;Kadin;SEGMENT_B;BRAND_B1;836;218
2023;10;Kadin;SEGMENT_B;BRAND_B1;792;219
2023;11;Kadin;SEGMENT_B;BRAND_B1;789;219
2023;12;Kadin;SEGMENT_B;BRAND_B1;745;219
2023;13;Kadin;SEGMENT_B;BRAND_B1;719;219
2023;14;Kadin;SEGMENT_B;BRAND_B1;702;220
2023;15;Kadin;SEGMENT_B;BRAND_B1;693;220
2023;16;Kadin;SEGMENT_B;BRAND_B1;636;220
2023;17;Kadin;SEGMENT_B;BRAND_B1;633;220
2023;18;Kadin;SEGMENT_B;BRAND_B1;632;220
2023;19;Kadin;SEGMENT_B;BRAND_B1;682;220
2023;20;Kadin;SEGMENT_B;BRAND_B1;672;221
2023;21;Kadin;SEGMENT_B;BRAND_B1;667;221
2023;22;Kadin;SEGMENT_B;BRAND_B1;644;221
2023;23;Kadin;SEGMENT_B;BRAND_B1;619;221
2023;24;Kadin;SEGMENT_B;BRAND_B1;611;221
2023;25;Kadin;SEGMENT_B;BRAND_B1;647;221
2023;26;Kadin;SEGMENT_B;BRAND_B1;681;221
2023;27;Kadin;SEGMENT_B;BRAND_B1;658;221
2023;28;Kadin;SEGMENT_B;BRAND_B1;726;221
2023;29;Kadin;SEGMENT_B;BRAND_B1;774;221
2023;30;Kadin;SEGMENT_B;BRAND_B1;806;221
2023;31;Kadin;SEGMENT_B;BRAND_B1;773;221
2023;32;Kadin;SEGMENT_B;BRAND_B1;829;221
2023;33;Kadin;SEGMENT_B;BRAND_B1;845;221
2023;34;Kadin;SEGMENT_B;BRAND_B1;811;221
2023;35;Kadin;SEGMENT_B;BRAND_B1;872;221
2023;36;Kadin;SEGMENT_B;BRAND_B1;940;221
2023;37;Kadin;SEGMENT_B;BRAND_B1;880;221
2023;38;Kadin;SEGMENT_B;BRAND_B1;1.013;221
2023;39;Kadin;SEGMENT_B;BRAND_B1;999;221
2023;40;Kadin;SEGMENT_B;BRAND_B1;1.055;221
2023;41;Kadin;SEGMENT_B;BRAND_B1;1.037;221
2023;42;Kadin;SEGMENT_B;BRAND_B1;1.002;221
2023;43;Kadin;SEGMENT_B;BRAND_B1;1.012;221
2023;44;Kadin;SEGMENT_B;BRAND_B1;1.023;221
2023;45;Kadin;SEGMENT_B;BRAND_B1;1.025;221
2023;46;Kadin;SEGMENT_B;BRAND_B1;1.085;220
2023;47;Kadin;SEGMENT_B;BRAND_B1;1.170;220
2023;48;Kadin;SEGMENT_B;BRAND_B1;1.201;220
2023;49;Kadin;SEGMENT_B;BRAND_B1;1.182;220
2023;50;Kadin;SEGMENT_B;BRAND_B1;1.189;220
2023;51;Kadin;SEGMENT_B;BRAND_B1;1.097;219
2023;52;Kadin;SEGMENT_B;BRAND_B1;1.091;219
2024;1;Kadin;SEGMENT_B;BRAND_B1;1.127;219
2024;2;Kadin;SEGMENT_B;BRAND_B1;1.063;219
2024;3;Kadin;SEGMENT_B;BRAND_B1;1.008;219
2024;4;Kadin;SEGMENT_B;BRAND_B1;1.038;218
2024;5;Kadin;SEGMENT_B;BRAND_B1;989;218
2024;6;Kadin;SEGMENT_B;BRAND_B1;922;218
2024;7;Kadin;SEGMENT_B;BRAND_B1;858;218
2024;8;Kadin;SEGMENT_B;BRAND_B1;872;217
2024;9;Kadin;SEGMENT_B;BRAND_B1;916;217
2024;10;Kadin;SEGMENT_B;BRAND_B1;936;217
2024;11;Kadin;SEGMENT_B;BRAND_B1;877;217
2024;12;Kadin;SEGMENT_B;BRAND_B1;841;217
2024;13;Kadin;SEGMENT_B;BRAND_B1;812;217
2024;14;Kadin;SEGMENT_B;BRAND_B1;801;217
2024;15;Kadin;SEGMENT_B;BRAND_B1;807;217
2024;16;Kadin;SEGMENT_B;BRAND_B1;819;216
2024;17;Kadin;SEGMENT_B;BRAND_B1;795;216
2024;18;Kadin;SEGMENT_B;BRAND_B1;788;216
2024;19;Kadin;SEGMENT_B;BRAND_B1;723;216
2024;20;Kadin;SEGMENT_B;BRAND_B1;685;216
2024;21;Kadin;SEGMENT_B;BRAND_B1;681;215
2024;22;Kadin;SEGMENT_B;BRAND_B1;695;215
2024;23;Kadin;SEGMENT_B;BRAND_B1;665;215
2024;24;Kadin;SEGMENT_B;BRAND_B1;695;215
2024;25;Kadin;SEGMENT_B;BRAND_B1;671;214
2024;26;Kadin;SEGMENT_B;BRAND_B1;735;214
2024;27;Kadin;SEGMENT_B;BRAND_B1;799;214
2024;28;Kadin;SEGMENT_B;BRAND_B1;837;214
2024;29;Kadin;SEGMENT_B;BRAND_B1;833;214
2024;30;Kadin;SEGMENT_B;BRAND_B1;821;214
2024;31;Kadin;SEGMENT_B;BRAND_B1;883;213
2024;32;Kadin;SEGMENT_B;BRAND_B1;933;213
2024;33;Kadin;SEGMENT_B;BRAND_B1;993;213
2024;34;Kadin;SEGMENT_B;BRAND_B1;975;213
2024;35;Kadin;SEGMENT_B;BRAND_B1;963;213
2024;36;Kadin;SEGMENT_B;BRAND_B1;1.033;213
2024;37;Kadin;SEGMENT_B;BRAND_B1;972;213
2024;38;Kadin;SEGMENT_B;BRAND_B1;986;213
2024;39;Kadin;SEGMENT_B;BRAND_B1;1.003;213
2024;40;Kadin;SEGMENT_B;BRAND_B1;998;213
2024;41;Kadin;SEGMENT_B;BRAND_B1;959;213
2024;42;Kadin;SEGMENT_B;BRAND_B1;1.058;213
2024;43;Kadin;SEGMENT_B;BRAND_B1;1.101;213
2024;44;Kadin;SEGMENT_B;BRAND_B1;1.164;213
2024;45;Kadin;SEGMENT_B;BRAND_B1;1.118;213
2024;46;Kadin;SEGMENT_B;BRAND_B1;1.184;213
2024;47;Kadin;SEGMENT_B;BRAND_B1;1.306;213
2024;48;Kadin;SEGMENT_B;BRAND_B1;1.453;213
2024;49;Kadin;SEGMENT_B;BRAND_B1;1.396;213
2024;50;Kadin;SEGMENT_B;BRAND_B1;1.290;213
2024;51;Kadin;SEGMENT_B;BRAND_B1;1.303;213
2024;52;Kadin;SEGMENT_B;BRAND_B1;1.227;213
2025;1;Kadin;SEGMENT_B;BRAND_B1;1.225;213
2025;2;Kadin;SEGMENT_B;BRAND_B1;1.143;213
2025;3;Kadin;SEGMENT_B;BRAND_B1;1.163;213
2025;4;Kadin;SEGMENT_B;BRAND_B1;1.172;213
2025;5;Kadin;SEGMENT_B;BRAND_B1;1.078;214
2025;6;Kadin;SEGMENT_B;BRAND_B1;979;214
2025;7;Kadin;SEGMENT_B;BRAND_B1;893;214
2025;8;Kadin;SEGMENT_B;BRAND_B1;873;214
2025;9;Kadin;SEGMENT_B;BRAND_B1;891;214
2025;10;Kadin;SEGMENT_B;BRAND_B1;881;215
2025;11;Kadin;SEGMENT_B;BRAND_B1;888;215
2025;12;Kadin;SEGMENT_B;BRAND_B1;856;215
2025;13;Kadin;SEGMENT_B;BRAND_B1;799;215
2025;14;Kadin;SEGMENT_B;BRAND_B1;789;215
2025;15;Kadin;SEGMENT_B;BRAND_B1;785;216
2025;16;Kadin;SEGMENT_B;BRAND_B1;735;216
2025;17;Kadin;SEGMENT_B;BRAND_B1;776;216
2025;18;Kadin;SEGMENT_B;BRAND_B1;744;216
2025;19;Kadin;SEGMENT_B;BRAND_B1;687;217
2025;20;Kadin;SEGMENT_B;BRAND_B1;673;217
2025;21;Kadin;SEGMENT_B;BRAND_B1;706;217
2025;22;Kadin;SEGMENT_B;BRAND_B1;678;217
2025;23;Kadin;SEGMENT_B;BRAND_B1;659;217
2025;24;Kadin;SEGMENT_B;BRAND_B1;697;217
2025;25;Kadin;SEGMENT_B;BRAND_B1;770;217
2025;26;Kadin;SEGMENT_B;BRAND_B1;792;217
2025;27;Kadin;SEGMENT_B;BRAND_B1;797;218
2025;28;Kadin;SEGMENT_B;BRAND_B1;781;218
2025;29;Kadin;SEGMENT_B;BRAND_B1;757;218
2025;30;Kadin;SEGMENT_B;BRAND_B1;800;218
2025;31;Kadin;SEGMENT_B;BRAND_B1;866;219
2025;32;Kadin;SEGMENT_B;BRAND_B1;887;219
2025;33;Kadin;SEGMENT_B;BRAND_B1;912;219
2025;34;Kadin;SEGMENT_B;BRAND_B1;1.006;219
2025;35;Kadin;SEGMENT_B;BRAND_B1;1.029;219
2025;36;Kadin;SEGMENT_B;BRAND_B1;1.066;220
2025;37;Kadin;SEGMENT_B;BRAND_B1;1.059;220
2025;38;Kadin;SEGMENT_B;BRAND_B1;1.081;220
2025;39;Kadin;SEGMENT_B;BRAND_B1;1.075;220
2025;40;Kadin;SEGMENT_B;BRAND_B1;1.214;220
2025;41;Kadin;SEGMENT_B;BRAND_B1;1.137;220
2025;42;Kadin;SEGMENT_B;BRAND_B1;1.125;221
2025;43;Kadin;SEGMENT_B;BRAND_B1;1.139;221
2025;44;Kadin;SEGMENT_B;BRAND_B1;1.184;221
2025;45;Kadin;SEGMENT_B;BRAND_B1;1.196;221
2025;46;Kadin;SEGMENT_B;BRAND_B1;1.262;221
2025;47;Kadin;SEGMENT_B;BRAND_B1;1.349;221
2025;48;Kadin;SEGMENT_B;BRAND_B1;1.454;221
2025;49;Kadin;SEGMENT_B;BRAND_B1;1.427;221
2025;50;Kadin;SEGMENT_B;BRAND_B1;1.373;221
2025;51;Kadin;SEGMENT_B;BRAND_B1;1.363;221
2025;52;Kadin;SEGMENT_B;BRAND_B1;1.416;221
2026;1;Kadin;SEGMENT_B;BRAND_B1;1.285;221
2026;2;Kadin;SEGMENT_B;BRAND_B1;1.213;221
2026;3;Kadin;SEGMENT_B;BRAND_B1;1.222;221
2026;4;Kadin;SEGMENT_B;BRAND_B1;1.206;221
2026;5;Kadin;SEGMENT_B;BRAND_B1;1.191;221
2026;6;Kadin;SEGMENT_B;BRAND_B1;1.124;221
2026;7;Kadin;SEGMENT_B;BRAND_B1;1.130;221
2026;8;Kadin;SEGMENT_B;BRAND_B1;1.087;221
2026;9;Kadin;SEGMENT_B;BRAND_B1;1.127;221
2026;10;Kadin;SEGMENT_B;BRAND_B1;1.085;221
2026;11;Kadin;SEGMENT_B;BRAND_B1;1.009;221
2026;12;Kadin;SEGMENT_B;BRAND_B1;972;221
2026;13;Kadin;SEGMENT_B;BRAND_B1;937;221
2026;14;Kadin;SEGMENT_B;BRAND_B1;908;221
2026;15;Kadin;SEGMENT_B;BRAND_B1;840;220
2026;16;Kadin;SEGMENT_B;BRAND_B1;786;220
2026;17;Kadin;SEGMENT_B;BRAND_B1;740;220
2026;18;Kadin;SEGMENT_B;BRAND_B1;716;220
2026;19;Kadin;SEGMENT_B;BRAND_B1;660;220
2026;20;Kadin;SEGMENT_B;BRAND_B1;651;220
2026;21;Kadin;SEGMENT_B;BRAND_B1;648;219
2026;22;Kadin;SEGMENT_B;BRAND_B1;635;219
2026;23;Kadin;SEGMENT_B;BRAND_B1;607;219
2026;24;Kadin;SEGMENT_B;BRAND_B1;625;219
2026;25;Kadin;SEGMENT_B;BRAND_B1;628;219
2026;26;Kadin;SEGMENT_B;BRAND_B1;611;218
2026;27;Kadin;SEGMENT_B;BRAND_B1;724;218
2026;28;Kadin;SEGMENT_B;BRAND_B1;727;218
2026;29;Kadin;SEGMENT_B;BRAND_B1;786;218
2026;30;Kadin;SEGMENT_B;BRAND_B1;791;217
2026;31;Kadin;SEGMENT_B;BRAND_B1;841;217
2026;32;Kadin;SEGMENT_B;BRAND_B1;897;217
2026;33;Kadin;SEGMENT_B;BRAND_B1;869;217
2026;34;Kadin;SEGMENT_B;BRAND_B1;946;217
2023;1;Kadin;SEGMENT_B;BRAND_B2;929;222
2023;2;Kadin;SEGMENT_B;BRAND_B2;867;222
2023;3;Kadin;SEGMENT_B;BRAND_B2;842;222
2023;4;Kadin;SEGMENT_B;BRAND_B2;847;222
2023;5;Kadin;SEGMENT_B;BRAND_B2;830;222
2023;6;Kadin;SEGMENT_B;BRAND_B2;840;223
2023;7;Kadin;SEGMENT_B;BRAND_B2;786;223
2023;8;Kadin;SEGMENT_B;BRAND_B2;749;223
2023;9;Kadin;SEGMENT_B;BRAND_B2;711;223
2023;10;Kadin;SEGMENT_B;BRAND_B2;721;224
2023;11;Kadin;SEGMENT_B;BRAND_B2;679;224
2023;12;Kadin;SEGMENT_B;BRAND_B2;642;224
2023;13;Kadin;SEGMENT_B;BRAND_B2;683;224
2023;14;Kadin;SEGMENT_B;BRAND_B2;686;225
2023;15;Kadin;SEGMENT_B;BRAND_B2;687;225
2023;16;Kadin;SEGMENT_B;BRAND_B2;659;225
2023;17;Kadin;SEGMENT_B;BRAND_B2;677;225
2023;18;Kadin;SEGMENT_B;BRAND_B2;684;225
2023;19;Kadin;SEGMENT_B;BRAND_B2;660;225
2023;20;Kadin;SEGMENT_B;BRAND_B2;657;226
2023;21;Kadin;SEGMENT_B;BRAND_B2;644;226
2023;22;Kadin;SEGMENT_B;BRAND_B2;610;226
2023;23;Kadin;SEGMENT_B;BRAND_B2;599;226
2023;24;Kadin;SEGMENT_B;BRAND_B2;616;226
2023;25;Kadin;SEGMENT_B;BRAND_B2;613;226
2023;26;Kadin;SEGMENT_B;BRAND_B2;600;226
2023;27;Kadin;SEGMENT_B;BRAND_B2;628;226
2023;28;Kadin;SEGMENT_B;BRAND_B2;656;226
2023;29;Kadin;SEGMENT_B;BRAND_B2;711;226
2023;30;Kadin;SEGMENT_B;BRAND_B2;727;226
2023;31;Kadin;SEGMENT_B;BRAND_B2;706;226
2023;32;Kadin;SEGMENT_B;BRAND_B2;756;226
2023;33;Kadin;SEGMENT_B;BRAND_B2;737;226
2023;34;Kadin;SEGMENT_B;BRAND_B2;744;226
2023;35;Kadin;SEGMENT_B;BRAND_B2;766;226
2023;36;Kadin;SEGMENT_B;BRAND_B2;787;226
2023;37;Kadin;SEGMENT_B;BRAND_B2;826;226
2023;38;Kadin;SEGMENT_B;BRAND_B2;915;226
2023;39;Kadin;SEGMENT_B;BRAND_B2;1.028;226
2023;40;Kadin;SEGMENT_B;BRAND_B2;984;226
2023;41;Kadin;SEGMENT_B;BRAND_B2;1.007;226
2023;42;Kadin;SEGMENT_B;BRAND_B2;976;226
2023;43;Kadin;SEGMENT_B;BRAND_B2;930;226
2023;44;Kadin;SEGMENT_B;BRAND_B2;925;226
2023;45;Kadin;SEGMENT_B;BRAND_B2;940;226
2023;46;Kadin;SEGMENT_B;BRAND_B2;939;225
2023;47;Kadin;SEGMENT_B;BRAND_B2;1.070;225
2023;48;Kadin;SEGMENT_B;BRAND_B2;1.127;225
2023;49;Kadin;SEGMENT_B;BRAND_B2;1.024;225
2023;50;Kadin;SEGMENT_B;BRAND_B2;1.066;225
2023;51;Kadin;SEGMENT_B;BRAND_B2;1.100;224
2023;52;Kadin;SEGMENT_B;BRAND_B2;1.085;224
2024;1;Kadin;SEGMENT_B;BRAND_B2;997;224
2024;2;Kadin;SEGMENT_B;BRAND_B2;975;224
2024;3;Kadin;SEGMENT_B;BRAND_B2;908;224
2024;4;Kadin;SEGMENT_B;BRAND_B2;960;223
2024;5;Kadin;SEGMENT_B;BRAND_B2;954;223
2024;6;Kadin;SEGMENT_B;BRAND_B2;911;223
2024;7;Kadin;SEGMENT_B;BRAND_B2;908;223
2024;8;Kadin;SEGMENT_B;BRAND_B2;910;222
2024;9;Kadin;SEGMENT_B;BRAND_B2;863;222
2024;10;Kadin;SEGMENT_B;BRAND_B2;811;222
2024;11;Kadin;SEGMENT_B;BRAND_B2;798;222
2024;12;Kadin;SEGMENT_B;BRAND_B2;767;222
2024;13;Kadin;SEGMENT_B;BRAND_B2;748;222
2024;14;Kadin;SEGMENT_B;BRAND_B2;738;222
2024;15;Kadin;SEGMENT_B;BRAND_B2;696;222
2024;16;Kadin;SEGMENT_B;BRAND_B2;683;221
2024;17;Kadin;SEGMENT_B;BRAND_B2;653;221
2024;18;Kadin;SEGMENT_B;BRAND_B2;652;221
2024;19;Kadin;SEGMENT_B;BRAND_B2;617;221
2024;20;Kadin;SEGMENT_B;BRAND_B2;640;221
2024;21;Kadin;SEGMENT_B;BRAND_B2;604;220
2024;22;Kadin;SEGMENT_B;BRAND_B2;571;220
2024;23;Kadin;SEGMENT_B;BRAND_B2;615;220
2024;24;Kadin;SEGMENT_B;BRAND_B2;605;220
2024;25;Kadin;SEGMENT_B;BRAND_B2;609;219
2024;26;Kadin;SEGMENT_B;BRAND_B2;663;219
2024;27;Kadin;SEGMENT_B;BRAND_B2;718;219
2024;28;Kadin;SEGMENT_B;BRAND_B2;723;219
2024;29;Kadin;SEGMENT_B;BRAND_B2;777;219
2024;30;Kadin;SEGMENT_B;BRAND_B2;764;219
2024;31;Kadin;SEGMENT_B;BRAND_B2;775;218
2024;32;Kadin;SEGMENT_B;BRAND_B2;859;218
2024;33;Kadin;SEGMENT_B;BRAND_B2;809;218
2024;34;Kadin;SEGMENT_B;BRAND_B2;780;218
2024;35;Kadin;SEGMENT_B;BRAND_B2;948;218
2024;36;Kadin;SEGMENT_B;BRAND_B2;1.004;218
2024;37;Kadin;SEGMENT_B;BRAND_B2;1.015;218
2024;38;Kadin;SEGMENT_B;BRAND_B2;1.038;218
2024;39;Kadin;SEGMENT_B;BRAND_B2;1.000;218
2024;40;Kadin;SEGMENT_B;BRAND_B2;1.035;218
2024;41;Kadin;SEGMENT_B;BRAND_B2;1.007;218
2024;42;Kadin;SEGMENT_B;BRAND_B2;992;218
2024;43;Kadin;SEGMENT_B;BRAND_B2;1.006;218
2024;44;Kadin;SEGMENT_B;BRAND_B2;978;218
2024;45;Kadin;SEGMENT_B;BRAND_B2;941;218
2024;46;Kadin;SEGMENT_B;BRAND_B2;944;218
2024;47;Kadin;SEGMENT_B;BRAND_B2;1.043;218
2024;48;Kadin;SEGMENT_B;BRAND_B2;1.048;218
2024;49;Kadin;SEGMENT_B;BRAND_B2;1.009;218
2024;50;Kadin;SEGMENT_B;BRAND_B2;1.027;218
2024;51;Kadin;SEGMENT_B;BRAND_B2;1.125;218
2024;52;Kadin;SEGMENT_B;BRAND_B2;1.111;218
2025;1;Kadin;SEGMENT_B;BRAND_B2;1.109;218
2025;2;Kadin;SEGMENT_B;BRAND_B2;1.132;218
2025;3;Kadin;SEGMENT_B;BRAND_B2;1.094;218
2025;4;Kadin;SEGMENT_B;BRAND_B2;1.097;218
2025;5;Kadin;SEGMENT_B;BRAND_B2;1.127;219
2025;6;Kadin;SEGMENT_B;BRAND_B2;1.081;219
2025;7;Kadin;SEGMENT_B;BRAND_B2;997;219
2025;8;Kadin;SEGMENT_B;BRAND_B2;906;219
2025;9;Kadin;SEGMENT_B;BRAND_B2;900;219
2025;10;Kadin;SEGMENT_B;BRAND_B2;934;220
2025;11;Kadin;SEGMENT_B;BRAND_B2;862;220
2025;12;Kadin;SEGMENT_B;BRAND_B2;798;220
2025;13;Kadin;SEGMENT_B;BRAND_B2;770;220
2025;14;Kadin;SEGMENT_B;BRAND_B2;752;220
2025;15;Kadin;SEGMENT_B;BRAND_B2;716;221
2025;16;Kadin;SEGMENT_B;BRAND_B2;698;221
2025;17;Kadin;SEGMENT_B;BRAND_B2;696;221
2025;18;Kadin;SEGMENT_B;BRAND_B2;657;221
2025;19;Kadin;SEGMENT_B;BRAND_B2;627;222
2025;20;Kadin;SEGMENT_B;BRAND_B2;676;222
2025;21;Kadin;SEGMENT_B;BRAND_B2;705;222
2025;22;Kadin;SEGMENT_B;BRAND_B2;736;222
2025;23;Kadin;SEGMENT_B;BRAND_B2;756;222
2025;24;Kadin;SEGMENT_B;BRAND_B2;707;222
2025;25;Kadin;SEGMENT_B;BRAND_B2;688;222
2025;26;Kadin;SEGMENT_B;BRAND_B2;716;222
2025;27;Kadin;SEGMENT_B;BRAND_B2;768;223
2025;28;Kadin;SEGMENT_B;BRAND_B2;851;223
2025;29;Kadin;SEGMENT_B;BRAND_B2;798;223
2025;30;Kadin;SEGMENT_B;BRAND_B2;825;223
2025;31;Kadin;SEGMENT_B;BRAND_B2;838;224
2025;32;Kadin;SEGMENT_B;BRAND_B2;878;224
2025;33;Kadin;SEGMENT_B;BRAND_B2;926;224
2025;34;Kadin;SEGMENT_B;BRAND_B2;913;224
2025;35;Kadin;SEGMENT_B;BRAND_B2;961;224
2025;36;Kadin;SEGMENT_B;BRAND_B2;996;225
2025;37;Kadin;SEGMENT_B;BRAND_B2;958;225
2025;38;Kadin;SEGMENT_B;BRAND_B2;1.030;225
2025;39;Kadin;SEGMENT_B;BRAND_B2;1.014;225
2025;40;Kadin;SEGMENT_B;BRAND_B2;1.223;225
2025;41;Kadin;SEGMENT_B;BRAND_B2;1.174;225
2025;42;Kadin;SEGMENT_B;BRAND_B2;1.150;226
2025;43;Kadin;SEGMENT_B;BRAND_B2;1.112;226
2025;44;Kadin;SEGMENT_B;BRAND_B2;1.106;226
2025;45;Kadin;SEGMENT_B;BRAND_B2;1.078;226
2025;46;Kadin;SEGMENT_B;BRAND_B2;1.144;226
2025;47;Kadin;SEGMENT_B;BRAND_B2;1.369;226
2025;48;Kadin;SEGMENT_B;BRAND_B2;1.417;226
2025;49;Kadin;SEGMENT_B;BRAND_B2;1.363;226
2025;50;Kadin;SEGMENT_B;BRAND_B2;1.294;226
2025;51;Kadin;SEGMENT_B;BRAND_B2;1.328;226
2025;52;Kadin;SEGMENT_B;BRAND_B2;1.242;226
2026;1;Kadin;SEGMENT_B;BRAND_B2;1.157;226
2026;2;Kadin;SEGMENT_B;BRAND_B2;1.101;226
2026;3;Kadin;SEGMENT_B;BRAND_B2;1.093;226
2026;4;Kadin;SEGMENT_B;BRAND_B2;1.048;226
2026;5;Kadin;SEGMENT_B;BRAND_B2;1.042;226
2026;6;Kadin;SEGMENT_B;BRAND_B2;1.026;226
2026;7;Kadin;SEGMENT_B;BRAND_B2;1.023;226
2026;8;Kadin;SEGMENT_B;BRAND_B2;1.005;226
2026;9;Kadin;SEGMENT_B;BRAND_B2;972;226
2026;10;Kadin;SEGMENT_B;BRAND_B2;997;226
2026;11;Kadin;SEGMENT_B;BRAND_B2;934;226
2026;12;Kadin;SEGMENT_B;BRAND_B2;852;226
2026;13;Kadin;SEGMENT_B;BRAND_B2;825;226
2026;14;Kadin;SEGMENT_B;BRAND_B2;816;226
2026;15;Kadin;SEGMENT_B;BRAND_B2;800;225
2026;16;Kadin;SEGMENT_B;BRAND_B2;802;225
2026;17;Kadin;SEGMENT_B;BRAND_B2;727;225
2026;18;Kadin;SEGMENT_B;BRAND_B2;695;225
2026;19;Kadin;SEGMENT_B;BRAND_B2;745;225
2026;20;Kadin;SEGMENT_B;BRAND_B2;713;225
2026;21;Kadin;SEGMENT_B;BRAND_B2;702;224
2026;22;Kadin;SEGMENT_B;BRAND_B2;658;224
2026;23;Kadin;SEGMENT_B;BRAND_B2;691;224
2026;24;Kadin;SEGMENT_B;BRAND_B2;670;224
2026;25;Kadin;SEGMENT_B;BRAND_B2;734;224
2026;26;Kadin;SEGMENT_B;BRAND_B2;707;223
2026;27;Kadin;SEGMENT_B;BRAND_B2;695;223
2026;28;Kadin;SEGMENT_B;BRAND_B2;660;223
2026;29;Kadin;SEGMENT_B;BRAND_B2;729;223
2026;30;Kadin;SEGMENT_B;BRAND_B2;771;222
2026;31;Kadin;SEGMENT_B;BRAND_B2;824;222
2026;32;Kadin;SEGMENT_B;BRAND_B2;863;222
2026;33;Kadin;SEGMENT_B;BRAND_B2;897;222
2026;34;Kadin;SEGMENT_B;BRAND_B2;1.017;222
2023;1;Kadin;SEGMENT_B;BRAND_B3;1.848;315
2023;2;Kadin;SEGMENT_B;BRAND_B3;1.880;315
2023;3;Kadin;SEGMENT_B;BRAND_B3;2.023;315
2023;4;Kadin;SEGMENT_B;BRAND_B3;2.021;315
2023;5;Kadin;SEGMENT_B;BRAND_B3;1.926;315
2023;6;Kadin;SEGMENT_B;BRAND_B3;1.851;316
2023;7;Kadin;SEGMENT_B;BRAND_B3;1.953;316
2023;8;Kadin;SEGMENT_B;BRAND_B3;1.811;316
2023;9;Kadin;SEGMENT_B;BRAND_B3;1.765;316
2023;10;Kadin;SEGMENT_B;BRAND_B3;1.763;317
2023;11;Kadin;SEGMENT_B;BRAND_B3;1.696;317
2023;12;Kadin;SEGMENT_B;BRAND_B3;1.714;317
2023;13;Kadin;SEGMENT_B;BRAND_B3;1.670;317
2023;14;Kadin;SEGMENT_B;BRAND_B3;1.582;318
2023;15;Kadin;SEGMENT_B;BRAND_B3;1.491;318
2023;16;Kadin;SEGMENT_B;BRAND_B3;1.477;318
2023;17;Kadin;SEGMENT_B;BRAND_B3;1.422;318
2023;18;Kadin;SEGMENT_B;BRAND_B3;1.588;318
2023;19;Kadin;SEGMENT_B;BRAND_B3;1.461;318
2023;20;Kadin;SEGMENT_B;BRAND_B3;1.486;319
2023;21;Kadin;SEGMENT_B;BRAND_B3;1.399;319
2023;22;Kadin;SEGMENT_B;BRAND_B3;1.476;319
2023;23;Kadin;SEGMENT_B;BRAND_B3;1.559;319
2023;24;Kadin;SEGMENT_B;BRAND_B3;1.536;319
2023;25;Kadin;SEGMENT_B;BRAND_B3;1.491;319
2023;26;Kadin;SEGMENT_B;BRAND_B3;1.670;319
2023;27;Kadin;SEGMENT_B;BRAND_B3;1.740;319
2023;28;Kadin;SEGMENT_B;BRAND_B3;1.721;319
2023;29;Kadin;SEGMENT_B;BRAND_B3;1.869;319
2023;30;Kadin;SEGMENT_B;BRAND_B3;1.861;319
2023;31;Kadin;SEGMENT_B;BRAND_B3;1.883;319
2023;32;Kadin;SEGMENT_B;BRAND_B3;1.756;319
2023;33;Kadin;SEGMENT_B;BRAND_B3;1.755;319
2023;34;Kadin;SEGMENT_B;BRAND_B3;1.908;319
2023;35;Kadin;SEGMENT_B;BRAND_B3;1.876;319
2023;36;Kadin;SEGMENT_B;BRAND_B3;1.851;319
2023;37;Kadin;SEGMENT_B;BRAND_B3;2.005;319
2023;38;Kadin;SEGMENT_B;BRAND_B3;2.115;319
2023;39;Kadin;SEGMENT_B;BRAND_B3;2.123;319
2023;40;Kadin;SEGMENT_B;BRAND_B3;2.400;319
2023;41;Kadin;SEGMENT_B;BRAND_B3;2.211;319
2023;42;Kadin;SEGMENT_B;BRAND_B3;2.508;319
2023;43;Kadin;SEGMENT_B;BRAND_B3;2.430;319
2023;44;Kadin;SEGMENT_B;BRAND_B3;2.597;319
2023;45;Kadin;SEGMENT_B;BRAND_B3;2.744;319
2023;46;Kadin;SEGMENT_B;BRAND_B3;2.836;318
2023;47;Kadin;SEGMENT_B;BRAND_B3;2.791;318
2023;48;Kadin;SEGMENT_B;BRAND_B3;2.860;318
2023;49;Kadin;SEGMENT_B;BRAND_B3;3.021;318
2023;50;Kadin;SEGMENT_B;BRAND_B3;3.184;318
2023;51;Kadin;SEGMENT_B;BRAND_B3;3.028;317
2023;52;Kadin;SEGMENT_B;BRAND_B3;2.926;317
2024;1;Kadin;SEGMENT_B;BRAND_B3;2.882;317
2024;2;Kadin;SEGMENT_B;BRAND_B3;2.814;317
2024;3;Kadin;SEGMENT_B;BRAND_B3;2.569;317
2024;4;Kadin;SEGMENT_B;BRAND_B3;2.379;316
2024;5;Kadin;SEGMENT_B;BRAND_B3;2.347;316
2024;6;Kadin;SEGMENT_B;BRAND_B3;2.345;316
2024;7;Kadin;SEGMENT_B;BRAND_B3;2.316;316
2024;8;Kadin;SEGMENT_B;BRAND_B3;2.253;315
2024;9;Kadin;SEGMENT_B;BRAND_B3;2.067;315
2024;10;Kadin;SEGMENT_B;BRAND_B3;2.122;315
2024;11;Kadin;SEGMENT_B;BRAND_B3;1.996;315
2024;12;Kadin;SEGMENT_B;BRAND_B3;2.017;315
2024;13;Kadin;SEGMENT_B;BRAND_B3;1.812;315
2024;14;Kadin;SEGMENT_B;BRAND_B3;1.704;315
2024;15;Kadin;SEGMENT_B;BRAND_B3;1.642;315
2024;16;Kadin;SEGMENT_B;BRAND_B3;1.577;314
2024;17;Kadin;SEGMENT_B;BRAND_B3;1.545;314
2024;18;Kadin;SEGMENT_B;BRAND_B3;1.546;314
2024;19;Kadin;SEGMENT_B;BRAND_B3;1.589;314
2024;20;Kadin;SEGMENT_B;BRAND_B3;1.477;314
2024;21;Kadin;SEGMENT_B;BRAND_B3;1.497;313
2024;22;Kadin;SEGMENT_B;BRAND_B3;1.451;313
2024;23;Kadin;SEGMENT_B;BRAND_B3;1.457;313
2024;24;Kadin;SEGMENT_B;BRAND_B3;1.465;313
2024;25;Kadin;SEGMENT_B;BRAND_B3;1.575;312
2024;26;Kadin;SEGMENT_B;BRAND_B3;1.548;312
2024;27;Kadin;SEGMENT_B;BRAND_B3;1.707;312
2024;28;Kadin;SEGMENT_B;BRAND_B3;1.668;312
2024;29;Kadin;SEGMENT_B;BRAND_B3;1.683;312
2024;30;Kadin;SEGMENT_B;BRAND_B3;1.685;312
2024;31;Kadin;SEGMENT_B;BRAND_B3;2.027;311
2024;32;Kadin;SEGMENT_B;BRAND_B3;1.991;311
2024;33;Kadin;SEGMENT_B;BRAND_B3;1.934;311
2024;34;Kadin;SEGMENT_B;BRAND_B3;1.933;311
2024;35;Kadin;SEGMENT_B;BRAND_B3;2.095;311
2024;36;Kadin;SEGMENT_B;BRAND_B3;2.091;311
2024;37;Kadin;SEGMENT_B;BRAND_B3;2.382;311
2024;38;Kadin;SEGMENT_B;BRAND_B3;2.434;311
2024;39;Kadin;SEGMENT_B;BRAND_B3;2.340;311
2024;40;Kadin;SEGMENT_B;BRAND_B3;2.464;311
2024;41;Kadin;SEGMENT_B;BRAND_B3;2.545;311
2024;42;Kadin;SEGMENT_B;BRAND_B3;2.751;311
2024;43;Kadin;SEGMENT_B;BRAND_B3;2.586;311
2024;44;Kadin;SEGMENT_B;BRAND_B3;2.807;311
2024;45;Kadin;SEGMENT_B;BRAND_B3;2.815;311
2024;46;Kadin;SEGMENT_B;BRAND_B3;2.844;311
2024;47;Kadin;SEGMENT_B;BRAND_B3;2.729;311
2024;48;Kadin;SEGMENT_B;BRAND_B3;2.931;311
2024;49;Kadin;SEGMENT_B;BRAND_B3;2.787;311
2024;50;Kadin;SEGMENT_B;BRAND_B3;2.633;311
2024;51;Kadin;SEGMENT_B;BRAND_B3;2.611;311
2024;52;Kadin;SEGMENT_B;BRAND_B3;2.671;311
2025;1;Kadin;SEGMENT_B;BRAND_B3;2.506;311
2025;2;Kadin;SEGMENT_B;BRAND_B3;2.613;311
2025;3;Kadin;SEGMENT_B;BRAND_B3;2.534;311
2025;4;Kadin;SEGMENT_B;BRAND_B3;2.404;311
2025;5;Kadin;SEGMENT_B;BRAND_B3;2.264;312
2025;6;Kadin;SEGMENT_B;BRAND_B3;2.353;312
2025;7;Kadin;SEGMENT_B;BRAND_B3;2.264;312
2025;8;Kadin;SEGMENT_B;BRAND_B3;2.194;312
2025;9;Kadin;SEGMENT_B;BRAND_B3;2.118;312
2025;10;Kadin;SEGMENT_B;BRAND_B3;2.057;313
2025;11;Kadin;SEGMENT_B;BRAND_B3;1.976;313
2025;12;Kadin;SEGMENT_B;BRAND_B3;1.881;313
2025;13;Kadin;SEGMENT_B;BRAND_B3;1.820;313
2025;14;Kadin;SEGMENT_B;BRAND_B3;1.818;313
2025;15;Kadin;SEGMENT_B;BRAND_B3;1.841;314
2025;16;Kadin;SEGMENT_B;BRAND_B3;1.793;314
2025;17;Kadin;SEGMENT_B;BRAND_B3;1.716;314
2025;18;Kadin;SEGMENT_B;BRAND_B3;1.625;314
2025;19;Kadin;SEGMENT_B;BRAND_B3;1.690;315
2025;20;Kadin;SEGMENT_B;BRAND_B3;1.727;315
2025;21;Kadin;SEGMENT_B;BRAND_B3;1.710;315
2025;22;Kadin;SEGMENT_B;BRAND_B3;1.598;315
2025;23;Kadin;SEGMENT_B;BRAND_B3;1.711;315
2025;24;Kadin;SEGMENT_B;BRAND_B3;1.725;315
2025;25;Kadin;SEGMENT_B;BRAND_B3;1.797;315
2025;26;Kadin;SEGMENT_B;BRAND_B3;1.853;315
2025;27;Kadin;SEGMENT_B;BRAND_B3;1.926;316
2025;28;Kadin;SEGMENT_B;BRAND_B3;1.996;316
2025;29;Kadin;SEGMENT_B;BRAND_B3;2.020;316
2025;30;Kadin;SEGMENT_B;BRAND_B3;2.023;316
2025;31;Kadin;SEGMENT_B;BRAND_B3;2.024;317
2025;32;Kadin;SEGMENT_B;BRAND_B3;2.113;317
2025;33;Kadin;SEGMENT_B;BRAND_B3;2.287;317
2025;34;Kadin;SEGMENT_B;BRAND_B3;2.206;317
2025;35;Kadin;SEGMENT_B;BRAND_B3;2.325;317
2025;36;Kadin;SEGMENT_B;BRAND_B3;2.263;318
2025;37;Kadin;SEGMENT_B;BRAND_B3;2.530;318
2025;38;Kadin;SEGMENT_B;BRAND_B3;2.648;318
2025;39;Kadin;SEGMENT_B;BRAND_B3;2.814;318
2025;40;Kadin;SEGMENT_B;BRAND_B3;2.673;318
2025;41;Kadin;SEGMENT_B;BRAND_B3;2.753;318
2025;42;Kadin;SEGMENT_B;BRAND_B3;2.759;319
2025;43;Kadin;SEGMENT_B;BRAND_B3;2.881;319
2025;44;Kadin;SEGMENT_B;BRAND_B3;2.826;319
2025;45;Kadin;SEGMENT_B;BRAND_B3;2.812;319
2025;46;Kadin;SEGMENT_B;BRAND_B3;3.018;319
2025;47;Kadin;SEGMENT_B;BRAND_B3;3.549;319
2025;48;Kadin;SEGMENT_B;BRAND_B3;3.807;319
2025;49;Kadin;SEGMENT_B;BRAND_B3;3.896;319
2025;50;Kadin;SEGMENT_B;BRAND_B3;3.584;319
2025;51;Kadin;SEGMENT_B;BRAND_B3;3.382;319
2025;52;Kadin;SEGMENT_B;BRAND_B3;3.178;319
2026;1;Kadin;SEGMENT_B;BRAND_B3;3.092;319
2026;2;Kadin;SEGMENT_B;BRAND_B3;3.020;319
2026;3;Kadin;SEGMENT_B;BRAND_B3;2.899;319
2026;4;Kadin;SEGMENT_B;BRAND_B3;2.665;319
2026;5;Kadin;SEGMENT_B;BRAND_B3;2.571;319
2026;6;Kadin;SEGMENT_B;BRAND_B3;2.616;319
2026;7;Kadin;SEGMENT_B;BRAND_B3;2.619;319
2026;8;Kadin;SEGMENT_B;BRAND_B3;2.647;319
2026;9;Kadin;SEGMENT_B;BRAND_B3;2.657;319
2026;10;Kadin;SEGMENT_B;BRAND_B3;2.608;319
2026;11;Kadin;SEGMENT_B;BRAND_B3;2.534;319
2026;12;Kadin;SEGMENT_B;BRAND_B3;2.463;319
2026;13;Kadin;SEGMENT_B;BRAND_B3;2.355;319
2026;14;Kadin;SEGMENT_B;BRAND_B3;2.241;319
2026;15;Kadin;SEGMENT_B;BRAND_B3;2.105;318
2026;16;Kadin;SEGMENT_B;BRAND_B3;2.042;318
2026;17;Kadin;SEGMENT_B;BRAND_B3;1.912;318
2026;18;Kadin;SEGMENT_B;BRAND_B3;1.865;318
2026;19;Kadin;SEGMENT_B;BRAND_B3;1.728;318
2026;20;Kadin;SEGMENT_B;BRAND_B3;1.651;318
2026;21;Kadin;SEGMENT_B;BRAND_B3;1.673;317
2026;22;Kadin;SEGMENT_B;BRAND_B3;1.652;317
2026;23;Kadin;SEGMENT_B;BRAND_B3;1.638;317
2026;24;Kadin;SEGMENT_B;BRAND_B3;1.779;317
2026;25;Kadin;SEGMENT_B;BRAND_B3;1.829;317
2026;26;Kadin;SEGMENT_B;BRAND_B3;1.884;316
2026;27;Kadin;SEGMENT_B;BRAND_B3;1.931;316
2026;28;Kadin;SEGMENT_B;BRAND_B3;2.001;316
2026;29;Kadin;SEGMENT_B;BRAND_B3;2.159;316
2026;30;Kadin;SEGMENT_B;BRAND_B3;2.171;315
2026;31;Kadin;SEGMENT_B;BRAND_B3;2.118;315
2026;32;Kadin;SEGMENT_B;BRAND_B3;2.304;315
2026;33;Kadin;SEGMENT_B;BRAND_B3;2.262;315
2026;34;Kadin;SEGMENT_B;BRAND_B3;2.412;315
2023;1;Kadin;SEGMENT_B;BRAND_B4;1.716;165
2023;2;Kadin;SEGMENT_B;BRAND_B4;1.703;165
2023;3;Kadin;SEGMENT_B;BRAND_B4;1.832;165
2023;4;Kadin;SEGMENT_B;BRAND_B4;1.774;165
2023;5;Kadin;SEGMENT_B;BRAND_B4;1.815;165
2023;6;Kadin;SEGMENT_B;BRAND_B4;1.672;166
2023;7;Kadin;SEGMENT_B;BRAND_B4;1.682;166
2023;8;Kadin;SEGMENT_B;BRAND_B4;1.589;166
2023;9;Kadin;SEGMENT_B;BRAND_B4;1.446;166
2023;10;Kadin;SEGMENT_B;BRAND_B4;1.382;167
2023;11;Kadin;SEGMENT_B;BRAND_B4;1.341;167
2023;12;Kadin;SEGMENT_B;BRAND_B4;1.247;167
2023;13;Kadin;SEGMENT_B;BRAND_B4;1.221;167
2023;14;Kadin;SEGMENT_B;BRAND_B4;1.188;168
2023;15;Kadin;SEGMENT_B;BRAND_B4;1.102;168
2023;16;Kadin;SEGMENT_B;BRAND_B4;1.086;168
2023;17;Kadin;SEGMENT_B;BRAND_B4;1.089;168
2023;18;Kadin;SEGMENT_B;BRAND_B4;1.056;168
2023;19;Kadin;SEGMENT_B;BRAND_B4;1.095;168
2023;20;Kadin;SEGMENT_B;BRAND_B4;1.052;169
2023;21;Kadin;SEGMENT_B;BRAND_B4;1.031;169
2023;22;Kadin;SEGMENT_B;BRAND_B4;1.026;169
2023;23;Kadin;SEGMENT_B;BRAND_B4;996;169
2023;24;Kadin;SEGMENT_B;BRAND_B4;1.039;169
2023;25;Kadin;SEGMENT_B;BRAND_B4;1.031;169
2023;26;Kadin;SEGMENT_B;BRAND_B4;1.066;169
2023;27;Kadin;SEGMENT_B;BRAND_B4;1.137;169
2023;28;Kadin;SEGMENT_B;BRAND_B4;1.228;169
2023;29;Kadin;SEGMENT_B;BRAND_B4;1.335;169
2023;30;Kadin;SEGMENT_B;BRAND_B4;1.397;169
2023;31;Kadin;SEGMENT_B;BRAND_B4;1.332;169
2023;32;Kadin;SEGMENT_B;BRAND_B4;1.277;169
2023;33;Kadin;SEGMENT_B;BRAND_B4;1.392;169
2023;34;Kadin;SEGMENT_B;BRAND_B4;1.513;169
2023;35;Kadin;SEGMENT_B;BRAND_B4;1.413;169
2023;36;Kadin;SEGMENT_B;BRAND_B4;1.568;169
2023;37;Kadin;SEGMENT_B;BRAND_B4;1.718;169
2023;38;Kadin;SEGMENT_B;BRAND_B4;1.734;169
2023;39;Kadin;SEGMENT_B;BRAND_B4;1.724;169
2023;40;Kadin;SEGMENT_B;BRAND_B4;1.693;169
2023;41;Kadin;SEGMENT_B;BRAND_B4;1.732;169
2023;42;Kadin;SEGMENT_B;BRAND_B4;1.780;169
2023;43;Kadin;SEGMENT_B;BRAND_B4;1.882;169
2023;44;Kadin;SEGMENT_B;BRAND_B4;1.990;169
2023;45;Kadin;SEGMENT_B;BRAND_B4;2.066;169
2023;46;Kadin;SEGMENT_B;BRAND_B4;2.047;168
2023;47;Kadin;SEGMENT_B;BRAND_B4;2.193;168
2023;48;Kadin;SEGMENT_B;BRAND_B4;2.298;168
2023;49;Kadin;SEGMENT_B;BRAND_B4;2.249;168
2023;50;Kadin;SEGMENT_B;BRAND_B4;2.279;168
2023;51;Kadin;SEGMENT_B;BRAND_B4;2.157;167
2023;52;Kadin;SEGMENT_B;BRAND_B4;2.036;167
2024;1;Kadin;SEGMENT_B;BRAND_B4;1.890;167
2024;2;Kadin;SEGMENT_B;BRAND_B4;1.840;167
2024;3;Kadin;SEGMENT_B;BRAND_B4;1.708;167
2024;4;Kadin;SEGMENT_B;BRAND_B4;1.631;166
2024;5;Kadin;SEGMENT_B;BRAND_B4;1.616;166
2024;6;Kadin;SEGMENT_B;BRAND_B4;1.619;166
2024;7;Kadin;SEGMENT_B;BRAND_B4;1.611;166
2024;8;Kadin;SEGMENT_B;BRAND_B4;1.613;165
2024;9;Kadin;SEGMENT_B;BRAND_B4;1.672;165
2024;10;Kadin;SEGMENT_B;BRAND_B4;1.584;165
2024;11;Kadin;SEGMENT_B;BRAND_B4;1.505;165
2024;12;Kadin;SEGMENT_B;BRAND_B4;1.461;165
2024;13;Kadin;SEGMENT_B;BRAND_B4;1.456;165
2024;14;Kadin;SEGMENT_B;BRAND_B4;1.469;165
2024;15;Kadin;SEGMENT_B;BRAND_B4;1.440;165
2024;16;Kadin;SEGMENT_B;BRAND_B4;1.344;164
2024;17;Kadin;SEGMENT_B;BRAND_B4;1.303;164
2024;18;Kadin;SEGMENT_B;BRAND_B4;1.246;164
2024;19;Kadin;SEGMENT_B;BRAND_B4;1.166;164
2024;20;Kadin;SEGMENT_B;BRAND_B4;1.153;164
2024;21;Kadin;SEGMENT_B;BRAND_B4;1.119;163
2024;22;Kadin;SEGMENT_B;BRAND_B4;1.117;163
2024;23;Kadin;SEGMENT_B;BRAND_B4;1.123;163
2024;24;Kadin;SEGMENT_B;BRAND_B4;1.111;163
2024;25;Kadin;SEGMENT_B;BRAND_B4;1.207;162
2024;26;Kadin;SEGMENT_B;BRAND_B4;1.207;162
2024;27;Kadin;SEGMENT_B;BRAND_B4;1.251;162
2024;28;Kadin;SEGMENT_B;BRAND_B4;1.252;162
2024;29;Kadin;SEGMENT_B;BRAND_B4;1.265;162
2024;30;Kadin;SEGMENT_B;BRAND_B4;1.344;162
2024;31;Kadin;SEGMENT_B;BRAND_B4;1.433;161
2024;32;Kadin;SEGMENT_B;BRAND_B4;1.510;161
2024;33;Kadin;SEGMENT_B;BRAND_B4;1.408;161
2024;34;Kadin;SEGMENT_B;BRAND_B4;1.381;161
2024;35;Kadin;SEGMENT_B;BRAND_B4;1.439;161
2024;36;Kadin;SEGMENT_B;BRAND_B4;1.406;161
2024;37;Kadin;SEGMENT_B;BRAND_B4;1.405;161
2024;38;Kadin;SEGMENT_B;BRAND_B4;1.520;161
2024;39;Kadin;SEGMENT_B;BRAND_B4;1.594;161
2024;40;Kadin;SEGMENT_B;BRAND_B4;1.811;161
2024;41;Kadin;SEGMENT_B;BRAND_B4;1.740;161
2024;42;Kadin;SEGMENT_B;BRAND_B4;1.922;161
2024;43;Kadin;SEGMENT_B;BRAND_B4;2.106;161
2024;44;Kadin;SEGMENT_B;BRAND_B4;2.124;161
2024;45;Kadin;SEGMENT_B;BRAND_B4;2.097;161
2024;46;Kadin;SEGMENT_B;BRAND_B4;2.035;161
2024;47;Kadin;SEGMENT_B;BRAND_B4;2.326;161
2024;48;Kadin;SEGMENT_B;BRAND_B4;2.601;161
2024;49;Kadin;SEGMENT_B;BRAND_B4;2.531;161
2024;50;Kadin;SEGMENT_B;BRAND_B4;2.368;161
2024;51;Kadin;SEGMENT_B;BRAND_B4;2.342;161
2024;52;Kadin;SEGMENT_B;BRAND_B4;2.145;161
2025;1;Kadin;SEGMENT_B;BRAND_B4;2.099;161
2025;2;Kadin;SEGMENT_B;BRAND_B4;2.009;161
2025;3;Kadin;SEGMENT_B;BRAND_B4;2.112;161
2025;4;Kadin;SEGMENT_B;BRAND_B4;2.084;161
2025;5;Kadin;SEGMENT_B;BRAND_B4;1.955;162
2025;6;Kadin;SEGMENT_B;BRAND_B4;1.921;162
2025;7;Kadin;SEGMENT_B;BRAND_B4;1.827;162
2025;8;Kadin;SEGMENT_B;BRAND_B4;1.798;162
2025;9;Kadin;SEGMENT_B;BRAND_B4;1.898;162
2025;10;Kadin;SEGMENT_B;BRAND_B4;1.715;163
2025;11;Kadin;SEGMENT_B;BRAND_B4;1.763;163
2025;12;Kadin;SEGMENT_B;BRAND_B4;1.681;163
2025;13;Kadin;SEGMENT_B;BRAND_B4;1.521;163
2025;14;Kadin;SEGMENT_B;BRAND_B4;1.357;163
2025;15;Kadin;SEGMENT_B;BRAND_B4;1.240;164
2025;16;Kadin;SEGMENT_B;BRAND_B4;1.171;164
2025;17;Kadin;SEGMENT_B;BRAND_B4;1.172;164
2025;18;Kadin;SEGMENT_B;BRAND_B4;1.242;164
2025;19;Kadin;SEGMENT_B;BRAND_B4;1.322;165
2025;20;Kadin;SEGMENT_B;BRAND_B4;1.343;165
2025;21;Kadin;SEGMENT_B;BRAND_B4;1.377;165
2025;22;Kadin;SEGMENT_B;BRAND_B4;1.316;165
2025;23;Kadin;SEGMENT_B;BRAND_B4;1.244;165
2025;24;Kadin;SEGMENT_B;BRAND_B4;1.301;165
2025;25;Kadin;SEGMENT_B;BRAND_B4;1.285;165
2025;26;Kadin;SEGMENT_B;BRAND_B4;1.318;165
2025;27;Kadin;SEGMENT_B;BRAND_B4;1.334;166
2025;28;Kadin;SEGMENT_B;BRAND_B4;1.276;166
2025;29;Kadin;SEGMENT_B;BRAND_B4;1.340;166
2025;30;Kadin;SEGMENT_B;BRAND_B4;1.480;166
2025;31;Kadin;SEGMENT_B;BRAND_B4;1.585;167
2025;32;Kadin;SEGMENT_B;BRAND_B4;1.688;167
2025;33;Kadin;SEGMENT_B;BRAND_B4;1.904;167
2025;34;Kadin;SEGMENT_B;BRAND_B4;1.774;167
2025;35;Kadin;SEGMENT_B;BRAND_B4;1.937;167
2025;36;Kadin;SEGMENT_B;BRAND_B4;1.972;168
2025;37;Kadin;SEGMENT_B;BRAND_B4;2.045;168
2025;38;Kadin;SEGMENT_B;BRAND_B4;2.092;168
2025;39;Kadin;SEGMENT_B;BRAND_B4;2.139;168
2025;40;Kadin;SEGMENT_B;BRAND_B4;2.206;168
2025;41;Kadin;SEGMENT_B;BRAND_B4;2.210;168
2025;42;Kadin;SEGMENT_B;BRAND_B4;2.123;169
2025;43;Kadin;SEGMENT_B;BRAND_B4;2.078;169
2025;44;Kadin;SEGMENT_B;BRAND_B4;2.195;169
2025;45;Kadin;SEGMENT_B;BRAND_B4;2.121;169
2025;46;Kadin;SEGMENT_B;BRAND_B4;2.304;169
2025;47;Kadin;SEGMENT_B;BRAND_B4;2.265;169
2025;48;Kadin;SEGMENT_B;BRAND_B4;2.593;169
2025;49;Kadin;SEGMENT_B;BRAND_B4;2.581;169
2025;50;Kadin;SEGMENT_B;BRAND_B4;2.546;169
2025;51;Kadin;SEGMENT_B;BRAND_B4;2.523;169
2025;52;Kadin;SEGMENT_B;BRAND_B4;2.374;169
2026;1;Kadin;SEGMENT_B;BRAND_B4;2.264;169
2026;2;Kadin;SEGMENT_B;BRAND_B4;2.229;169
2026;3;Kadin;SEGMENT_B;BRAND_B4;2.081;169
2026;4;Kadin;SEGMENT_B;BRAND_B4;1.969;169
2026;5;Kadin;SEGMENT_B;BRAND_B4;2.002;169
2026;6;Kadin;SEGMENT_B;BRAND_B4;1.868;169
2026;7;Kadin;SEGMENT_B;BRAND_B4;1.745;169
2026;8;Kadin;SEGMENT_B;BRAND_B4;1.659;169
2026;9;Kadin;SEGMENT_B;BRAND_B4;1.723;169
2026;10;Kadin;SEGMENT_B;BRAND_B4;1.642;169
2026;11;Kadin;SEGMENT_B;BRAND_B4;1.653;169
2026;12;Kadin;SEGMENT_B;BRAND_B4;1.656;169
2026;13;Kadin;SEGMENT_B;BRAND_B4;1.583;169
2026;14;Kadin;SEGMENT_B;BRAND_B4;1.518;169
2026;15;Kadin;SEGMENT_B;BRAND_B4;1.413;168
2026;16;Kadin;SEGMENT_B;BRAND_B4;1.319;168
2026;17;Kadin;SEGMENT_B;BRAND_B4;1.333;168
2026;18;Kadin;SEGMENT_B;BRAND_B4;1.274;168
2026;19;Kadin;SEGMENT_B;BRAND_B4;1.253;168
2026;20;Kadin;SEGMENT_B;BRAND_B4;1.262;168
2026;21;Kadin;SEGMENT_B;BRAND_B4;1.298;167
2026;22;Kadin;SEGMENT_B;BRAND_B4;1.421;167
2026;23;Kadin;SEGMENT_B;BRAND_B4;1.478;167
2026;24;Kadin;SEGMENT_B;BRAND_B4;1.385;167
2026;25;Kadin;SEGMENT_B;BRAND_B4;1.470;167
2026;26;Kadin;SEGMENT_B;BRAND_B4;1.530;166
2026;27;Kadin;SEGMENT_B;BRAND_B4;1.595;166
2026;28;Kadin;SEGMENT_B;BRAND_B4;1.598;166
2026;29;Kadin;SEGMENT_B;BRAND_B4;1.608;166
2026;30;Kadin;SEGMENT_B;BRAND_B4;1.621;165
2026;31;Kadin;SEGMENT_B;BRAND_B4;1.598;165
2026;32;Kadin;SEGMENT_B;BRAND_B4;1.686;165
2026;33;Kadin;SEGMENT_B;BRAND_B4;1.693;165
2026;34;Kadin;SEGMENT_B;BRAND_B4;1.712;165
2023;1;Kadin;SEGMENT_C;BRAND_C1;177;309
2023;2;Kadin;SEGMENT_C;BRAND_C1;174;309
2023;3;Kadin;SEGMENT_C;BRAND_C1;174;309
2023;4;Kadin;SEGMENT_C;BRAND_C1;197;309
2023;5;Kadin;SEGMENT_C;BRAND_C1;214;309
2023;6;Kadin;SEGMENT_C;BRAND_C1;241;310
2023;7;Kadin;SEGMENT_C;BRAND_C1;263;310
2023;8;Kadin;SEGMENT_C;BRAND_C1;284;310
2023;9;Kadin;SEGMENT_C;BRAND_C1;322;310
2023;10;Kadin;SEGMENT_C;BRAND_C1;386;311
2023;11;Kadin;SEGMENT_C;BRAND_C1;436;311
2023;12;Kadin;SEGMENT_C;BRAND_C1;467;311
2023;13;Kadin;SEGMENT_C;BRAND_C1;510;311
2023;14;Kadin;SEGMENT_C;BRAND_C1;550;312
2023;15;Kadin;SEGMENT_C;BRAND_C1;635;312
2023;16;Kadin;SEGMENT_C;BRAND_C1;723;312
2023;17;Kadin;SEGMENT_C;BRAND_C1;796;312
2023;18;Kadin;SEGMENT_C;BRAND_C1;916;312
2023;19;Kadin;SEGMENT_C;BRAND_C1;958;312
2023;20;Kadin;SEGMENT_C;BRAND_C1;974;313
2023;21;Kadin;SEGMENT_C;BRAND_C1;1.101;313
2023;22;Kadin;SEGMENT_C;BRAND_C1;1.259;313
2023;23;Kadin;SEGMENT_C;BRAND_C1;1.383;313
2023;24;Kadin;SEGMENT_C;BRAND_C1;1.395;313
2023;25;Kadin;SEGMENT_C;BRAND_C1;1.563;313
2023;26;Kadin;SEGMENT_C;BRAND_C1;1.609;313
2023;27;Kadin;SEGMENT_C;BRAND_C1;1.678;313
2023;28;Kadin;SEGMENT_C;BRAND_C1;1.784;313
2023;29;Kadin;SEGMENT_C;BRAND_C1;1.640;313
2023;30;Kadin;SEGMENT_C;BRAND_C1;1.555;313
2023;31;Kadin;SEGMENT_C;BRAND_C1;1.540;313
2023;32;Kadin;SEGMENT_C;BRAND_C1;1.436;313
2023;33;Kadin;SEGMENT_C;BRAND_C1;1.495;313
2023;34;Kadin;SEGMENT_C;BRAND_C1;1.594;313
2023;35;Kadin;SEGMENT_C;BRAND_C1;1.469;313
2023;36;Kadin;SEGMENT_C;BRAND_C1;1.480;313
2023;37;Kadin;SEGMENT_C;BRAND_C1;1.354;313
2023;38;Kadin;SEGMENT_C;BRAND_C1;1.237;313
2023;39;Kadin;SEGMENT_C;BRAND_C1;1.219;313
2023;40;Kadin;SEGMENT_C;BRAND_C1;1.168;313
2023;41;Kadin;SEGMENT_C;BRAND_C1;1.135;313
2023;42;Kadin;SEGMENT_C;BRAND_C1;1.079;313
2023;43;Kadin;SEGMENT_C;BRAND_C1;972;313
2023;44;Kadin;SEGMENT_C;BRAND_C1;925;313
2023;45;Kadin;SEGMENT_C;BRAND_C1;843;313
2023;46;Kadin;SEGMENT_C;BRAND_C1;734;312
2023;47;Kadin;SEGMENT_C;BRAND_C1;720;312
2023;48;Kadin;SEGMENT_C;BRAND_C1;651;312
2023;49;Kadin;SEGMENT_C;BRAND_C1;570;312
2023;50;Kadin;SEGMENT_C;BRAND_C1;503;312
2023;51;Kadin;SEGMENT_C;BRAND_C1;440;311
2023;52;Kadin;SEGMENT_C;BRAND_C1;393;311
2024;1;Kadin;SEGMENT_C;BRAND_C1;345;311
2024;2;Kadin;SEGMENT_C;BRAND_C1;323;311
2024;3;Kadin;SEGMENT_C;BRAND_C1;312;311
2024;4;Kadin;SEGMENT_C;BRAND_C1;310;310
2024;5;Kadin;SEGMENT_C;BRAND_C1;284;310
2024;6;Kadin;SEGMENT_C;BRAND_C1;273;310
2024;7;Kadin;SEGMENT_C;BRAND_C1;279;310
2024;8;Kadin;SEGMENT_C;BRAND_C1;340;309
2024;9;Kadin;SEGMENT_C;BRAND_C1;376;309
2024;10;Kadin;SEGMENT_C;BRAND_C1;424;309
2024;11;Kadin;SEGMENT_C;BRAND_C1;464;309
2024;12;Kadin;SEGMENT_C;BRAND_C1;559;309
2024;13;Kadin;SEGMENT_C;BRAND_C1;634;309
2024;14;Kadin;SEGMENT_C;BRAND_C1;736;309
2024;15;Kadin;SEGMENT_C;BRAND_C1;742;309
2024;16;Kadin;SEGMENT_C;BRAND_C1;813;308
2024;17;Kadin;SEGMENT_C;BRAND_C1;822;308
2024;18;Kadin;SEGMENT_C;BRAND_C1;852;308
2024;19;Kadin;SEGMENT_C;BRAND_C1;882;308
2024;20;Kadin;SEGMENT_C;BRAND_C1;977;308
2024;21;Kadin;SEGMENT_C;BRAND_C1;1.077;307
2024;22;Kadin;SEGMENT_C;BRAND_C1;1.201;307
2024;23;Kadin;SEGMENT_C;BRAND_C1;1.227;307
2024;24;Kadin;SEGMENT_C;BRAND_C1;1.278;307
2024;25;Kadin;SEGMENT_C;BRAND_C1;1.452;306
2024;26;Kadin;SEGMENT_C;BRAND_C1;1.499;306
2024;27;Kadin;SEGMENT_C;BRAND_C1;1.485;306
2024;28;Kadin;SEGMENT_C;BRAND_C1;1.534;306
2024;29;Kadin;SEGMENT_C;BRAND_C1;1.643;306
2024;30;Kadin;SEGMENT_C;BRAND_C1;1.561;306
2024;31;Kadin;SEGMENT_C;BRAND_C1;1.505;305
2024;32;Kadin;SEGMENT_C;BRAND_C1;1.502;305
2024;33;Kadin;SEGMENT_C;BRAND_C1;1.476;305
2024;34;Kadin;SEGMENT_C;BRAND_C1;1.390;305
2024;35;Kadin;SEGMENT_C;BRAND_C1;1.400;305
2024;36;Kadin;SEGMENT_C;BRAND_C1;1.300;305
2024;37;Kadin;SEGMENT_C;BRAND_C1;1.332;305
2024;38;Kadin;SEGMENT_C;BRAND_C1;1.314;305
2024;39;Kadin;SEGMENT_C;BRAND_C1;1.286;305
2024;40;Kadin;SEGMENT_C;BRAND_C1;1.253;305
2024;41;Kadin;SEGMENT_C;BRAND_C1;1.155;305
2024;42;Kadin;SEGMENT_C;BRAND_C1;1.033;305
2024;43;Kadin;SEGMENT_C;BRAND_C1;935;305
2024;44;Kadin;SEGMENT_C;BRAND_C1;868;305
2024;45;Kadin;SEGMENT_C;BRAND_C1;794;305
2024;46;Kadin;SEGMENT_C;BRAND_C1;710;305
2024;47;Kadin;SEGMENT_C;BRAND_C1;691;305
2024;48;Kadin;SEGMENT_C;BRAND_C1;654;305
2024;49;Kadin;SEGMENT_C;BRAND_C1;603;305
2024;50;Kadin;SEGMENT_C;BRAND_C1;530;305
2024;51;Kadin;SEGMENT_C;BRAND_C1;448;305
2024;52;Kadin;SEGMENT_C;BRAND_C1;391;305
2025;1;Kadin;SEGMENT_C;BRAND_C1;361;305
2025;2;Kadin;SEGMENT_C;BRAND_C1;314;305
2025;3;Kadin;SEGMENT_C;BRAND_C1;277;305
2025;4;Kadin;SEGMENT_C;BRAND_C1;265;305
2025;5;Kadin;SEGMENT_C;BRAND_C1;289;306
2025;6;Kadin;SEGMENT_C;BRAND_C1;305;306
2025;7;Kadin;SEGMENT_C;BRAND_C1;307;306
2025;8;Kadin;SEGMENT_C;BRAND_C1;306;306
2025;9;Kadin;SEGMENT_C;BRAND_C1;329;306
2025;10;Kadin;SEGMENT_C;BRAND_C1;383;307
2025;11;Kadin;SEGMENT_C;BRAND_C1;473;307
2025;12;Kadin;SEGMENT_C;BRAND_C1;536;307
2025;13;Kadin;SEGMENT_C;BRAND_C1;642;307
2025;14;Kadin;SEGMENT_C;BRAND_C1;675;307
2025;15;Kadin;SEGMENT_C;BRAND_C1;746;308
2025;16;Kadin;SEGMENT_C;BRAND_C1;801;308
2025;17;Kadin;SEGMENT_C;BRAND_C1;916;308
2025;18;Kadin;SEGMENT_C;BRAND_C1;1.043;308
2025;19;Kadin;SEGMENT_C;BRAND_C1;1.084;309
2025;20;Kadin;SEGMENT_C;BRAND_C1;1.291;309
2025;21;Kadin;SEGMENT_C;BRAND_C1;1.283;309
2025;22;Kadin;SEGMENT_C;BRAND_C1;1.377;309
2025;23;Kadin;SEGMENT_C;BRAND_C1;1.416;309
2025;24;Kadin;SEGMENT_C;BRAND_C1;1.438;309
2025;25;Kadin;SEGMENT_C;BRAND_C1;1.407;309
2025;26;Kadin;SEGMENT_C;BRAND_C1;1.400;309
2025;27;Kadin;SEGMENT_C;BRAND_C1;1.368;310
2025;28;Kadin;SEGMENT_C;BRAND_C1;1.422;310
2025;29;Kadin;SEGMENT_C;BRAND_C1;1.552;310
2025;30;Kadin;SEGMENT_C;BRAND_C1;1.603;310
2025;31;Kadin;SEGMENT_C;BRAND_C1;1.676;311
2025;32;Kadin;SEGMENT_C;BRAND_C1;1.671;311
2025;33;Kadin;SEGMENT_C;BRAND_C1;1.634;311
2025;34;Kadin;SEGMENT_C;BRAND_C1;1.604;311
2025;35;Kadin;SEGMENT_C;BRAND_C1;1.505;311
2025;36;Kadin;SEGMENT_C;BRAND_C1;1.436;312
2025;37;Kadin;SEGMENT_C;BRAND_C1;1.386;312
2025;38;Kadin;SEGMENT_C;BRAND_C1;1.399;312
2025;39;Kadin;SEGMENT_C;BRAND_C1;1.463;312
2025;40;Kadin;SEGMENT_C;BRAND_C1;1.435;312
2025;41;Kadin;SEGMENT_C;BRAND_C1;1.340;312
2025;42;Kadin;SEGMENT_C;BRAND_C1;1.261;313
2025;43;Kadin;SEGMENT_C;BRAND_C1;1.173;313
2025;44;Kadin;SEGMENT_C;BRAND_C1;1.053;313
2025;45;Kadin;SEGMENT_C;BRAND_C1;962;313
2025;46;Kadin;SEGMENT_C;BRAND_C1;843;313
2025;47;Kadin;SEGMENT_C;BRAND_C1;795;313
2025;48;Kadin;SEGMENT_C;BRAND_C1;712;313
2025;49;Kadin;SEGMENT_C;BRAND_C1;629;313
2025;50;Kadin;SEGMENT_C;BRAND_C1;566;313
2025;51;Kadin;SEGMENT_C;BRAND_C1;508;313
2025;52;Kadin;SEGMENT_C;BRAND_C1;454;313
2026;1;Kadin;SEGMENT_C;BRAND_C1;396;313
2026;2;Kadin;SEGMENT_C;BRAND_C1;347;313
2026;3;Kadin;SEGMENT_C;BRAND_C1;309;313
2026;4;Kadin;SEGMENT_C;BRAND_C1;283;313
2026;5;Kadin;SEGMENT_C;BRAND_C1;277;313
2026;6;Kadin;SEGMENT_C;BRAND_C1;285;313
2026;7;Kadin;SEGMENT_C;BRAND_C1;331;313
2026;8;Kadin;SEGMENT_C;BRAND_C1;356;313
2026;9;Kadin;SEGMENT_C;BRAND_C1;383;313
2026;10;Kadin;SEGMENT_C;BRAND_C1;434;313
2026;11;Kadin;SEGMENT_C;BRAND_C1;500;313
2026;12;Kadin;SEGMENT_C;BRAND_C1;597;313
2026;13;Kadin;SEGMENT_C;BRAND_C1;644;313
2026;14;Kadin;SEGMENT_C;BRAND_C1;636;313
2026;15;Kadin;SEGMENT_C;BRAND_C1;768;312
2026;16;Kadin;SEGMENT_C;BRAND_C1;801;312
2026;17;Kadin;SEGMENT_C;BRAND_C1;905;312
2026;18;Kadin;SEGMENT_C;BRAND_C1;952;312
2026;19;Kadin;SEGMENT_C;BRAND_C1;1.041;312
2026;20;Kadin;SEGMENT_C;BRAND_C1;1.107;312
2026;21;Kadin;SEGMENT_C;BRAND_C1;1.260;311
2026;22;Kadin;SEGMENT_C;BRAND_C1;1.382;311
2026;23;Kadin;SEGMENT_C;BRAND_C1;1.397;311
2026;24;Kadin;SEGMENT_C;BRAND_C1;1.370;311
2026;25;Kadin;SEGMENT_C;BRAND_C1;1.535;311
2026;26;Kadin;SEGMENT_C;BRAND_C1;1.615;310
2026;27;Kadin;SEGMENT_C;BRAND_C1;1.718;310
2026;28;Kadin;SEGMENT_C;BRAND_C1;1.892;310
2026;29;Kadin;SEGMENT_C;BRAND_C1;1.819;310
2026;30;Kadin;SEGMENT_C;BRAND_C1;1.857;309
2026;31;Kadin;SEGMENT_C;BRAND_C1;1.734;309
2026;32;Kadin;SEGMENT_C;BRAND_C1;1.752;309
2026;33;Kadin;SEGMENT_C;BRAND_C1;1.680;309
2026;34;Kadin;SEGMENT_C;BRAND_C1;1.652;309
2023;1;Kadin;SEGMENT_C;BRAND_C2;207;333
2023;2;Kadin;SEGMENT_C;BRAND_C2;209;333
2023;3;Kadin;SEGMENT_C;BRAND_C2;211;333
2023;4;Kadin;SEGMENT_C;BRAND_C2;232;333
2023;5;Kadin;SEGMENT_C;BRAND_C2;237;333
2023;6;Kadin;SEGMENT_C;BRAND_C2;254;334
2023;7;Kadin;SEGMENT_C;BRAND_C2;292;334
2023;8;Kadin;SEGMENT_C;BRAND_C2;288;334
2023;9;Kadin;SEGMENT_C;BRAND_C2;339;334
2023;10;Kadin;SEGMENT_C;BRAND_C2;381;335
2023;11;Kadin;SEGMENT_C;BRAND_C2;447;335
2023;12;Kadin;SEGMENT_C;BRAND_C2;483;335
2023;13;Kadin;SEGMENT_C;BRAND_C2;572;335
2023;14;Kadin;SEGMENT_C;BRAND_C2;622;336
2023;15;Kadin;SEGMENT_C;BRAND_C2;734;336
2023;16;Kadin;SEGMENT_C;BRAND_C2;886;336
2023;17;Kadin;SEGMENT_C;BRAND_C2;1.045;336
2023;18;Kadin;SEGMENT_C;BRAND_C2;1.213;336
2023;19;Kadin;SEGMENT_C;BRAND_C2;1.263;336
2023;20;Kadin;SEGMENT_C;BRAND_C2;1.323;337
2023;21;Kadin;SEGMENT_C;BRAND_C2;1.364;337
2023;22;Kadin;SEGMENT_C;BRAND_C2;1.395;337
2023;23;Kadin;SEGMENT_C;BRAND_C2;1.439;337
2023;24;Kadin;SEGMENT_C;BRAND_C2;1.394;337
2023;25;Kadin;SEGMENT_C;BRAND_C2;1.498;337
2023;26;Kadin;SEGMENT_C;BRAND_C2;1.479;337
2023;27;Kadin;SEGMENT_C;BRAND_C2;1.514;337
2023;28;Kadin;SEGMENT_C;BRAND_C2;1.621;337
2023;29;Kadin;SEGMENT_C;BRAND_C2;1.604;337
2023;30;Kadin;SEGMENT_C;BRAND_C2;1.521;337
2023;31;Kadin;SEGMENT_C;BRAND_C2;1.568;337
2023;32;Kadin;SEGMENT_C;BRAND_C2;1.671;337
2023;33;Kadin;SEGMENT_C;BRAND_C2;1.565;337
2023;34;Kadin;SEGMENT_C;BRAND_C2;1.493;337
2023;35;Kadin;SEGMENT_C;BRAND_C2;1.467;337
2023;36;Kadin;SEGMENT_C;BRAND_C2;1.422;337
2023;37;Kadin;SEGMENT_C;BRAND_C2;1.384;337
2023;38;Kadin;SEGMENT_C;BRAND_C2;1.297;337
2023;39;Kadin;SEGMENT_C;BRAND_C2;1.257;337
2023;40;Kadin;SEGMENT_C;BRAND_C2;1.223;337
2023;41;Kadin;SEGMENT_C;BRAND_C2;1.163;337
2023;42;Kadin;SEGMENT_C;BRAND_C2;1.118;337
2023;43;Kadin;SEGMENT_C;BRAND_C2;1.085;337
2023;44;Kadin;SEGMENT_C;BRAND_C2;1.035;337
2023;45;Kadin;SEGMENT_C;BRAND_C2;967;337
2023;46;Kadin;SEGMENT_C;BRAND_C2;878;336
2023;47;Kadin;SEGMENT_C;BRAND_C2;791;336
2023;48;Kadin;SEGMENT_C;BRAND_C2;701;336
2023;49;Kadin;SEGMENT_C;BRAND_C2;627;336
2023;50;Kadin;SEGMENT_C;BRAND_C2;554;336
2023;51;Kadin;SEGMENT_C;BRAND_C2;498;335
2023;52;Kadin;SEGMENT_C;BRAND_C2;437;335
2024;1;Kadin;SEGMENT_C;BRAND_C2;403;335
2024;2;Kadin;SEGMENT_C;BRAND_C2;354;335
2024;3;Kadin;SEGMENT_C;BRAND_C2;341;335
2024;4;Kadin;SEGMENT_C;BRAND_C2;332;334
2024;5;Kadin;SEGMENT_C;BRAND_C2;322;334
2024;6;Kadin;SEGMENT_C;BRAND_C2;298;334
2024;7;Kadin;SEGMENT_C;BRAND_C2;343;334
2024;8;Kadin;SEGMENT_C;BRAND_C2;384;333
2024;9;Kadin;SEGMENT_C;BRAND_C2;394;333
2024;10;Kadin;SEGMENT_C;BRAND_C2;433;333
2024;11;Kadin;SEGMENT_C;BRAND_C2;530;333
2024;12;Kadin;SEGMENT_C;BRAND_C2;546;333
2024;13;Kadin;SEGMENT_C;BRAND_C2;554;333
2024;14;Kadin;SEGMENT_C;BRAND_C2;693;333
2024;15;Kadin;SEGMENT_C;BRAND_C2;744;333
2024;16;Kadin;SEGMENT_C;BRAND_C2;832;332
2024;17;Kadin;SEGMENT_C;BRAND_C2;887;332
2024;18;Kadin;SEGMENT_C;BRAND_C2;954;332
2024;19;Kadin;SEGMENT_C;BRAND_C2;1.016;332
2024;20;Kadin;SEGMENT_C;BRAND_C2;1.085;332
2024;21;Kadin;SEGMENT_C;BRAND_C2;1.172;331
2024;22;Kadin;SEGMENT_C;BRAND_C2;1.341;331
2024;23;Kadin;SEGMENT_C;BRAND_C2;1.443;331
2024;24;Kadin;SEGMENT_C;BRAND_C2;1.394;331
2024;25;Kadin;SEGMENT_C;BRAND_C2;1.522;330
2024;26;Kadin;SEGMENT_C;BRAND_C2;1.603;330
2024;27;Kadin;SEGMENT_C;BRAND_C2;1.635;330
2024;28;Kadin;SEGMENT_C;BRAND_C2;1.637;330
2024;29;Kadin;SEGMENT_C;BRAND_C2;1.598;330
2024;30;Kadin;SEGMENT_C;BRAND_C2;1.693;330
2024;31;Kadin;SEGMENT_C;BRAND_C2;1.575;329
2024;32;Kadin;SEGMENT_C;BRAND_C2;1.554;329
2024;33;Kadin;SEGMENT_C;BRAND_C2;1.500;329
2024;34;Kadin;SEGMENT_C;BRAND_C2;1.517;329
2024;35;Kadin;SEGMENT_C;BRAND_C2;1.429;329
2024;36;Kadin;SEGMENT_C;BRAND_C2;1.404;329
2024;37;Kadin;SEGMENT_C;BRAND_C2;1.340;329
2024;38;Kadin;SEGMENT_C;BRAND_C2;1.242;329
2024;39;Kadin;SEGMENT_C;BRAND_C2;1.200;329
2024;40;Kadin;SEGMENT_C;BRAND_C2;1.176;329
2024;41;Kadin;SEGMENT_C;BRAND_C2;1.081;329
2024;42;Kadin;SEGMENT_C;BRAND_C2;1.022;329
2024;43;Kadin;SEGMENT_C;BRAND_C2;959;329
2024;44;Kadin;SEGMENT_C;BRAND_C2;931;329
2024;45;Kadin;SEGMENT_C;BRAND_C2;843;329
2024;46;Kadin;SEGMENT_C;BRAND_C2;776;329
2024;47;Kadin;SEGMENT_C;BRAND_C2;748;329
2024;48;Kadin;SEGMENT_C;BRAND_C2;668;329
2024;49;Kadin;SEGMENT_C;BRAND_C2;596;329
2024;50;Kadin;SEGMENT_C;BRAND_C2;521;329
2024;51;Kadin;SEGMENT_C;BRAND_C2;455;329
2024;52;Kadin;SEGMENT_C;BRAND_C2;431;329
2025;1;Kadin;SEGMENT_C;BRAND_C2;387;329
2025;2;Kadin;SEGMENT_C;BRAND_C2;355;329
2025;3;Kadin;SEGMENT_C;BRAND_C2;336;329
2025;4;Kadin;SEGMENT_C;BRAND_C2;314;329
2025;5;Kadin;SEGMENT_C;BRAND_C2;288;330
2025;6;Kadin;SEGMENT_C;BRAND_C2;290;330
2025;7;Kadin;SEGMENT_C;BRAND_C2;299;330
2025;8;Kadin;SEGMENT_C;BRAND_C2;350;330
2025;9;Kadin;SEGMENT_C;BRAND_C2;358;330
2025;10;Kadin;SEGMENT_C;BRAND_C2;415;331
2025;11;Kadin;SEGMENT_C;BRAND_C2;478;331
2025;12;Kadin;SEGMENT_C;BRAND_C2;586;331
2025;13;Kadin;SEGMENT_C;BRAND_C2;724;331
2025;14;Kadin;SEGMENT_C;BRAND_C2;786;331
2025;15;Kadin;SEGMENT_C;BRAND_C2;898;332
2025;16;Kadin;SEGMENT_C;BRAND_C2;982;332
2025;17;Kadin;SEGMENT_C;BRAND_C2;1.032;332
2025;18;Kadin;SEGMENT_C;BRAND_C2;1.045;332
2025;19;Kadin;SEGMENT_C;BRAND_C2;1.224;333
2025;20;Kadin;SEGMENT_C;BRAND_C2;1.196;333
2025;21;Kadin;SEGMENT_C;BRAND_C2;1.392;333
2025;22;Kadin;SEGMENT_C;BRAND_C2;1.481;333
2025;23;Kadin;SEGMENT_C;BRAND_C2;1.476;333
2025;24;Kadin;SEGMENT_C;BRAND_C2;1.594;333
2025;25;Kadin;SEGMENT_C;BRAND_C2;1.668;333
2025;26;Kadin;SEGMENT_C;BRAND_C2;1.684;333
2025;27;Kadin;SEGMENT_C;BRAND_C2;1.661;334
2025;28;Kadin;SEGMENT_C;BRAND_C2;1.696;334
2025;29;Kadin;SEGMENT_C;BRAND_C2;1.848;334
2025;30;Kadin;SEGMENT_C;BRAND_C2;1.893;334
2025;31;Kadin;SEGMENT_C;BRAND_C2;1.805;335
2025;32;Kadin;SEGMENT_C;BRAND_C2;1.782;335
2025;33;Kadin;SEGMENT_C;BRAND_C2;1.720;335
2025;34;Kadin;SEGMENT_C;BRAND_C2;1.614;335
2025;35;Kadin;SEGMENT_C;BRAND_C2;1.543;335
2025;36;Kadin;SEGMENT_C;BRAND_C2;1.465;336
2025;37;Kadin;SEGMENT_C;BRAND_C2;1.351;336
2025;38;Kadin;SEGMENT_C;BRAND_C2;1.334;336
2025;39;Kadin;SEGMENT_C;BRAND_C2;1.336;336
2025;40;Kadin;SEGMENT_C;BRAND_C2;1.248;336
2025;41;Kadin;SEGMENT_C;BRAND_C2;1.201;336
2025;42;Kadin;SEGMENT_C;BRAND_C2;1.150;337
2025;43;Kadin;SEGMENT_C;BRAND_C2;1.091;337
2025;44;Kadin;SEGMENT_C;BRAND_C2;1.000;337
2025;45;Kadin;SEGMENT_C;BRAND_C2;896;337
2025;46;Kadin;SEGMENT_C;BRAND_C2;832;337
2025;47;Kadin;SEGMENT_C;BRAND_C2;772;337
2025;48;Kadin;SEGMENT_C;BRAND_C2;686;337
2025;49;Kadin;SEGMENT_C;BRAND_C2;618;337
2025;50;Kadin;SEGMENT_C;BRAND_C2;528;337
2025;51;Kadin;SEGMENT_C;BRAND_C2;466;337
2025;52;Kadin;SEGMENT_C;BRAND_C2;405;337
2026;1;Kadin;SEGMENT_C;BRAND_C2;354;337
2026;2;Kadin;SEGMENT_C;BRAND_C2;331;337
2026;3;Kadin;SEGMENT_C;BRAND_C2;313;337
2026;4;Kadin;SEGMENT_C;BRAND_C2;297;337
2026;5;Kadin;SEGMENT_C;BRAND_C2;285;337
2026;6;Kadin;SEGMENT_C;BRAND_C2;277;337
2026;7;Kadin;SEGMENT_C;BRAND_C2;288;337
2026;8;Kadin;SEGMENT_C;BRAND_C2;333;337
2026;9;Kadin;SEGMENT_C;BRAND_C2;402;337
2026;10;Kadin;SEGMENT_C;BRAND_C2;431;337
2026;11;Kadin;SEGMENT_C;BRAND_C2;470;337
2026;12;Kadin;SEGMENT_C;BRAND_C2;537;337
2026;13;Kadin;SEGMENT_C;BRAND_C2;590;337
2026;14;Kadin;SEGMENT_C;BRAND_C2;728;337
2026;15;Kadin;SEGMENT_C;BRAND_C2;804;336
2026;16;Kadin;SEGMENT_C;BRAND_C2;806;336
2026;17;Kadin;SEGMENT_C;BRAND_C2;958;336
2026;18;Kadin;SEGMENT_C;BRAND_C2;997;336
2026;19;Kadin;SEGMENT_C;BRAND_C2;1.080;336
2026;20;Kadin;SEGMENT_C;BRAND_C2;1.214;336
2026;21;Kadin;SEGMENT_C;BRAND_C2;1.270;335
2026;22;Kadin;SEGMENT_C;BRAND_C2;1.370;335
2026;23;Kadin;SEGMENT_C;BRAND_C2;1.388;335
2026;24;Kadin;SEGMENT_C;BRAND_C2;1.392;335
2026;25;Kadin;SEGMENT_C;BRAND_C2;1.532;335
2026;26;Kadin;SEGMENT_C;BRAND_C2;1.582;334
2026;27;Kadin;SEGMENT_C;BRAND_C2;1.663;334
2026;28;Kadin;SEGMENT_C;BRAND_C2;1.648;334
2026;29;Kadin;SEGMENT_C;BRAND_C2;1.638;334
2026;30;Kadin;SEGMENT_C;BRAND_C2;1.644;333
2026;31;Kadin;SEGMENT_C;BRAND_C2;1.673;333
2026;32;Kadin;SEGMENT_C;BRAND_C2;1.770;333
2026;33;Kadin;SEGMENT_C;BRAND_C2;1.814;333
2026;34;Kadin;SEGMENT_C;BRAND_C2;1.734;333
2023;1;Kadin;SEGMENT_C;BRAND_C3;105;327
2023;2;Kadin;SEGMENT_C;BRAND_C3;98;327
2023;3;Kadin;SEGMENT_C;BRAND_C3;97;327
2023;4;Kadin;SEGMENT_C;BRAND_C3;95;327
2023;5;Kadin;SEGMENT_C;BRAND_C3;91;327
2023;6;Kadin;SEGMENT_C;BRAND_C3;114;328
2023;7;Kadin;SEGMENT_C;BRAND_C3;111;328
2023;8;Kadin;SEGMENT_C;BRAND_C3;121;328
2023;9;Kadin;SEGMENT_C;BRAND_C3;140;328
2023;10;Kadin;SEGMENT_C;BRAND_C3;162;329
2023;11;Kadin;SEGMENT_C;BRAND_C3;187;329
2023;12;Kadin;SEGMENT_C;BRAND_C3;233;329
2023;13;Kadin;SEGMENT_C;BRAND_C3;262;329
2023;14;Kadin;SEGMENT_C;BRAND_C3;269;330
2023;15;Kadin;SEGMENT_C;BRAND_C3;292;330
2023;16;Kadin;SEGMENT_C;BRAND_C3;350;330
2023;17;Kadin;SEGMENT_C;BRAND_C3;343;330
2023;18;Kadin;SEGMENT_C;BRAND_C3;359;330
2023;19;Kadin;SEGMENT_C;BRAND_C3;379;330
2023;20;Kadin;SEGMENT_C;BRAND_C3;429;331
2023;21;Kadin;SEGMENT_C;BRAND_C3;452;331
2023;22;Kadin;SEGMENT_C;BRAND_C3;503;331
2023;23;Kadin;SEGMENT_C;BRAND_C3;535;331
2023;24;Kadin;SEGMENT_C;BRAND_C3;590;331
2023;25;Kadin;SEGMENT_C;BRAND_C3;656;331
2023;26;Kadin;SEGMENT_C;BRAND_C3;653;331
2023;27;Kadin;SEGMENT_C;BRAND_C3;655;331
2023;28;Kadin;SEGMENT_C;BRAND_C3;689;331
2023;29;Kadin;SEGMENT_C;BRAND_C3;668;331
2023;30;Kadin;SEGMENT_C;BRAND_C3;643;331
2023;31;Kadin;SEGMENT_C;BRAND_C3;621;331
2023;32;Kadin;SEGMENT_C;BRAND_C3;651;331
2023;33;Kadin;SEGMENT_C;BRAND_C3;625;331
2023;34;Kadin;SEGMENT_C;BRAND_C3;614;331
2023;35;Kadin;SEGMENT_C;BRAND_C3;585;331
2023;36;Kadin;SEGMENT_C;BRAND_C3;577;331
2023;37;Kadin;SEGMENT_C;BRAND_C3;552;331
2023;38;Kadin;SEGMENT_C;BRAND_C3;531;331
2023;39;Kadin;SEGMENT_C;BRAND_C3;495;331
2023;40;Kadin;SEGMENT_C;BRAND_C3;464;331
2023;41;Kadin;SEGMENT_C;BRAND_C3;419;331
2023;42;Kadin;SEGMENT_C;BRAND_C3;387;331
2023;43;Kadin;SEGMENT_C;BRAND_C3;368;331
2023;44;Kadin;SEGMENT_C;BRAND_C3;337;331
2023;45;Kadin;SEGMENT_C;BRAND_C3;315;331
2023;46;Kadin;SEGMENT_C;BRAND_C3;275;330
2023;47;Kadin;SEGMENT_C;BRAND_C3;263;330
2023;48;Kadin;SEGMENT_C;BRAND_C3;239;330
2023;49;Kadin;SEGMENT_C;BRAND_C3;211;330
2023;50;Kadin;SEGMENT_C;BRAND_C3;189;330
2023;51;Kadin;SEGMENT_C;BRAND_C3;165;329
2023;52;Kadin;SEGMENT_C;BRAND_C3;144;329
2024;1;Kadin;SEGMENT_C;BRAND_C3;129;329
2024;2;Kadin;SEGMENT_C;BRAND_C3;122;329
2024;3;Kadin;SEGMENT_C;BRAND_C3;115;329
2024;4;Kadin;SEGMENT_C;BRAND_C3;109;328
2024;5;Kadin;SEGMENT_C;BRAND_C3;106;328
2024;6;Kadin;SEGMENT_C;BRAND_C3;111;328
2024;7;Kadin;SEGMENT_C;BRAND_C3;111;328
2024;8;Kadin;SEGMENT_C;BRAND_C3;122;327
2024;9;Kadin;SEGMENT_C;BRAND_C3;130;327
2024;10;Kadin;SEGMENT_C;BRAND_C3;139;327
2024;11;Kadin;SEGMENT_C;BRAND_C3;169;327
2024;12;Kadin;SEGMENT_C;BRAND_C3;233;327
2024;13;Kadin;SEGMENT_C;BRAND_C3;242;327
2024;14;Kadin;SEGMENT_C;BRAND_C3;265;327
2024;15;Kadin;SEGMENT_C;BRAND_C3;275;327
2024;16;Kadin;SEGMENT_C;BRAND_C3;332;326
2024;17;Kadin;SEGMENT_C;BRAND_C3;363;326
2024;18;Kadin;SEGMENT_C;BRAND_C3;396;326
2024;19;Kadin;SEGMENT_C;BRAND_C3;471;326
2024;20;Kadin;SEGMENT_C;BRAND_C3;478;326
2024;21;Kadin;SEGMENT_C;BRAND_C3;479;325
2024;22;Kadin;SEGMENT_C;BRAND_C3;486;325
2024;23;Kadin;SEGMENT_C;BRAND_C3;561;325
2024;24;Kadin;SEGMENT_C;BRAND_C3;584;325
2024;25;Kadin;SEGMENT_C;BRAND_C3;596;324
2024;26;Kadin;SEGMENT_C;BRAND_C3;595;324
2024;27;Kadin;SEGMENT_C;BRAND_C3;575;324
2024;28;Kadin;SEGMENT_C;BRAND_C3;574;324
2024;29;Kadin;SEGMENT_C;BRAND_C3;636;324
2024;30;Kadin;SEGMENT_C;BRAND_C3;677;324
2024;31;Kadin;SEGMENT_C;BRAND_C3;676;323
2024;32;Kadin;SEGMENT_C;BRAND_C3;679;323
2024;33;Kadin;SEGMENT_C;BRAND_C3;703;323
2024;34;Kadin;SEGMENT_C;BRAND_C3;653;323
2024;35;Kadin;SEGMENT_C;BRAND_C3;626;323
2024;36;Kadin;SEGMENT_C;BRAND_C3;617;323
2024;37;Kadin;SEGMENT_C;BRAND_C3;607;323
2024;38;Kadin;SEGMENT_C;BRAND_C3;559;323
2024;39;Kadin;SEGMENT_C;BRAND_C3;524;323
2024;40;Kadin;SEGMENT_C;BRAND_C3;485;323
2024;41;Kadin;SEGMENT_C;BRAND_C3;467;323
2024;42;Kadin;SEGMENT_C;BRAND_C3;436;323
2024;43;Kadin;SEGMENT_C;BRAND_C3;399;323
2024;44;Kadin;SEGMENT_C;BRAND_C3;388;323
2024;45;Kadin;SEGMENT_C;BRAND_C3;367;323
2024;46;Kadin;SEGMENT_C;BRAND_C3;334;323
2024;47;Kadin;SEGMENT_C;BRAND_C3;310;323
2024;48;Kadin;SEGMENT_C;BRAND_C3;283;323
2024;49;Kadin;SEGMENT_C;BRAND_C3;247;323
2024;50;Kadin;SEGMENT_C;BRAND_C3;220;323
2024;51;Kadin;SEGMENT_C;BRAND_C3;188;323
2024;52;Kadin;SEGMENT_C;BRAND_C3;169;323
2025;1;Kadin;SEGMENT_C;BRAND_C3;148;323
2025;2;Kadin;SEGMENT_C;BRAND_C3;135;323
2025;3;Kadin;SEGMENT_C;BRAND_C3;125;323
2025;4;Kadin;SEGMENT_C;BRAND_C3;116;323
2025;5;Kadin;SEGMENT_C;BRAND_C3;110;324
2025;6;Kadin;SEGMENT_C;BRAND_C3;115;324
2025;7;Kadin;SEGMENT_C;BRAND_C3;132;324
2025;8;Kadin;SEGMENT_C;BRAND_C3;143;324
2025;9;Kadin;SEGMENT_C;BRAND_C3;152;324
2025;10;Kadin;SEGMENT_C;BRAND_C3;186;325
2025;11;Kadin;SEGMENT_C;BRAND_C3;191;325
2025;12;Kadin;SEGMENT_C;BRAND_C3;212;325
2025;13;Kadin;SEGMENT_C;BRAND_C3;247;325
2025;14;Kadin;SEGMENT_C;BRAND_C3;313;325
2025;15;Kadin;SEGMENT_C;BRAND_C3;341;326
2025;16;Kadin;SEGMENT_C;BRAND_C3;348;326
2025;17;Kadin;SEGMENT_C;BRAND_C3;360;326
2025;18;Kadin;SEGMENT_C;BRAND_C3;421;326
2025;19;Kadin;SEGMENT_C;BRAND_C3;456;327
2025;20;Kadin;SEGMENT_C;BRAND_C3;537;327
2025;21;Kadin;SEGMENT_C;BRAND_C3;552;327
2025;22;Kadin;SEGMENT_C;BRAND_C3;558;327
2025;23;Kadin;SEGMENT_C;BRAND_C3;585;327
2025;24;Kadin;SEGMENT_C;BRAND_C3;591;327
2025;25;Kadin;SEGMENT_C;BRAND_C3;625;327
2025;26;Kadin;SEGMENT_C;BRAND_C3;631;327
2025;27;Kadin;SEGMENT_C;BRAND_C3;603;328
2025;28;Kadin;SEGMENT_C;BRAND_C3;633;328
2025;29;Kadin;SEGMENT_C;BRAND_C3;665;328
2025;30;Kadin;SEGMENT_C;BRAND_C3;726;328
2025;31;Kadin;SEGMENT_C;BRAND_C3;706;329
2025;32;Kadin;SEGMENT_C;BRAND_C3;661;329
2025;33;Kadin;SEGMENT_C;BRAND_C3;681;329
2025;34;Kadin;SEGMENT_C;BRAND_C3;670;329
2025;35;Kadin;SEGMENT_C;BRAND_C3;651;329
2025;36;Kadin;SEGMENT_C;BRAND_C3;620;330
2025;37;Kadin;SEGMENT_C;BRAND_C3;594;330
2025;38;Kadin;SEGMENT_C;BRAND_C3;585;330
2025;39;Kadin;SEGMENT_C;BRAND_C3;557;330
2025;40;Kadin;SEGMENT_C;BRAND_C3;533;330
2025;41;Kadin;SEGMENT_C;BRAND_C3;481;330
2025;42;Kadin;SEGMENT_C;BRAND_C3;435;331
2025;43;Kadin;SEGMENT_C;BRAND_C3;391;331
2025;44;Kadin;SEGMENT_C;BRAND_C3;357;331
2025;45;Kadin;SEGMENT_C;BRAND_C3;322;331
2025;46;Kadin;SEGMENT_C;BRAND_C3;289;331
2025;47;Kadin;SEGMENT_C;BRAND_C3;271;331
2025;48;Kadin;SEGMENT_C;BRAND_C3;251;331
2025;49;Kadin;SEGMENT_C;BRAND_C3;222;331
2025;50;Kadin;SEGMENT_C;BRAND_C3;190;331
2025;51;Kadin;SEGMENT_C;BRAND_C3;169;331
2025;52;Kadin;SEGMENT_C;BRAND_C3;159;331
2026;1;Kadin;SEGMENT_C;BRAND_C3;146;331
2026;2;Kadin;SEGMENT_C;BRAND_C3;131;331
2026;3;Kadin;SEGMENT_C;BRAND_C3;120;331
2026;4;Kadin;SEGMENT_C;BRAND_C3;117;331
2026;5;Kadin;SEGMENT_C;BRAND_C3;118;331
2026;6;Kadin;SEGMENT_C;BRAND_C3;118;331
2026;7;Kadin;SEGMENT_C;BRAND_C3;132;331
2026;8;Kadin;SEGMENT_C;BRAND_C3;152;331
2026;9;Kadin;SEGMENT_C;BRAND_C3;168;331
2026;10;Kadin;SEGMENT_C;BRAND_C3;200;331
2026;11;Kadin;SEGMENT_C;BRAND_C3;200;331
2026;12;Kadin;SEGMENT_C;BRAND_C3;232;331
2026;13;Kadin;SEGMENT_C;BRAND_C3;244;331
2026;14;Kadin;SEGMENT_C;BRAND_C3;304;331
2026;15;Kadin;SEGMENT_C;BRAND_C3;313;330
2026;16;Kadin;SEGMENT_C;BRAND_C3;324;330
2026;17;Kadin;SEGMENT_C;BRAND_C3;345;330
2026;18;Kadin;SEGMENT_C;BRAND_C3;374;330
2026;19;Kadin;SEGMENT_C;BRAND_C3;388;330
2026;20;Kadin;SEGMENT_C;BRAND_C3;396;330
2026;21;Kadin;SEGMENT_C;BRAND_C3;443;329
2026;22;Kadin;SEGMENT_C;BRAND_C3;461;329
2026;23;Kadin;SEGMENT_C;BRAND_C3;493;329
2026;24;Kadin;SEGMENT_C;BRAND_C3;561;329
2026;25;Kadin;SEGMENT_C;BRAND_C3;581;329
2026;26;Kadin;SEGMENT_C;BRAND_C3;595;328
2026;27;Kadin;SEGMENT_C;BRAND_C3;570;328
2026;28;Kadin;SEGMENT_C;BRAND_C3;653;328
2026;29;Kadin;SEGMENT_C;BRAND_C3;626;328
2026;30;Kadin;SEGMENT_C;BRAND_C3;669;327
2026;31;Kadin;SEGMENT_C;BRAND_C3;681;327
2026;32;Kadin;SEGMENT_C;BRAND_C3;698;327
2026;33;Kadin;SEGMENT_C;BRAND_C3;662;327
2026;34;Kadin;SEGMENT_C;BRAND_C3;666;327
2023;1;Kadin;SEGMENT_C;BRAND_C4;190;285
2023;2;Kadin;SEGMENT_C;BRAND_C4;201;285
2023;3;Kadin;SEGMENT_C;BRAND_C4;202;285
2023;4;Kadin;SEGMENT_C;BRAND_C4;238;285
2023;5;Kadin;SEGMENT_C;BRAND_C4;251;285
2023;6;Kadin;SEGMENT_C;BRAND_C4;291;286
2023;7;Kadin;SEGMENT_C;BRAND_C4;367;286
2023;8;Kadin;SEGMENT_C;BRAND_C4;393;286
2023;9;Kadin;SEGMENT_C;BRAND_C4;446;286
2023;10;Kadin;SEGMENT_C;BRAND_C4;505;287
2023;11;Kadin;SEGMENT_C;BRAND_C4;641;287
2023;12;Kadin;SEGMENT_C;BRAND_C4;773;287
2023;13;Kadin;SEGMENT_C;BRAND_C4;857;287
2023;14;Kadin;SEGMENT_C;BRAND_C4;869;288
2023;15;Kadin;SEGMENT_C;BRAND_C4;968;288
2023;16;Kadin;SEGMENT_C;BRAND_C4;977;288
2023;17;Kadin;SEGMENT_C;BRAND_C4;1.048;288
2023;18;Kadin;SEGMENT_C;BRAND_C4;1.148;288
2023;19;Kadin;SEGMENT_C;BRAND_C4;1.364;288
2023;20;Kadin;SEGMENT_C;BRAND_C4;1.589;289
2023;21;Kadin;SEGMENT_C;BRAND_C4;1.743;289
2023;22;Kadin;SEGMENT_C;BRAND_C4;1.752;289
2023;23;Kadin;SEGMENT_C;BRAND_C4;1.749;289
2023;24;Kadin;SEGMENT_C;BRAND_C4;2.002;289
2023;25;Kadin;SEGMENT_C;BRAND_C4;2.049;289
2023;26;Kadin;SEGMENT_C;BRAND_C4;1.999;289
2023;27;Kadin;SEGMENT_C;BRAND_C4;2.002;289
2023;28;Kadin;SEGMENT_C;BRAND_C4;2.220;289
2023;29;Kadin;SEGMENT_C;BRAND_C4;2.158;289
2023;30;Kadin;SEGMENT_C;BRAND_C4;2.181;289
2023;31;Kadin;SEGMENT_C;BRAND_C4;2.361;289
2023;32;Kadin;SEGMENT_C;BRAND_C4;2.314;289
2023;33;Kadin;SEGMENT_C;BRAND_C4;2.223;289
2023;34;Kadin;SEGMENT_C;BRAND_C4;2.185;289
2023;35;Kadin;SEGMENT_C;BRAND_C4;2.242;289
2023;36;Kadin;SEGMENT_C;BRAND_C4;2.194;289
2023;37;Kadin;SEGMENT_C;BRAND_C4;2.160;289
2023;38;Kadin;SEGMENT_C;BRAND_C4;2.061;289
2023;39;Kadin;SEGMENT_C;BRAND_C4;1.911;289
2023;40;Kadin;SEGMENT_C;BRAND_C4;1.830;289
2023;41;Kadin;SEGMENT_C;BRAND_C4;1.724;289
2023;42;Kadin;SEGMENT_C;BRAND_C4;1.673;289
2023;43;Kadin;SEGMENT_C;BRAND_C4;1.497;289
2023;44;Kadin;SEGMENT_C;BRAND_C4;1.336;289
2023;45;Kadin;SEGMENT_C;BRAND_C4;1.172;289
2023;46;Kadin;SEGMENT_C;BRAND_C4;1.076;288
2023;47;Kadin;SEGMENT_C;BRAND_C4;968;288
2023;48;Kadin;SEGMENT_C;BRAND_C4;861;288
2023;49;Kadin;SEGMENT_C;BRAND_C4;770;288
2023;50;Kadin;SEGMENT_C;BRAND_C4;694;288
2023;51;Kadin;SEGMENT_C;BRAND_C4;623;287
2023;52;Kadin;SEGMENT_C;BRAND_C4;535;287
2024;1;Kadin;SEGMENT_C;BRAND_C4;464;287
2024;2;Kadin;SEGMENT_C;BRAND_C4;432;287
2024;3;Kadin;SEGMENT_C;BRAND_C4;390;287
2024;4;Kadin;SEGMENT_C;BRAND_C4;371;286
2024;5;Kadin;SEGMENT_C;BRAND_C4;387;286
2024;6;Kadin;SEGMENT_C;BRAND_C4;424;286
2024;7;Kadin;SEGMENT_C;BRAND_C4;434;286
2024;8;Kadin;SEGMENT_C;BRAND_C4;434;285
2024;9;Kadin;SEGMENT_C;BRAND_C4;458;285
2024;10;Kadin;SEGMENT_C;BRAND_C4;551;285
2024;11;Kadin;SEGMENT_C;BRAND_C4;605;285
2024;12;Kadin;SEGMENT_C;BRAND_C4;727;285
2024;13;Kadin;SEGMENT_C;BRAND_C4;877;285
2024;14;Kadin;SEGMENT_C;BRAND_C4;985;285
2024;15;Kadin;SEGMENT_C;BRAND_C4;1.013;285
2024;16;Kadin;SEGMENT_C;BRAND_C4;1.241;284
2024;17;Kadin;SEGMENT_C;BRAND_C4;1.313;284
2024;18;Kadin;SEGMENT_C;BRAND_C4;1.425;284
2024;19;Kadin;SEGMENT_C;BRAND_C4;1.424;284
2024;20;Kadin;SEGMENT_C;BRAND_C4;1.528;284
2024;21;Kadin;SEGMENT_C;BRAND_C4;1.579;283
2024;22;Kadin;SEGMENT_C;BRAND_C4;1.575;283
2024;23;Kadin;SEGMENT_C;BRAND_C4;1.615;283
2024;24;Kadin;SEGMENT_C;BRAND_C4;1.800;283
2024;25;Kadin;SEGMENT_C;BRAND_C4;1.844;282
2024;26;Kadin;SEGMENT_C;BRAND_C4;1.904;282
2024;27;Kadin;SEGMENT_C;BRAND_C4;2.047;282
2024;28;Kadin;SEGMENT_C;BRAND_C4;2.197;282
2024;29;Kadin;SEGMENT_C;BRAND_C4;2.193;282
2024;30;Kadin;SEGMENT_C;BRAND_C4;2.287;282
2024;31;Kadin;SEGMENT_C;BRAND_C4;2.222;281
2024;32;Kadin;SEGMENT_C;BRAND_C4;2.087;281
2024;33;Kadin;SEGMENT_C;BRAND_C4;2.082;281
2024;34;Kadin;SEGMENT_C;BRAND_C4;2.013;281
2024;35;Kadin;SEGMENT_C;BRAND_C4;1.891;281
2024;36;Kadin;SEGMENT_C;BRAND_C4;1.814;281
2024;37;Kadin;SEGMENT_C;BRAND_C4;1.670;281
2024;38;Kadin;SEGMENT_C;BRAND_C4;1.537;281
2024;39;Kadin;SEGMENT_C;BRAND_C4;1.623;281
2024;40;Kadin;SEGMENT_C;BRAND_C4;1.554;281
2024;41;Kadin;SEGMENT_C;BRAND_C4;1.544;281
2024;42;Kadin;SEGMENT_C;BRAND_C4;1.448;281
2024;43;Kadin;SEGMENT_C;BRAND_C4;1.333;281
2024;44;Kadin;SEGMENT_C;BRAND_C4;1.214;281
2024;45;Kadin;SEGMENT_C;BRAND_C4;1.146;281
2024;46;Kadin;SEGMENT_C;BRAND_C4;1.008;281
2024;47;Kadin;SEGMENT_C;BRAND_C4;944;281
2024;48;Kadin;SEGMENT_C;BRAND_C4;836;281
2024;49;Kadin;SEGMENT_C;BRAND_C4;754;281
2024;50;Kadin;SEGMENT_C;BRAND_C4;676;281
2024;51;Kadin;SEGMENT_C;BRAND_C4;592;281
2024;52;Kadin;SEGMENT_C;BRAND_C4;529;281
2025;1;Kadin;SEGMENT_C;BRAND_C4;476;281
2025;2;Kadin;SEGMENT_C;BRAND_C4;437;281
2025;3;Kadin;SEGMENT_C;BRAND_C4;419;281
2025;4;Kadin;SEGMENT_C;BRAND_C4;389;281
2025;5;Kadin;SEGMENT_C;BRAND_C4;389;282
2025;6;Kadin;SEGMENT_C;BRAND_C4;368;282
2025;7;Kadin;SEGMENT_C;BRAND_C4;390;282
2025;8;Kadin;SEGMENT_C;BRAND_C4;399;282
2025;9;Kadin;SEGMENT_C;BRAND_C4;447;282
2025;10;Kadin;SEGMENT_C;BRAND_C4;478;283
2025;11;Kadin;SEGMENT_C;BRAND_C4;643;283
2025;12;Kadin;SEGMENT_C;BRAND_C4;703;283
2025;13;Kadin;SEGMENT_C;BRAND_C4;751;283
2025;14;Kadin;SEGMENT_C;BRAND_C4;888;283
2025;15;Kadin;SEGMENT_C;BRAND_C4;946;284
2025;16;Kadin;SEGMENT_C;BRAND_C4;1.102;284
2025;17;Kadin;SEGMENT_C;BRAND_C4;1.270;284
2025;18;Kadin;SEGMENT_C;BRAND_C4;1.244;284
2025;19;Kadin;SEGMENT_C;BRAND_C4;1.351;285
2025;20;Kadin;SEGMENT_C;BRAND_C4;1.431;285
2025;21;Kadin;SEGMENT_C;BRAND_C4;1.563;285
2025;22;Kadin;SEGMENT_C;BRAND_C4;1.676;285
2025;23;Kadin;SEGMENT_C;BRAND_C4;1.727;285
2025;24;Kadin;SEGMENT_C;BRAND_C4;1.808;285
2025;25;Kadin;SEGMENT_C;BRAND_C4;1.797;285
2025;26;Kadin;SEGMENT_C;BRAND_C4;1.855;285
2025;27;Kadin;SEGMENT_C;BRAND_C4;1.929;286
2025;28;Kadin;SEGMENT_C;BRAND_C4;1.909;286
2025;29;Kadin;SEGMENT_C;BRAND_C4;2.015;286
2025;30;Kadin;SEGMENT_C;BRAND_C4;2.056;286
2025;31;Kadin;SEGMENT_C;BRAND_C4;2.019;287
2025;32;Kadin;SEGMENT_C;BRAND_C4;2.094;287
2025;33;Kadin;SEGMENT_C;BRAND_C4;2.201;287
2025;34;Kadin;SEGMENT_C;BRAND_C4;2.237;287
2025;35;Kadin;SEGMENT_C;BRAND_C4;2.145;287
2025;36;Kadin;SEGMENT_C;BRAND_C4;2.044;288
2025;37;Kadin;SEGMENT_C;BRAND_C4;1.944;288
2025;38;Kadin;SEGMENT_C;BRAND_C4;1.857;288
2025;39;Kadin;SEGMENT_C;BRAND_C4;1.704;288
2025;40;Kadin;SEGMENT_C;BRAND_C4;1.702;288
2025;41;Kadin;SEGMENT_C;BRAND_C4;1.585;288
2025;42;Kadin;SEGMENT_C;BRAND_C4;1.440;289
2025;43;Kadin;SEGMENT_C;BRAND_C4;1.358;289
2025;44;Kadin;SEGMENT_C;BRAND_C4;1.214;289
2025;45;Kadin;SEGMENT_C;BRAND_C4;1.066;289
2025;46;Kadin;SEGMENT_C;BRAND_C4;949;289
2025;47;Kadin;SEGMENT_C;BRAND_C4;897;289
2025;48;Kadin;SEGMENT_C;BRAND_C4;851;289
2025;49;Kadin;SEGMENT_C;BRAND_C4;769;289
2025;50;Kadin;SEGMENT_C;BRAND_C4;687;289
2025;51;Kadin;SEGMENT_C;BRAND_C4;619;289
2025;52;Kadin;SEGMENT_C;BRAND_C4;557;289
2026;1;Kadin;SEGMENT_C;BRAND_C4;505;289
2026;2;Kadin;SEGMENT_C;BRAND_C4;463;289
2026;3;Kadin;SEGMENT_C;BRAND_C4;413;289
2026;4;Kadin;SEGMENT_C;BRAND_C4;394;289
2026;5;Kadin;SEGMENT_C;BRAND_C4;414;289
2026;6;Kadin;SEGMENT_C;BRAND_C4;411;289
2026;7;Kadin;SEGMENT_C;BRAND_C4;407;289
2026;8;Kadin;SEGMENT_C;BRAND_C4;412;289
2026;9;Kadin;SEGMENT_C;BRAND_C4;450;289
2026;10;Kadin;SEGMENT_C;BRAND_C4;566;289
2026;11;Kadin;SEGMENT_C;BRAND_C4;679;289
2026;12;Kadin;SEGMENT_C;BRAND_C4;802;289
2026;13;Kadin;SEGMENT_C;BRAND_C4;935;289
2026;14;Kadin;SEGMENT_C;BRAND_C4;1.081;289
2026;15;Kadin;SEGMENT_C;BRAND_C4;1.133;288
2026;16;Kadin;SEGMENT_C;BRAND_C4;1.138;288
2026;17;Kadin;SEGMENT_C;BRAND_C4;1.327;288
2026;18;Kadin;SEGMENT_C;BRAND_C4;1.328;288
2026;19;Kadin;SEGMENT_C;BRAND_C4;1.387;288
2026;20;Kadin;SEGMENT_C;BRAND_C4;1.537;288
2026;21;Kadin;SEGMENT_C;BRAND_C4;1.586;287
2026;22;Kadin;SEGMENT_C;BRAND_C4;1.642;287
2026;23;Kadin;SEGMENT_C;BRAND_C4;1.748;287
2026;24;Kadin;SEGMENT_C;BRAND_C4;2.049;287
2026;25;Kadin;SEGMENT_C;BRAND_C4;2.149;287
2026;26;Kadin;SEGMENT_C;BRAND_C4;2.134;286
2026;27;Kadin;SEGMENT_C;BRAND_C4;2.161;286
2026;28;Kadin;SEGMENT_C;BRAND_C4;2.211;286
2026;29;Kadin;SEGMENT_C;BRAND_C4;2.204;286
2026;30;Kadin;SEGMENT_C;BRAND_C4;2.418;285
2026;31;Kadin;SEGMENT_C;BRAND_C4;2.483;285
2026;32;Kadin;SEGMENT_C;BRAND_C4;2.371;285
2026;33;Kadin;SEGMENT_C;BRAND_C4;2.321;285
2026;34;Kadin;SEGMENT_C;BRAND_C4;2.224;285
2023;1;Kadin;SEGMENT_D;BRAND_D1;979;180
2023;2;Kadin;SEGMENT_D;BRAND_D1;984;180
2023;3;Kadin;SEGMENT_D;BRAND_D1;1.140;180
2023;4;Kadin;SEGMENT_D;BRAND_D1;1.148;180
2023;5;Kadin;SEGMENT_D;BRAND_D1;1.084;180
2023;6;Kadin;SEGMENT_D;BRAND_D1;1.082;181
2023;7;Kadin;SEGMENT_D;BRAND_D1;1.245;181
2023;8;Kadin;SEGMENT_D;BRAND_D1;1.258;181
2023;9;Kadin;SEGMENT_D;BRAND_D1;1.303;181
2023;10;Kadin;SEGMENT_D;BRAND_D1;1.352;182
2023;11;Kadin;SEGMENT_D;BRAND_D1;1.318;182
2023;12;Kadin;SEGMENT_D;BRAND_D1;1.411;182
2023;13;Kadin;SEGMENT_D;BRAND_D1;1.372;182
2023;14;Kadin;SEGMENT_D;BRAND_D1;1.379;183
2023;15;Kadin;SEGMENT_D;BRAND_D1;1.462;183
2023;16;Kadin;SEGMENT_D;BRAND_D1;1.469;183
2023;17;Kadin;SEGMENT_D;BRAND_D1;1.491;183
2023;18;Kadin;SEGMENT_D;BRAND_D1;1.515;183
2023;19;Kadin;SEGMENT_D;BRAND_D1;1.522;183
2023;20;Kadin;SEGMENT_D;BRAND_D1;1.513;184
2023;21;Kadin;SEGMENT_D;BRAND_D1;1.485;184
2023;22;Kadin;SEGMENT_D;BRAND_D1;1.365;184
2023;23;Kadin;SEGMENT_D;BRAND_D1;1.518;184
2023;24;Kadin;SEGMENT_D;BRAND_D1;1.430;184
2023;25;Kadin;SEGMENT_D;BRAND_D1;1.507;184
2023;26;Kadin;SEGMENT_D;BRAND_D1;1.531;184
2023;27;Kadin;SEGMENT_D;BRAND_D1;1.635;184
2023;28;Kadin;SEGMENT_D;BRAND_D1;1.551;184
2023;29;Kadin;SEGMENT_D;BRAND_D1;1.600;184
2023;30;Kadin;SEGMENT_D;BRAND_D1;1.610;184
2023;31;Kadin;SEGMENT_D;BRAND_D1;1.600;184
2023;32;Kadin;SEGMENT_D;BRAND_D1;1.624;184
2023;33;Kadin;SEGMENT_D;BRAND_D1;1.613;184
2023;34;Kadin;SEGMENT_D;BRAND_D1;1.519;184
2023;35;Kadin;SEGMENT_D;BRAND_D1;1.474;184
2023;36;Kadin;SEGMENT_D;BRAND_D1;1.521;184
2023;37;Kadin;SEGMENT_D;BRAND_D1;1.476;184
2023;38;Kadin;SEGMENT_D;BRAND_D1;1.442;184
2023;39;Kadin;SEGMENT_D;BRAND_D1;1.549;184
2023;40;Kadin;SEGMENT_D;BRAND_D1;1.486;184
2023;41;Kadin;SEGMENT_D;BRAND_D1;1.566;184
2023;42;Kadin;SEGMENT_D;BRAND_D1;1.482;184
2023;43;Kadin;SEGMENT_D;BRAND_D1;1.497;184
2023;44;Kadin;SEGMENT_D;BRAND_D1;1.506;184
2023;45;Kadin;SEGMENT_D;BRAND_D1;1.505;184
2023;46;Kadin;SEGMENT_D;BRAND_D1;1.437;183
2023;47;Kadin;SEGMENT_D;BRAND_D1;1.613;183
2023;48;Kadin;SEGMENT_D;BRAND_D1;1.732;183
2023;49;Kadin;SEGMENT_D;BRAND_D1;1.684;183
2023;50;Kadin;SEGMENT_D;BRAND_D1;1.641;183
2023;51;Kadin;SEGMENT_D;BRAND_D1;1.547;182
2023;52;Kadin;SEGMENT_D;BRAND_D1;1.556;182
2024;1;Kadin;SEGMENT_D;BRAND_D1;1.524;182
2024;2;Kadin;SEGMENT_D;BRAND_D1;1.498;182
2024;3;Kadin;SEGMENT_D;BRAND_D1;1.448;182
2024;4;Kadin;SEGMENT_D;BRAND_D1;1.452;181
2024;5;Kadin;SEGMENT_D;BRAND_D1;1.365;181
2024;6;Kadin;SEGMENT_D;BRAND_D1;1.376;181
2024;7;Kadin;SEGMENT_D;BRAND_D1;1.380;181
2024;8;Kadin;SEGMENT_D;BRAND_D1;1.404;180
2024;9;Kadin;SEGMENT_D;BRAND_D1;1.523;180
2024;10;Kadin;SEGMENT_D;BRAND_D1;1.613;180
2024;11;Kadin;SEGMENT_D;BRAND_D1;1.635;180
2024;12;Kadin;SEGMENT_D;BRAND_D1;1.626;180
2024;13;Kadin;SEGMENT_D;BRAND_D1;1.581;180
2024;14;Kadin;SEGMENT_D;BRAND_D1;1.625;180
2024;15;Kadin;SEGMENT_D;BRAND_D1;1.755;180
2024;16;Kadin;SEGMENT_D;BRAND_D1;1.728;179
2024;17;Kadin;SEGMENT_D;BRAND_D1;1.734;179
2024;18;Kadin;SEGMENT_D;BRAND_D1;1.668;179
2024;19;Kadin;SEGMENT_D;BRAND_D1;1.586;179
2024;20;Kadin;SEGMENT_D;BRAND_D1;1.654;179
2024;21;Kadin;SEGMENT_D;BRAND_D1;1.762;178
2024;22;Kadin;SEGMENT_D;BRAND_D1;1.843;178
2024;23;Kadin;SEGMENT_D;BRAND_D1;1.969;178
2024;24;Kadin;SEGMENT_D;BRAND_D1;1.960;178
2024;25;Kadin;SEGMENT_D;BRAND_D1;1.971;177
2024;26;Kadin;SEGMENT_D;BRAND_D1;1.861;177
2024;27;Kadin;SEGMENT_D;BRAND_D1;1.965;177
2024;28;Kadin;SEGMENT_D;BRAND_D1;1.882;177
2024;29;Kadin;SEGMENT_D;BRAND_D1;1.824;177
2024;30;Kadin;SEGMENT_D;BRAND_D1;1.957;177
2024;31;Kadin;SEGMENT_D;BRAND_D1;1.840;176
2024;32;Kadin;SEGMENT_D;BRAND_D1;1.790;176
2024;33;Kadin;SEGMENT_D;BRAND_D1;1.769;176
2024;34;Kadin;SEGMENT_D;BRAND_D1;1.769;176
2024;35;Kadin;SEGMENT_D;BRAND_D1;1.822;176
2024;36;Kadin;SEGMENT_D;BRAND_D1;1.842;176
2024;37;Kadin;SEGMENT_D;BRAND_D1;1.885;176
2024;38;Kadin;SEGMENT_D;BRAND_D1;1.770;176
2024;39;Kadin;SEGMENT_D;BRAND_D1;1.789;176
2024;40;Kadin;SEGMENT_D;BRAND_D1;1.802;176
2024;41;Kadin;SEGMENT_D;BRAND_D1;1.668;176
2024;42;Kadin;SEGMENT_D;BRAND_D1;1.729;176
2024;43;Kadin;SEGMENT_D;BRAND_D1;1.703;176
2024;44;Kadin;SEGMENT_D;BRAND_D1;1.639;176
2024;45;Kadin;SEGMENT_D;BRAND_D1;1.729;176
2024;46;Kadin;SEGMENT_D;BRAND_D1;1.709;176
2024;47;Kadin;SEGMENT_D;BRAND_D1;1.829;176
2024;48;Kadin;SEGMENT_D;BRAND_D1;2.039;176
2024;49;Kadin;SEGMENT_D;BRAND_D1;1.875;176
2024;50;Kadin;SEGMENT_D;BRAND_D1;1.690;176
2024;51;Kadin;SEGMENT_D;BRAND_D1;1.668;176
2024;52;Kadin;SEGMENT_D;BRAND_D1;1.666;176
2025;1;Kadin;SEGMENT_D;BRAND_D1;1.622;176
2025;2;Kadin;SEGMENT_D;BRAND_D1;1.686;176
2025;3;Kadin;SEGMENT_D;BRAND_D1;1.744;176
2025;4;Kadin;SEGMENT_D;BRAND_D1;1.918;176
2025;5;Kadin;SEGMENT_D;BRAND_D1;1.803;177
2025;6;Kadin;SEGMENT_D;BRAND_D1;1.858;177
2025;7;Kadin;SEGMENT_D;BRAND_D1;1.922;177
2025;8;Kadin;SEGMENT_D;BRAND_D1;1.853;177
2025;9;Kadin;SEGMENT_D;BRAND_D1;1.939;177
2025;10;Kadin;SEGMENT_D;BRAND_D1;1.985;178
2025;11;Kadin;SEGMENT_D;BRAND_D1;1.920;178
2025;12;Kadin;SEGMENT_D;BRAND_D1;1.831;178
2025;13;Kadin;SEGMENT_D;BRAND_D1;1.940;178
2025;14;Kadin;SEGMENT_D;BRAND_D1;1.916;178
2025;15;Kadin;SEGMENT_D;BRAND_D1;2.060;179
2025;16;Kadin;SEGMENT_D;BRAND_D1;2.078;179
2025;17;Kadin;SEGMENT_D;BRAND_D1;2.065;179
2025;18;Kadin;SEGMENT_D;BRAND_D1;2.042;179
2025;19;Kadin;SEGMENT_D;BRAND_D1;2.089;180
2025;20;Kadin;SEGMENT_D;BRAND_D1;2.108;180
2025;21;Kadin;SEGMENT_D;BRAND_D1;2.131;180
2025;22;Kadin;SEGMENT_D;BRAND_D1;2.092;180
2025;23;Kadin;SEGMENT_D;BRAND_D1;2.222;180
2025;24;Kadin;SEGMENT_D;BRAND_D1;2.232;180
2025;25;Kadin;SEGMENT_D;BRAND_D1;2.174;180
2025;26;Kadin;SEGMENT_D;BRAND_D1;2.184;180
2025;27;Kadin;SEGMENT_D;BRAND_D1;2.098;181
2025;28;Kadin;SEGMENT_D;BRAND_D1;2.156;181
2025;29;Kadin;SEGMENT_D;BRAND_D1;2.136;181
2025;30;Kadin;SEGMENT_D;BRAND_D1;2.214;181
2025;31;Kadin;SEGMENT_D;BRAND_D1;2.114;182
2025;32;Kadin;SEGMENT_D;BRAND_D1;1.999;182
2025;33;Kadin;SEGMENT_D;BRAND_D1;1.949;182
2025;34;Kadin;SEGMENT_D;BRAND_D1;1.818;182
2025;35;Kadin;SEGMENT_D;BRAND_D1;1.926;182
2025;36;Kadin;SEGMENT_D;BRAND_D1;1.942;183
2025;37;Kadin;SEGMENT_D;BRAND_D1;2.068;183
2025;38;Kadin;SEGMENT_D;BRAND_D1;1.985;183
2025;39;Kadin;SEGMENT_D;BRAND_D1;1.924;183
2025;40;Kadin;SEGMENT_D;BRAND_D1;1.898;183
2025;41;Kadin;SEGMENT_D;BRAND_D1;1.806;183
2025;42;Kadin;SEGMENT_D;BRAND_D1;1.959;184
2025;43;Kadin;SEGMENT_D;BRAND_D1;1.953;184
2025;44;Kadin;SEGMENT_D;BRAND_D1;1.984;184
2025;45;Kadin;SEGMENT_D;BRAND_D1;1.972;184
2025;46;Kadin;SEGMENT_D;BRAND_D1;1.916;184
2025;47;Kadin;SEGMENT_D;BRAND_D1;2.189;184
2025;48;Kadin;SEGMENT_D;BRAND_D1;2.384;184
2025;49;Kadin;SEGMENT_D;BRAND_D1;2.270;184
2025;50;Kadin;SEGMENT_D;BRAND_D1;2.262;184
2025;51;Kadin;SEGMENT_D;BRAND_D1;2.238;184
2025;52;Kadin;SEGMENT_D;BRAND_D1;2.176;184
2026;1;Kadin;SEGMENT_D;BRAND_D1;2.113;184
2026;2;Kadin;SEGMENT_D;BRAND_D1;1.969;184
2026;3;Kadin;SEGMENT_D;BRAND_D1;1.862;184
2026;4;Kadin;SEGMENT_D;BRAND_D1;1.879;184
2026;5;Kadin;SEGMENT_D;BRAND_D1;1.792;184
2026;6;Kadin;SEGMENT_D;BRAND_D1;1.810;184
2026;7;Kadin;SEGMENT_D;BRAND_D1;1.865;184
2026;8;Kadin;SEGMENT_D;BRAND_D1;1.785;184
2026;9;Kadin;SEGMENT_D;BRAND_D1;1.817;184
2026;10;Kadin;SEGMENT_D;BRAND_D1;1.802;184
2026;11;Kadin;SEGMENT_D;BRAND_D1;1.866;184
2026;12;Kadin;SEGMENT_D;BRAND_D1;1.870;184
2026;13;Kadin;SEGMENT_D;BRAND_D1;2.088;184
2026;14;Kadin;SEGMENT_D;BRAND_D1;2.096;184
2026;15;Kadin;SEGMENT_D;BRAND_D1;2.122;183
2026;16;Kadin;SEGMENT_D;BRAND_D1;2.225;183
2026;17;Kadin;SEGMENT_D;BRAND_D1;2.117;183
2026;18;Kadin;SEGMENT_D;BRAND_D1;2.137;183
2026;19;Kadin;SEGMENT_D;BRAND_D1;2.157;183
2026;20;Kadin;SEGMENT_D;BRAND_D1;2.241;183
2026;21;Kadin;SEGMENT_D;BRAND_D1;2.224;182
2026;22;Kadin;SEGMENT_D;BRAND_D1;2.228;182
2026;23;Kadin;SEGMENT_D;BRAND_D1;2.197;182
2026;24;Kadin;SEGMENT_D;BRAND_D1;2.088;182
2026;25;Kadin;SEGMENT_D;BRAND_D1;2.142;182
2026;26;Kadin;SEGMENT_D;BRAND_D1;2.122;181
2026;27;Kadin;SEGMENT_D;BRAND_D1;2.188;181
2026;28;Kadin;SEGMENT_D;BRAND_D1;2.060;181
2026;29;Kadin;SEGMENT_D;BRAND_D1;2.194;181
2026;30;Kadin;SEGMENT_D;BRAND_D1;2.264;180
2026;31;Kadin;SEGMENT_D;BRAND_D1;2.177;180
2026;32;Kadin;SEGMENT_D;BRAND_D1;2.129;180
2026;33;Kadin;SEGMENT_D;BRAND_D1;2.015;180
2026;34;Kadin;SEGMENT_D;BRAND_D1;1.999;180
2023;1;Kadin;SEGMENT_D;BRAND_D2;1.977;239
2023;2;Kadin;SEGMENT_D;BRAND_D2;1.986;239
2023;3;Kadin;SEGMENT_D;BRAND_D2;1.981;239
2023;4;Kadin;SEGMENT_D;BRAND_D2;1.985;239
2023;5;Kadin;SEGMENT_D;BRAND_D2;1.978;239
2023;6;Kadin;SEGMENT_D;BRAND_D2;1.828;240
2023;7;Kadin;SEGMENT_D;BRAND_D2;1.920;240
2023;8;Kadin;SEGMENT_D;BRAND_D2;1.956;240
2023;9;Kadin;SEGMENT_D;BRAND_D2;1.852;240
2023;10;Kadin;SEGMENT_D;BRAND_D2;1.817;241
2023;11;Kadin;SEGMENT_D;BRAND_D2;1.919;241
2023;12;Kadin;SEGMENT_D;BRAND_D2;1.906;241
2023;13;Kadin;SEGMENT_D;BRAND_D2;1.958;241
2023;14;Kadin;SEGMENT_D;BRAND_D2;2.029;242
2023;15;Kadin;SEGMENT_D;BRAND_D2;2.202;242
2023;16;Kadin;SEGMENT_D;BRAND_D2;2.331;242
2023;17;Kadin;SEGMENT_D;BRAND_D2;2.334;242
2023;18;Kadin;SEGMENT_D;BRAND_D2;2.173;242
2023;19;Kadin;SEGMENT_D;BRAND_D2;2.144;242
2023;20;Kadin;SEGMENT_D;BRAND_D2;2.132;243
2023;21;Kadin;SEGMENT_D;BRAND_D2;1.974;243
2023;22;Kadin;SEGMENT_D;BRAND_D2;1.895;243
2023;23;Kadin;SEGMENT_D;BRAND_D2;1.845;243
2023;24;Kadin;SEGMENT_D;BRAND_D2;1.879;243
2023;25;Kadin;SEGMENT_D;BRAND_D2;2.007;243
2023;26;Kadin;SEGMENT_D;BRAND_D2;2.062;243
2023;27;Kadin;SEGMENT_D;BRAND_D2;2.087;243
2023;28;Kadin;SEGMENT_D;BRAND_D2;2.061;243
2023;29;Kadin;SEGMENT_D;BRAND_D2;1.937;243
2023;30;Kadin;SEGMENT_D;BRAND_D2;1.985;243
2023;31;Kadin;SEGMENT_D;BRAND_D2;1.955;243
2023;32;Kadin;SEGMENT_D;BRAND_D2;1.955;243
2023;33;Kadin;SEGMENT_D;BRAND_D2;1.895;243
2023;34;Kadin;SEGMENT_D;BRAND_D2;1.883;243
2023;35;Kadin;SEGMENT_D;BRAND_D2;1.898;243
2023;36;Kadin;SEGMENT_D;BRAND_D2;1.828;243
2023;37;Kadin;SEGMENT_D;BRAND_D2;1.938;243
2023;38;Kadin;SEGMENT_D;BRAND_D2;1.858;243
2023;39;Kadin;SEGMENT_D;BRAND_D2;1.776;243
2023;40;Kadin;SEGMENT_D;BRAND_D2;1.812;243
2023;41;Kadin;SEGMENT_D;BRAND_D2;1.949;243
2023;42;Kadin;SEGMENT_D;BRAND_D2;1.872;243
2023;43;Kadin;SEGMENT_D;BRAND_D2;1.917;243
2023;44;Kadin;SEGMENT_D;BRAND_D2;2.003;243
2023;45;Kadin;SEGMENT_D;BRAND_D2;1.956;243
2023;46;Kadin;SEGMENT_D;BRAND_D2;2.039;242
2023;47;Kadin;SEGMENT_D;BRAND_D2;2.243;242
2023;48;Kadin;SEGMENT_D;BRAND_D2;2.443;242
2023;49;Kadin;SEGMENT_D;BRAND_D2;2.402;242
2023;50;Kadin;SEGMENT_D;BRAND_D2;2.438;242
2023;51;Kadin;SEGMENT_D;BRAND_D2;2.389;241
2023;52;Kadin;SEGMENT_D;BRAND_D2;2.232;241
2024;1;Kadin;SEGMENT_D;BRAND_D2;2.190;241
2024;2;Kadin;SEGMENT_D;BRAND_D2;2.071;241
2024;3;Kadin;SEGMENT_D;BRAND_D2;1.945;241
2024;4;Kadin;SEGMENT_D;BRAND_D2;2.122;240
2024;5;Kadin;SEGMENT_D;BRAND_D2;2.060;240
2024;6;Kadin;SEGMENT_D;BRAND_D2;2.017;240
2024;7;Kadin;SEGMENT_D;BRAND_D2;2.017;240
2024;8;Kadin;SEGMENT_D;BRAND_D2;1.973;239
2024;9;Kadin;SEGMENT_D;BRAND_D2;2.035;239
2024;10;Kadin;SEGMENT_D;BRAND_D2;2.087;239
2024;11;Kadin;SEGMENT_D;BRAND_D2;2.150;239
2024;12;Kadin;SEGMENT_D;BRAND_D2;2.232;239
2024;13;Kadin;SEGMENT_D;BRAND_D2;2.212;239
2024;14;Kadin;SEGMENT_D;BRAND_D2;2.286;239
2024;15;Kadin;SEGMENT_D;BRAND_D2;2.212;239
2024;16;Kadin;SEGMENT_D;BRAND_D2;2.176;238
2024;17;Kadin;SEGMENT_D;BRAND_D2;2.183;238
2024;18;Kadin;SEGMENT_D;BRAND_D2;2.153;238
2024;19;Kadin;SEGMENT_D;BRAND_D2;2.305;238
2024;20;Kadin;SEGMENT_D;BRAND_D2;2.188;238
2024;21;Kadin;SEGMENT_D;BRAND_D2;2.244;237
2024;22;Kadin;SEGMENT_D;BRAND_D2;2.169;237
2024;23;Kadin;SEGMENT_D;BRAND_D2;2.200;237
2024;24;Kadin;SEGMENT_D;BRAND_D2;2.259;237
2024;25;Kadin;SEGMENT_D;BRAND_D2;2.401;236
2024;26;Kadin;SEGMENT_D;BRAND_D2;2.346;236
2024;27;Kadin;SEGMENT_D;BRAND_D2;2.342;236
2024;28;Kadin;SEGMENT_D;BRAND_D2;2.367;236
2024;29;Kadin;SEGMENT_D;BRAND_D2;2.408;236
2024;30;Kadin;SEGMENT_D;BRAND_D2;2.275;236
2024;31;Kadin;SEGMENT_D;BRAND_D2;2.135;235
2024;32;Kadin;SEGMENT_D;BRAND_D2;2.014;235
2024;33;Kadin;SEGMENT_D;BRAND_D2;2.167;235
2024;34;Kadin;SEGMENT_D;BRAND_D2;2.117;235
2024;35;Kadin;SEGMENT_D;BRAND_D2;2.027;235
2024;36;Kadin;SEGMENT_D;BRAND_D2;2.146;235
2024;37;Kadin;SEGMENT_D;BRAND_D2;2.268;235
2024;38;Kadin;SEGMENT_D;BRAND_D2;2.410;235
2024;39;Kadin;SEGMENT_D;BRAND_D2;2.331;235
2024;40;Kadin;SEGMENT_D;BRAND_D2;2.261;235
2024;41;Kadin;SEGMENT_D;BRAND_D2;2.126;235
2024;42;Kadin;SEGMENT_D;BRAND_D2;2.030;235
2024;43;Kadin;SEGMENT_D;BRAND_D2;1.983;235
2024;44;Kadin;SEGMENT_D;BRAND_D2;1.962;235
2024;45;Kadin;SEGMENT_D;BRAND_D2;2.031;235
2024;46;Kadin;SEGMENT_D;BRAND_D2;2.052;235
2024;47;Kadin;SEGMENT_D;BRAND_D2;2.109;235
2024;48;Kadin;SEGMENT_D;BRAND_D2;2.242;235
2024;49;Kadin;SEGMENT_D;BRAND_D2;2.182;235
2024;50;Kadin;SEGMENT_D;BRAND_D2;2.052;235
2024;51;Kadin;SEGMENT_D;BRAND_D2;2.042;235
2024;52;Kadin;SEGMENT_D;BRAND_D2;2.042;235
2025;1;Kadin;SEGMENT_D;BRAND_D2;2.013;235
2025;2;Kadin;SEGMENT_D;BRAND_D2;2.217;235
2025;3;Kadin;SEGMENT_D;BRAND_D2;2.206;235
2025;4;Kadin;SEGMENT_D;BRAND_D2;2.287;235
2025;5;Kadin;SEGMENT_D;BRAND_D2;2.227;236
2025;6;Kadin;SEGMENT_D;BRAND_D2;2.359;236
2025;7;Kadin;SEGMENT_D;BRAND_D2;2.323;236
2025;8;Kadin;SEGMENT_D;BRAND_D2;2.271;236
2025;9;Kadin;SEGMENT_D;BRAND_D2;2.329;236
2025;10;Kadin;SEGMENT_D;BRAND_D2;2.365;237
2025;11;Kadin;SEGMENT_D;BRAND_D2;2.274;237
2025;12;Kadin;SEGMENT_D;BRAND_D2;2.377;237
2025;13;Kadin;SEGMENT_D;BRAND_D2;2.380;237
2025;14;Kadin;SEGMENT_D;BRAND_D2;2.460;237
2025;15;Kadin;SEGMENT_D;BRAND_D2;2.550;238
2025;16;Kadin;SEGMENT_D;BRAND_D2;2.536;238
2025;17;Kadin;SEGMENT_D;BRAND_D2;2.665;238
2025;18;Kadin;SEGMENT_D;BRAND_D2;2.551;238
2025;19;Kadin;SEGMENT_D;BRAND_D2;2.549;239
2025;20;Kadin;SEGMENT_D;BRAND_D2;2.519;239
2025;21;Kadin;SEGMENT_D;BRAND_D2;2.587;239
2025;22;Kadin;SEGMENT_D;BRAND_D2;2.931;239
2025;23;Kadin;SEGMENT_D;BRAND_D2;3.014;239
2025;24;Kadin;SEGMENT_D;BRAND_D2;3.049;239
2025;25;Kadin;SEGMENT_D;BRAND_D2;3.028;239
2025;26;Kadin;SEGMENT_D;BRAND_D2;2.916;239
2025;27;Kadin;SEGMENT_D;BRAND_D2;2.981;240
2025;28;Kadin;SEGMENT_D;BRAND_D2;3.038;240
2025;29;Kadin;SEGMENT_D;BRAND_D2;2.880;240
2025;30;Kadin;SEGMENT_D;BRAND_D2;3.069;240
2025;31;Kadin;SEGMENT_D;BRAND_D2;2.884;241
2025;32;Kadin;SEGMENT_D;BRAND_D2;2.690;241
2025;33;Kadin;SEGMENT_D;BRAND_D2;2.870;241
2025;34;Kadin;SEGMENT_D;BRAND_D2;2.950;241
2025;35;Kadin;SEGMENT_D;BRAND_D2;2.987;241
2025;36;Kadin;SEGMENT_D;BRAND_D2;2.956;242
2025;37;Kadin;SEGMENT_D;BRAND_D2;3.037;242
2025;38;Kadin;SEGMENT_D;BRAND_D2;2.890;242
2025;39;Kadin;SEGMENT_D;BRAND_D2;2.643;242
2025;40;Kadin;SEGMENT_D;BRAND_D2;2.746;242
2025;41;Kadin;SEGMENT_D;BRAND_D2;2.619;242
2025;42;Kadin;SEGMENT_D;BRAND_D2;2.576;243
2025;43;Kadin;SEGMENT_D;BRAND_D2;2.586;243
2025;44;Kadin;SEGMENT_D;BRAND_D2;2.472;243
2025;45;Kadin;SEGMENT_D;BRAND_D2;2.617;243
2025;46;Kadin;SEGMENT_D;BRAND_D2;2.563;243
2025;47;Kadin;SEGMENT_D;BRAND_D2;2.845;243
2025;48;Kadin;SEGMENT_D;BRAND_D2;2.700;243
2025;49;Kadin;SEGMENT_D;BRAND_D2;2.543;243
2025;50;Kadin;SEGMENT_D;BRAND_D2;2.617;243
2025;51;Kadin;SEGMENT_D;BRAND_D2;2.490;243
2025;52;Kadin;SEGMENT_D;BRAND_D2;2.553;243
2026;1;Kadin;SEGMENT_D;BRAND_D2;2.408;243
2026;2;Kadin;SEGMENT_D;BRAND_D2;2.437;243
2026;3;Kadin;SEGMENT_D;BRAND_D2;2.578;243
2026;4;Kadin;SEGMENT_D;BRAND_D2;2.503;243
2026;5;Kadin;SEGMENT_D;BRAND_D2;2.368;243
2026;6;Kadin;SEGMENT_D;BRAND_D2;2.556;243
2026;7;Kadin;SEGMENT_D;BRAND_D2;2.494;243
2026;8;Kadin;SEGMENT_D;BRAND_D2;2.502;243
2026;9;Kadin;SEGMENT_D;BRAND_D2;2.498;243
2026;10;Kadin;SEGMENT_D;BRAND_D2;2.692;243
2026;11;Kadin;SEGMENT_D;BRAND_D2;2.770;243
2026;12;Kadin;SEGMENT_D;BRAND_D2;2.927;243
2026;13;Kadin;SEGMENT_D;BRAND_D2;2.813;243
2026;14;Kadin;SEGMENT_D;BRAND_D2;3.164;243
2026;15;Kadin;SEGMENT_D;BRAND_D2;2.981;242
2026;16;Kadin;SEGMENT_D;BRAND_D2;3.171;242
2026;17;Kadin;SEGMENT_D;BRAND_D2;3.298;242
2026;18;Kadin;SEGMENT_D;BRAND_D2;3.304;242
2026;19;Kadin;SEGMENT_D;BRAND_D2;3.260;242
2026;20;Kadin;SEGMENT_D;BRAND_D2;3.426;242
2026;21;Kadin;SEGMENT_D;BRAND_D2;3.385;241
2026;22;Kadin;SEGMENT_D;BRAND_D2;3.428;241
2026;23;Kadin;SEGMENT_D;BRAND_D2;3.440;241
2026;24;Kadin;SEGMENT_D;BRAND_D2;3.663;241
2026;25;Kadin;SEGMENT_D;BRAND_D2;3.690;241
2026;26;Kadin;SEGMENT_D;BRAND_D2;3.492;240
2026;27;Kadin;SEGMENT_D;BRAND_D2;3.391;240
2026;28;Kadin;SEGMENT_D;BRAND_D2;3.249;240
2026;29;Kadin;SEGMENT_D;BRAND_D2;3.401;240
2026;30;Kadin;SEGMENT_D;BRAND_D2;3.220;239
2026;31;Kadin;SEGMENT_D;BRAND_D2;3.063;239
2026;32;Kadin;SEGMENT_D;BRAND_D2;3.061;239
2026;33;Kadin;SEGMENT_D;BRAND_D2;3.033;239
2026;34;Kadin;SEGMENT_D;BRAND_D2;2.822;239
2023;1;Kadin;SEGMENT_D;BRAND_D3;1.770;201
2023;2;Kadin;SEGMENT_D;BRAND_D3;1.891;201
2023;3;Kadin;SEGMENT_D;BRAND_D3;1.815;201
2023;4;Kadin;SEGMENT_D;BRAND_D3;1.930;201
2023;5;Kadin;SEGMENT_D;BRAND_D3;2.098;201
2023;6;Kadin;SEGMENT_D;BRAND_D3;2.022;202
2023;7;Kadin;SEGMENT_D;BRAND_D3;2.140;202
2023;8;Kadin;SEGMENT_D;BRAND_D3;2.359;202
2023;9;Kadin;SEGMENT_D;BRAND_D3;2.355;202
2023;10;Kadin;SEGMENT_D;BRAND_D3;2.385;203
2023;11;Kadin;SEGMENT_D;BRAND_D3;2.240;203
2023;12;Kadin;SEGMENT_D;BRAND_D3;2.388;203
2023;13;Kadin;SEGMENT_D;BRAND_D3;2.467;203
2023;14;Kadin;SEGMENT_D;BRAND_D3;2.596;204
2023;15;Kadin;SEGMENT_D;BRAND_D3;2.689;204
2023;16;Kadin;SEGMENT_D;BRAND_D3;2.669;204
2023;17;Kadin;SEGMENT_D;BRAND_D3;2.618;204
2023;18;Kadin;SEGMENT_D;BRAND_D3;2.492;204
2023;19;Kadin;SEGMENT_D;BRAND_D3;2.455;204
2023;20;Kadin;SEGMENT_D;BRAND_D3;2.602;205
2023;21;Kadin;SEGMENT_D;BRAND_D3;2.759;205
2023;22;Kadin;SEGMENT_D;BRAND_D3;2.583;205
2023;23;Kadin;SEGMENT_D;BRAND_D3;2.609;205
2023;24;Kadin;SEGMENT_D;BRAND_D3;2.574;205
2023;25;Kadin;SEGMENT_D;BRAND_D3;2.625;205
2023;26;Kadin;SEGMENT_D;BRAND_D3;2.661;205
2023;27;Kadin;SEGMENT_D;BRAND_D3;2.711;205
2023;28;Kadin;SEGMENT_D;BRAND_D3;2.774;205
2023;29;Kadin;SEGMENT_D;BRAND_D3;2.631;205
2023;30;Kadin;SEGMENT_D;BRAND_D3;2.572;205
2023;31;Kadin;SEGMENT_D;BRAND_D3;2.710;205
2023;32;Kadin;SEGMENT_D;BRAND_D3;2.799;205
2023;33;Kadin;SEGMENT_D;BRAND_D3;2.655;205
2023;34;Kadin;SEGMENT_D;BRAND_D3;2.520;205
2023;35;Kadin;SEGMENT_D;BRAND_D3;2.388;205
2023;36;Kadin;SEGMENT_D;BRAND_D3;2.270;205
2023;37;Kadin;SEGMENT_D;BRAND_D3;2.228;205
2023;38;Kadin;SEGMENT_D;BRAND_D3;2.226;205
2023;39;Kadin;SEGMENT_D;BRAND_D3;2.482;205
2023;40;Kadin;SEGMENT_D;BRAND_D3;2.322;205
2023;41;Kadin;SEGMENT_D;BRAND_D3;2.349;205
2023;42;Kadin;SEGMENT_D;BRAND_D3;2.465;205
2023;43;Kadin;SEGMENT_D;BRAND_D3;2.346;205
2023;44;Kadin;SEGMENT_D;BRAND_D3;2.427;205
2023;45;Kadin;SEGMENT_D;BRAND_D3;2.442;205
2023;46;Kadin;SEGMENT_D;BRAND_D3;2.497;204
2023;47;Kadin;SEGMENT_D;BRAND_D3;2.686;204
2023;48;Kadin;SEGMENT_D;BRAND_D3;2.863;204
2023;49;Kadin;SEGMENT_D;BRAND_D3;2.721;204
2023;50;Kadin;SEGMENT_D;BRAND_D3;2.631;204
2023;51;Kadin;SEGMENT_D;BRAND_D3;2.691;203
2023;52;Kadin;SEGMENT_D;BRAND_D3;2.605;203
2024;1;Kadin;SEGMENT_D;BRAND_D3;2.680;203
2024;2;Kadin;SEGMENT_D;BRAND_D3;2.624;203
2024;3;Kadin;SEGMENT_D;BRAND_D3;2.586;203
2024;4;Kadin;SEGMENT_D;BRAND_D3;2.835;202
2024;5;Kadin;SEGMENT_D;BRAND_D3;2.691;202
2024;6;Kadin;SEGMENT_D;BRAND_D3;2.696;202
2024;7;Kadin;SEGMENT_D;BRAND_D3;2.551;202
2024;8;Kadin;SEGMENT_D;BRAND_D3;2.606;201
2024;9;Kadin;SEGMENT_D;BRAND_D3;2.805;201
2024;10;Kadin;SEGMENT_D;BRAND_D3;2.741;201
2024;11;Kadin;SEGMENT_D;BRAND_D3;2.923;201
2024;12;Kadin;SEGMENT_D;BRAND_D3;2.904;201
2024;13;Kadin;SEGMENT_D;BRAND_D3;2.843;201
2024;14;Kadin;SEGMENT_D;BRAND_D3;2.857;201
2024;15;Kadin;SEGMENT_D;BRAND_D3;2.945;201
2024;16;Kadin;SEGMENT_D;BRAND_D3;2.715;200
2024;17;Kadin;SEGMENT_D;BRAND_D3;2.725;200
2024;18;Kadin;SEGMENT_D;BRAND_D3;2.895;200
2024;19;Kadin;SEGMENT_D;BRAND_D3;2.827;200
2024;20;Kadin;SEGMENT_D;BRAND_D3;3.043;200
2024;21;Kadin;SEGMENT_D;BRAND_D3;3.086;199
2024;22;Kadin;SEGMENT_D;BRAND_D3;2.922;199
2024;23;Kadin;SEGMENT_D;BRAND_D3;2.905;199
2024;24;Kadin;SEGMENT_D;BRAND_D3;3.063;199
2024;25;Kadin;SEGMENT_D;BRAND_D3;3.059;198
2024;26;Kadin;SEGMENT_D;BRAND_D3;2.901;198
2024;27;Kadin;SEGMENT_D;BRAND_D3;2.957;198
2024;28;Kadin;SEGMENT_D;BRAND_D3;2.778;198
2024;29;Kadin;SEGMENT_D;BRAND_D3;2.675;198
2024;30;Kadin;SEGMENT_D;BRAND_D3;2.570;198
2024;31;Kadin;SEGMENT_D;BRAND_D3;2.728;197
2024;32;Kadin;SEGMENT_D;BRAND_D3;2.625;197
2024;33;Kadin;SEGMENT_D;BRAND_D3;2.801;197
2024;34;Kadin;SEGMENT_D;BRAND_D3;2.736;197
2024;35;Kadin;SEGMENT_D;BRAND_D3;2.912;197
2024;36;Kadin;SEGMENT_D;BRAND_D3;2.863;197
2024;37;Kadin;SEGMENT_D;BRAND_D3;2.901;197
2024;38;Kadin;SEGMENT_D;BRAND_D3;2.929;197
2024;39;Kadin;SEGMENT_D;BRAND_D3;3.199;197
2024;40;Kadin;SEGMENT_D;BRAND_D3;3.001;197
2024;41;Kadin;SEGMENT_D;BRAND_D3;2.865;197
2024;42;Kadin;SEGMENT_D;BRAND_D3;2.973;197
2024;43;Kadin;SEGMENT_D;BRAND_D3;2.793;197
2024;44;Kadin;SEGMENT_D;BRAND_D3;2.745;197
2024;45;Kadin;SEGMENT_D;BRAND_D3;2.651;197
2024;46;Kadin;SEGMENT_D;BRAND_D3;2.707;197
2024;47;Kadin;SEGMENT_D;BRAND_D3;2.741;197
2024;48;Kadin;SEGMENT_D;BRAND_D3;3.067;197
2024;49;Kadin;SEGMENT_D;BRAND_D3;3.052;197
2024;50;Kadin;SEGMENT_D;BRAND_D3;3.043;197
2024;51;Kadin;SEGMENT_D;BRAND_D3;2.994;197
2024;52;Kadin;SEGMENT_D;BRAND_D3;3.096;197
2025;1;Kadin;SEGMENT_D;BRAND_D3;3.146;197
2025;2;Kadin;SEGMENT_D;BRAND_D3;3.004;197
2025;3;Kadin;SEGMENT_D;BRAND_D3;3.169;197
2025;4;Kadin;SEGMENT_D;BRAND_D3;3.095;197
2025;5;Kadin;SEGMENT_D;BRAND_D3;2.952;198
2025;6;Kadin;SEGMENT_D;BRAND_D3;2.990;198
2025;7;Kadin;SEGMENT_D;BRAND_D3;3.031;198
2025;8;Kadin;SEGMENT_D;BRAND_D3;3.217;198
2025;9;Kadin;SEGMENT_D;BRAND_D3;3.098;198
2025;10;Kadin;SEGMENT_D;BRAND_D3;3.052;199
2025;11;Kadin;SEGMENT_D;BRAND_D3;2.905;199
2025;12;Kadin;SEGMENT_D;BRAND_D3;2.958;199
2025;13;Kadin;SEGMENT_D;BRAND_D3;3.121;199
2025;14;Kadin;SEGMENT_D;BRAND_D3;3.152;199
2025;15;Kadin;SEGMENT_D;BRAND_D3;3.334;200
2025;16;Kadin;SEGMENT_D;BRAND_D3;3.335;200
2025;17;Kadin;SEGMENT_D;BRAND_D3;3.104;200
2025;18;Kadin;SEGMENT_D;BRAND_D3;3.024;200
2025;19;Kadin;SEGMENT_D;BRAND_D3;3.100;201
2025;20;Kadin;SEGMENT_D;BRAND_D3;3.188;201
2025;21;Kadin;SEGMENT_D;BRAND_D3;3.180;201
2025;22;Kadin;SEGMENT_D;BRAND_D3;3.287;201
2025;23;Kadin;SEGMENT_D;BRAND_D3;3.411;201
2025;24;Kadin;SEGMENT_D;BRAND_D3;3.261;201
2025;25;Kadin;SEGMENT_D;BRAND_D3;3.142;201
2025;26;Kadin;SEGMENT_D;BRAND_D3;3.219;201
2025;27;Kadin;SEGMENT_D;BRAND_D3;3.411;202
2025;28;Kadin;SEGMENT_D;BRAND_D3;3.577;202
2025;29;Kadin;SEGMENT_D;BRAND_D3;3.597;202
2025;30;Kadin;SEGMENT_D;BRAND_D3;3.616;202
2025;31;Kadin;SEGMENT_D;BRAND_D3;3.725;203
2025;32;Kadin;SEGMENT_D;BRAND_D3;3.720;203
2025;33;Kadin;SEGMENT_D;BRAND_D3;3.574;203
2025;34;Kadin;SEGMENT_D;BRAND_D3;3.596;203
2025;35;Kadin;SEGMENT_D;BRAND_D3;3.575;203
2025;36;Kadin;SEGMENT_D;BRAND_D3;3.359;204
2025;37;Kadin;SEGMENT_D;BRAND_D3;3.241;204
2025;38;Kadin;SEGMENT_D;BRAND_D3;3.338;204
2025;39;Kadin;SEGMENT_D;BRAND_D3;3.163;204
2025;40;Kadin;SEGMENT_D;BRAND_D3;3.217;204
2025;41;Kadin;SEGMENT_D;BRAND_D3;3.154;204
2025;42;Kadin;SEGMENT_D;BRAND_D3;3.291;205
2025;43;Kadin;SEGMENT_D;BRAND_D3;3.284;205
2025;44;Kadin;SEGMENT_D;BRAND_D3;3.158;205
2025;45;Kadin;SEGMENT_D;BRAND_D3;3.132;205
2025;46;Kadin;SEGMENT_D;BRAND_D3;3.329;205
2025;47;Kadin;SEGMENT_D;BRAND_D3;3.169;205
2025;48;Kadin;SEGMENT_D;BRAND_D3;3.619;205
2025;49;Kadin;SEGMENT_D;BRAND_D3;3.713;205
2025;50;Kadin;SEGMENT_D;BRAND_D3;3.400;205
2025;51;Kadin;SEGMENT_D;BRAND_D3;3.493;205
2025;52;Kadin;SEGMENT_D;BRAND_D3;3.373;205
2026;1;Kadin;SEGMENT_D;BRAND_D3;3.381;205
2026;2;Kadin;SEGMENT_D;BRAND_D3;3.158;205
2026;3;Kadin;SEGMENT_D;BRAND_D3;3.271;205
2026;4;Kadin;SEGMENT_D;BRAND_D3;3.339;205
2026;5;Kadin;SEGMENT_D;BRAND_D3;3.592;205
2026;6;Kadin;SEGMENT_D;BRAND_D3;3.498;205
2026;7;Kadin;SEGMENT_D;BRAND_D3;3.540;205
2026;8;Kadin;SEGMENT_D;BRAND_D3;3.412;205
2026;9;Kadin;SEGMENT_D;BRAND_D3;3.651;205
2026;10;Kadin;SEGMENT_D;BRAND_D3;3.876;205
2026;11;Kadin;SEGMENT_D;BRAND_D3;3.907;205
2026;12;Kadin;SEGMENT_D;BRAND_D3;3.959;205
2026;13;Kadin;SEGMENT_D;BRAND_D3;4.009;205
2026;14;Kadin;SEGMENT_D;BRAND_D3;3.892;205
2026;15;Kadin;SEGMENT_D;BRAND_D3;3.996;204
2026;16;Kadin;SEGMENT_D;BRAND_D3;3.811;204
2026;17;Kadin;SEGMENT_D;BRAND_D3;3.919;204
2026;18;Kadin;SEGMENT_D;BRAND_D3;3.726;204
2026;19;Kadin;SEGMENT_D;BRAND_D3;3.815;204
2026;20;Kadin;SEGMENT_D;BRAND_D3;3.767;204
2026;21;Kadin;SEGMENT_D;BRAND_D3;3.570;203
2026;22;Kadin;SEGMENT_D;BRAND_D3;3.785;203
2026;23;Kadin;SEGMENT_D;BRAND_D3;3.885;203
2026;24;Kadin;SEGMENT_D;BRAND_D3;3.879;203
2026;25;Kadin;SEGMENT_D;BRAND_D3;3.658;203
2026;26;Kadin;SEGMENT_D;BRAND_D3;3.569;202
2026;27;Kadin;SEGMENT_D;BRAND_D3;3.505;202
2026;28;Kadin;SEGMENT_D;BRAND_D3;3.476;202
2026;29;Kadin;SEGMENT_D;BRAND_D3;3.658;202
2026;30;Kadin;SEGMENT_D;BRAND_D3;3.725;201
2026;31;Kadin;SEGMENT_D;BRAND_D3;4.007;201
2026;32;Kadin;SEGMENT_D;BRAND_D3;4.025;201
2026;33;Kadin;SEGMENT_D;BRAND_D3;3.734;201
2026;34;Kadin;SEGMENT_D;BRAND_D3;3.706;201
2023;1;Kadin;SEGMENT_D;BRAND_D4;2.035;190
2023;2;Kadin;SEGMENT_D;BRAND_D4;2.225;190
2023;3;Kadin;SEGMENT_D;BRAND_D4;2.168;190
2023;4;Kadin;SEGMENT_D;BRAND_D4;2.265;190
2023;5;Kadin;SEGMENT_D;BRAND_D4;2.470;190
2023;6;Kadin;SEGMENT_D;BRAND_D4;2.489;191
2023;7;Kadin;SEGMENT_D;BRAND_D4;2.582;191
2023;8;Kadin;SEGMENT_D;BRAND_D4;2.626;191
2023;9;Kadin;SEGMENT_D;BRAND_D4;2.714;191
2023;10;Kadin;SEGMENT_D;BRAND_D4;2.883;192
2023;11;Kadin;SEGMENT_D;BRAND_D4;2.992;192
2023;12;Kadin;SEGMENT_D;BRAND_D4;2.815;192
2023;13;Kadin;SEGMENT_D;BRAND_D4;2.870;192
2023;14;Kadin;SEGMENT_D;BRAND_D4;3.019;193
2023;15;Kadin;SEGMENT_D;BRAND_D4;2.963;193
2023;16;Kadin;SEGMENT_D;BRAND_D4;3.088;193
2023;17;Kadin;SEGMENT_D;BRAND_D4;3.124;193
2023;18;Kadin;SEGMENT_D;BRAND_D4;2.902;193
2023;19;Kadin;SEGMENT_D;BRAND_D4;2.903;193
2023;20;Kadin;SEGMENT_D;BRAND_D4;2.795;194
2023;21;Kadin;SEGMENT_D;BRAND_D4;2.925;194
2023;22;Kadin;SEGMENT_D;BRAND_D4;2.988;194
2023;23;Kadin;SEGMENT_D;BRAND_D4;3.262;194
2023;24;Kadin;SEGMENT_D;BRAND_D4;3.061;194
2023;25;Kadin;SEGMENT_D;BRAND_D4;2.944;194
2023;26;Kadin;SEGMENT_D;BRAND_D4;2.934;194
2023;27;Kadin;SEGMENT_D;BRAND_D4;2.898;194
2023;28;Kadin;SEGMENT_D;BRAND_D4;2.963;194
2023;29;Kadin;SEGMENT_D;BRAND_D4;3.142;194
2023;30;Kadin;SEGMENT_D;BRAND_D4;2.967;194
2023;31;Kadin;SEGMENT_D;BRAND_D4;2.844;194
2023;32;Kadin;SEGMENT_D;BRAND_D4;3.236;194
2023;33;Kadin;SEGMENT_D;BRAND_D4;3.070;194
2023;34;Kadin;SEGMENT_D;BRAND_D4;3.097;194
2023;35;Kadin;SEGMENT_D;BRAND_D4;3.083;194
2023;36;Kadin;SEGMENT_D;BRAND_D4;2.997;194
2023;37;Kadin;SEGMENT_D;BRAND_D4;2.996;194
2023;38;Kadin;SEGMENT_D;BRAND_D4;3.038;194
2023;39;Kadin;SEGMENT_D;BRAND_D4;2.895;194
2023;40;Kadin;SEGMENT_D;BRAND_D4;2.838;194
2023;41;Kadin;SEGMENT_D;BRAND_D4;2.720;194
2023;42;Kadin;SEGMENT_D;BRAND_D4;2.654;194
2023;43;Kadin;SEGMENT_D;BRAND_D4;2.469;194
2023;44;Kadin;SEGMENT_D;BRAND_D4;2.550;194
2023;45;Kadin;SEGMENT_D;BRAND_D4;2.542;194
2023;46;Kadin;SEGMENT_D;BRAND_D4;2.574;193
2023;47;Kadin;SEGMENT_D;BRAND_D4;2.724;193
2023;48;Kadin;SEGMENT_D;BRAND_D4;3.206;193
2023;49;Kadin;SEGMENT_D;BRAND_D4;2.902;193
2023;50;Kadin;SEGMENT_D;BRAND_D4;2.758;193
2023;51;Kadin;SEGMENT_D;BRAND_D4;2.648;192
2023;52;Kadin;SEGMENT_D;BRAND_D4;2.796;192
2024;1;Kadin;SEGMENT_D;BRAND_D4;2.938;192
2024;2;Kadin;SEGMENT_D;BRAND_D4;3.002;192
2024;3;Kadin;SEGMENT_D;BRAND_D4;2.865;192
2024;4;Kadin;SEGMENT_D;BRAND_D4;2.767;191
2024;5;Kadin;SEGMENT_D;BRAND_D4;2.766;191
2024;6;Kadin;SEGMENT_D;BRAND_D4;2.937;191
2024;7;Kadin;SEGMENT_D;BRAND_D4;3.269;191
2024;8;Kadin;SEGMENT_D;BRAND_D4;3.298;190
2024;9;Kadin;SEGMENT_D;BRAND_D4;3.179;190
2024;10;Kadin;SEGMENT_D;BRAND_D4;3.114;190
2024;11;Kadin;SEGMENT_D;BRAND_D4;3.082;190
2024;12;Kadin;SEGMENT_D;BRAND_D4;3.177;190
2024;13;Kadin;SEGMENT_D;BRAND_D4;3.263;190
2024;14;Kadin;SEGMENT_D;BRAND_D4;3.106;190
2024;15;Kadin;SEGMENT_D;BRAND_D4;2.946;190
2024;16;Kadin;SEGMENT_D;BRAND_D4;3.112;189
2024;17;Kadin;SEGMENT_D;BRAND_D4;2.994;189
2024;18;Kadin;SEGMENT_D;BRAND_D4;3.366;189
2024;19;Kadin;SEGMENT_D;BRAND_D4;3.213;189
2024;20;Kadin;SEGMENT_D;BRAND_D4;3.258;189
2024;21;Kadin;SEGMENT_D;BRAND_D4;3.238;188
2024;22;Kadin;SEGMENT_D;BRAND_D4;3.294;188
2024;23;Kadin;SEGMENT_D;BRAND_D4;3.238;188
2024;24;Kadin;SEGMENT_D;BRAND_D4;3.381;188
2024;25;Kadin;SEGMENT_D;BRAND_D4;3.506;187
2024;26;Kadin;SEGMENT_D;BRAND_D4;3.596;187
2024;27;Kadin;SEGMENT_D;BRAND_D4;3.410;187
2024;28;Kadin;SEGMENT_D;BRAND_D4;3.432;187
2024;29;Kadin;SEGMENT_D;BRAND_D4;3.677;187
2024;30;Kadin;SEGMENT_D;BRAND_D4;3.648;187
2024;31;Kadin;SEGMENT_D;BRAND_D4;3.464;186
2024;32;Kadin;SEGMENT_D;BRAND_D4;3.514;186
2024;33;Kadin;SEGMENT_D;BRAND_D4;3.337;186
2024;34;Kadin;SEGMENT_D;BRAND_D4;3.224;186
2024;35;Kadin;SEGMENT_D;BRAND_D4;3.107;186
2024;36;Kadin;SEGMENT_D;BRAND_D4;2.940;186
2024;37;Kadin;SEGMENT_D;BRAND_D4;2.957;186
2024;38;Kadin;SEGMENT_D;BRAND_D4;2.892;186
2024;39;Kadin;SEGMENT_D;BRAND_D4;2.953;186
2024;40;Kadin;SEGMENT_D;BRAND_D4;2.832;186
2024;41;Kadin;SEGMENT_D;BRAND_D4;3.038;186
2024;42;Kadin;SEGMENT_D;BRAND_D4;3.006;186
2024;43;Kadin;SEGMENT_D;BRAND_D4;2.958;186
2024;44;Kadin;SEGMENT_D;BRAND_D4;2.989;186
2024;45;Kadin;SEGMENT_D;BRAND_D4;3.014;186
2024;46;Kadin;SEGMENT_D;BRAND_D4;3.068;186
2024;47;Kadin;SEGMENT_D;BRAND_D4;3.312;186
2024;48;Kadin;SEGMENT_D;BRAND_D4;3.476;186
2024;49;Kadin;SEGMENT_D;BRAND_D4;3.473;186
2024;50;Kadin;SEGMENT_D;BRAND_D4;3.524;186
2024;51;Kadin;SEGMENT_D;BRAND_D4;3.520;186
2024;52;Kadin;SEGMENT_D;BRAND_D4;3.465;186
2025;1;Kadin;SEGMENT_D;BRAND_D4;3.643;186
2025;2;Kadin;SEGMENT_D;BRAND_D4;3.803;186
2025;3;Kadin;SEGMENT_D;BRAND_D4;3.498;186
2025;4;Kadin;SEGMENT_D;BRAND_D4;3.307;186
2025;5;Kadin;SEGMENT_D;BRAND_D4;3.275;187
2025;6;Kadin;SEGMENT_D;BRAND_D4;3.419;187
2025;7;Kadin;SEGMENT_D;BRAND_D4;3.624;187
2025;8;Kadin;SEGMENT_D;BRAND_D4;3.707;187
2025;9;Kadin;SEGMENT_D;BRAND_D4;3.752;187
2025;10;Kadin;SEGMENT_D;BRAND_D4;3.468;188
2025;11;Kadin;SEGMENT_D;BRAND_D4;3.597;188
2025;12;Kadin;SEGMENT_D;BRAND_D4;3.970;188
2025;13;Kadin;SEGMENT_D;BRAND_D4;4.234;188
2025;14;Kadin;SEGMENT_D;BRAND_D4;4.308;188
2025;15;Kadin;SEGMENT_D;BRAND_D4;4.470;189
2025;16;Kadin;SEGMENT_D;BRAND_D4;4.208;189
2025;17;Kadin;SEGMENT_D;BRAND_D4;4.073;189
2025;18;Kadin;SEGMENT_D;BRAND_D4;4.103;189
2025;19;Kadin;SEGMENT_D;BRAND_D4;4.566;190
2025;20;Kadin;SEGMENT_D;BRAND_D4;4.632;190
2025;21;Kadin;SEGMENT_D;BRAND_D4;4.417;190
2025;22;Kadin;SEGMENT_D;BRAND_D4;4.344;190
2025;23;Kadin;SEGMENT_D;BRAND_D4;4.397;190
2025;24;Kadin;SEGMENT_D;BRAND_D4;4.243;190
2025;25;Kadin;SEGMENT_D;BRAND_D4;4.230;190
2025;26;Kadin;SEGMENT_D;BRAND_D4;4.140;190
2025;27;Kadin;SEGMENT_D;BRAND_D4;4.328;191
2025;28;Kadin;SEGMENT_D;BRAND_D4;4.147;191
2025;29;Kadin;SEGMENT_D;BRAND_D4;3.967;191
2025;30;Kadin;SEGMENT_D;BRAND_D4;4.125;191
2025;31;Kadin;SEGMENT_D;BRAND_D4;4.116;192
2025;32;Kadin;SEGMENT_D;BRAND_D4;3.924;192
2025;33;Kadin;SEGMENT_D;BRAND_D4;3.787;192
2025;34;Kadin;SEGMENT_D;BRAND_D4;4.033;192
2025;35;Kadin;SEGMENT_D;BRAND_D4;3.773;192
2025;36;Kadin;SEGMENT_D;BRAND_D4;3.894;193
2025;37;Kadin;SEGMENT_D;BRAND_D4;3.665;193
2025;38;Kadin;SEGMENT_D;BRAND_D4;3.814;193
2025;39;Kadin;SEGMENT_D;BRAND_D4;3.777;193
2025;40;Kadin;SEGMENT_D;BRAND_D4;3.453;193
2025;41;Kadin;SEGMENT_D;BRAND_D4;3.258;193
2025;42;Kadin;SEGMENT_D;BRAND_D4;3.342;194
2025;43;Kadin;SEGMENT_D;BRAND_D4;3.094;194
2025;44;Kadin;SEGMENT_D;BRAND_D4;3.209;194
2025;45;Kadin;SEGMENT_D;BRAND_D4;3.287;194
2025;46;Kadin;SEGMENT_D;BRAND_D4;3.198;194
2025;47;Kadin;SEGMENT_D;BRAND_D4;3.675;194
2025;48;Kadin;SEGMENT_D;BRAND_D4;3.836;194
2025;49;Kadin;SEGMENT_D;BRAND_D4;3.636;194
2025;50;Kadin;SEGMENT_D;BRAND_D4;3.448;194
2025;51;Kadin;SEGMENT_D;BRAND_D4;3.280;194
2025;52;Kadin;SEGMENT_D;BRAND_D4;3.334;194
2026;1;Kadin;SEGMENT_D;BRAND_D4;3.533;194
2026;2;Kadin;SEGMENT_D;BRAND_D4;3.519;194
2026;3;Kadin;SEGMENT_D;BRAND_D4;3.794;194
2026;4;Kadin;SEGMENT_D;BRAND_D4;3.667;194
2026;5;Kadin;SEGMENT_D;BRAND_D4;3.899;194
2026;6;Kadin;SEGMENT_D;BRAND_D4;4.048;194
2026;7;Kadin;SEGMENT_D;BRAND_D4;3.837;194
2026;8;Kadin;SEGMENT_D;BRAND_D4;3.729;194
2026;9;Kadin;SEGMENT_D;BRAND_D4;3.686;194
2026;10;Kadin;SEGMENT_D;BRAND_D4;3.637;194
2026;11;Kadin;SEGMENT_D;BRAND_D4;3.581;194
2026;12;Kadin;SEGMENT_D;BRAND_D4;3.690;194
2026;13;Kadin;SEGMENT_D;BRAND_D4;3.499;194
2026;14;Kadin;SEGMENT_D;BRAND_D4;3.738;194
2026;15;Kadin;SEGMENT_D;BRAND_D4;3.778;193
2026;16;Kadin;SEGMENT_D;BRAND_D4;3.865;193
2026;17;Kadin;SEGMENT_D;BRAND_D4;3.823;193
2026;18;Kadin;SEGMENT_D;BRAND_D4;3.696;193
2026;19;Kadin;SEGMENT_D;BRAND_D4;3.648;193
2026;20;Kadin;SEGMENT_D;BRAND_D4;3.875;193
2026;21;Kadin;SEGMENT_D;BRAND_D4;4.144;192
2026;22;Kadin;SEGMENT_D;BRAND_D4;4.522;192
2026;23;Kadin;SEGMENT_D;BRAND_D4;4.338;192
2026;24;Kadin;SEGMENT_D;BRAND_D4;4.183;192
2026;25;Kadin;SEGMENT_D;BRAND_D4;4.160;192
2026;26;Kadin;SEGMENT_D;BRAND_D4;4.020;191
2026;27;Kadin;SEGMENT_D;BRAND_D4;3.893;191
2026;28;Kadin;SEGMENT_D;BRAND_D4;3.969;191
2026;29;Kadin;SEGMENT_D;BRAND_D4;4.049;191
2026;30;Kadin;SEGMENT_D;BRAND_D4;4.409;190
2026;31;Kadin;SEGMENT_D;BRAND_D4;4.400;190
2026;32;Kadin;SEGMENT_D;BRAND_D4;4.422;190
2026;33;Kadin;SEGMENT_D;BRAND_D4;4.204;190
2026;34;Kadin;SEGMENT_D;BRAND_D4;4.147;190
