Year;Week;GroupDesc;StockGroupDesc;BrandDesc;SatisSayisi
2023;1;Kadin;SEGMENT_A;BRAND_A1;307
2023;2;Kadin;SEGMENT_A;BRAND_A1;216
2023;3;Kadin;SEGMENT_A;BRAND_A1;269
2023;4;Kadin;SEGMENT_A;BRAND_A1;257
2023;5;Kadin;SEGMENT_A;BRAND_A1;279
2023;6;Kadin;SEGMENT_A;BRAND_A1;247
2023;7;Kadin;SEGMENT_A;BRAND_A1;254
2023;8;Kadin;SEGMENT_A;BRAND_A1;246
2023;9;Kadin;SEGMENT_A;BRAND_A1;258
2023;10;Kadin;SEGMENT_A;BRAND_A1;225
2023;11;Kadin;SEGMENT_A;BRAND_A1;265
2023;12;Kadin;SEGMENT_A;BRAND_A1;217
2023;13;Kadin;SEGMENT_A;BRAND_A1;245
2023;14;Kadin;SEGMENT_A;BRAND_A1;243
2023;15;Kadin;SEGMENT_A;BRAND_A1;304
2023;16;Kadin;SEGMENT_A;BRAND_A1;225
2023;17;Kadin;SEGMENT_A;BRAND_A1;263
2023;18;Kadin;SEGMENT_A;BRAND_A1;247
2023;19;Kadin;SEGMENT_A;BRAND_A1;233
2023;20;Kadin;SEGMENT_A;BRAND_A1;290
2023;21;Kadin;SEGMENT_A;BRAND_A1;238
2023;22;Kadin;SEGMENT_A;BRAND_A1;261
2023;23;Kadin;SEGMENT_A;BRAND_A1;297
2023;24;Kadin;SEGMENT_A;BRAND_A1;336
2023;25;Kadin;SEGMENT_A;BRAND_A1;339
2023;26;Kadin;SEGMENT_A;BRAND_A1;334
2023;27;Kadin;SEGMENT_A;BRAND_A1;279
2023;28;Kadin;SEGMENT_A;BRAND_A1;323
2023;29;Kadin;SEGMENT_A;BRAND_A1;340
2023;30;Kadin;SEGMENT_A;BRAND_A1;324
2023;31;Kadin;SEGMENT_A;BRAND_A1;301
2023;32;Kadin;SEGMENT_A;BRAND_A1;383
2023;33;Kadin;SEGMENT_A;BRAND_A1;416
2023;34;Kadin;SEGMENT_A;BRAND_A1;372
2023;35;Kadin;SEGMENT_A;BRAND_A1;435
2023;36;Kadin;SEGMENT_A;BRAND_A1;340
2023;37;Kadin;SEGMENT_A;BRAND_A1;357
2023;38;Kadin;SEGMENT_A;BRAND_A1;407
2023;39;Kadin;SEGMENT_A;BRAND_A1;380
2023;40;Kadin;SEGMENT_A;BRAND_A1;430
2023;41;Kadin;SEGMENT_A;BRAND_A1;419
2023;42;Kadin;SEGMENT_A;BRAND_A1;377
2023;43;Kadin;SEGMENT_A;BRAND_A1;337
2023;44;Kadin;SEGMENT_A;BRAND_A1;363
2023;45;Kadin;SEGMENT_A;BRAND_A1;400
2023;46;Kadin;SEGMENT_A;BRAND_A1;401
2023;47;Kadin;SEGMENT_A;BRAND_A1;466
2023;48;Kadin;SEGMENT_A;BRAND_A1;391
2023;49;Kadin;SEGMENT_A;BRAND_A1;295
2023;50;Kadin;SEGMENT_A;BRAND_A1;353
2023;51;Kadin;SEGMENT_A;BRAND_A1;313
2023;52;Kadin;SEGMENT_A;BRAND_A1;305
2024;1;Kadin;SEGMENT_A;BRAND_A1;276
2024;2;Kadin;SEGMENT_A;BRAND_A1;267
2024;3;Kadin;SEGMENT_A;BRAND_A1;322
2024;4;Kadin;SEGMENT_A;BRAND_A1;298
2024;5;Kadin;SEGMENT_A;BRAND_A1;257
2024;6;Kadin;SEGMENT_A;BRAND_A1;272
2024;7;Kadin;SEGMENT_A;BRAND_A1;271
2024;8;Kadin;SEGMENT_A;BRAND_A1;314
2024;9;Kadin;SEGMENT_A;BRAND_A1;225
2024;10;Kadin;SEGMENT_A;BRAND_A1;259
2024;11;Kadin;SEGMENT_A;BRAND_A1;278
2024;12;Kadin;SEGMENT_A;BRAND_A1;299
2024;13;Kadin;SEGMENT_A;BRAND_A1;233
2024;14;Kadin;SEGMENT_A;BRAND_A1;243
2024;15;Kadin;SEGMENT_A;BRAND_A1;278
2024;16;Kadin;SEGMENT_A;BRAND_A1;220
2024;17;Kadin;SEGMENT_A;BRAND_A1;278
2024;18;Kadin;SEGMENT_A;BRAND_A1;349
2024;19;Kadin;SEGMENT_A;BRAND_A1;297
2024;20;Kadin;SEGMENT_A;BRAND_A1;225
2024;21;Kadin;SEGMENT_A;BRAND_A1;272
2024;22;Kadin;SEGMENT_A;BRAND_A1;288
2024;23;Kadin;SEGMENT_A;BRAND_A1;364
2024;24;Kadin;SEGMENT_A;BRAND_A1;325
2024;25;Kadin;SEGMENT_A;BRAND_A1;280
2024;26;Kadin;SEGMENT_A;BRAND_A1;351
2024;27;Kadin;SEGMENT_A;BRAND_A1;370
2024;28;Kadin;SEGMENT_A;BRAND_A1;353
2024;29;Kadin;SEGMENT_A;BRAND_A1;342
2024;30;Kadin;SEGMENT_A;BRAND_A1;509
2024;31;Kadin;SEGMENT_A;BRAND_A1;446
2024;32;Kadin;SEGMENT_A;BRAND_A1;460
2024;33;Kadin;SEGMENT_A;BRAND_A1;410
2024;34;Kadin;SEGMENT_A;BRAND_A1;392
2024;35;Kadin;SEGMENT_A;BRAND_A1;407
2024;36;Kadin;SEGMENT_A;BRAND_A1;372
2024;37;Kadin;SEGMENT_A;BRAND_A1;527
2024;38;Kadin;SEGMENT_A;BRAND_A1;431
2024;39;Kadin;SEGMENT_A;BRAND_A1;512
2024;40;Kadin;SEGMENT_A;BRAND_A1;415
2024;41;Kadin;SEGMENT_A;BRAND_A1;457
2024;42;Kadin;SEGMENT_A;BRAND_A1;440
2024;43;Kadin;SEGMENT_A;BRAND_A1;361
2024;44;Kadin;SEGMENT_A;BRAND_A1;516
2024;45;Kadin;SEGMENT_A;BRAND_A1;394
2024;46;Kadin;SEGMENT_A;BRAND_A1;354
2024;47;Kadin;SEGMENT_A;BRAND_A1;578
2024;48;Kadin;SEGMENT_A;BRAND_A1;522
2024;49;Kadin;SEGMENT_A;BRAND_A1;393
2024;50;Kadin;SEGMENT_A;BRAND_A1;371
2024;51;Kadin;SEGMENT_A;BRAND_A1;279
2024;52;Kadin;SEGMENT_A;BRAND_A1;313
2025;1;Kadin;SEGMENT_A;BRAND_A1;303
2025;2;Kadin;SEGMENT_A;BRAND_A1;365
2025;3;Kadin;SEGMENT_A;BRAND_A1;319
2025;4;Kadin;SEGMENT_A;BRAND_A1;327
2025;5;Kadin;SEGMENT_A;BRAND_A1;289
2025;6;Kadin;SEGMENT_A;BRAND_A1;313
2025;7;Kadin;SEGMENT_A;BRAND_A1;282
2025;8;Kadin;SEGMENT_A;BRAND_A1;274
2025;9;Kadin;SEGMENT_A;BRAND_A1;284
2025;10;Kadin;SEGMENT_A;BRAND_A1;278
2025;11;Kadin;SEGMENT_A;BRAND_A1;370
2025;12;Kadin;SEGMENT_A;BRAND_A1;247
2025;13;Kadin;SEGMENT_A;BRAND_A1;230
2025;14;Kadin;SEGMENT_A;BRAND_A1;288
2025;15;Kadin;SEGMENT_A;BRAND_A1;257
2025;16;Kadin;SEGMENT_A;BRAND_A1;221
2025;17;Kadin;SEGMENT_A;BRAND_A1;257
2025;18;Kadin;SEGMENT_A;BRAND_A1;390
2025;19;Kadin;SEGMENT_A;BRAND_A1;277
2025;20;Kadin;SEGMENT_A;BRAND_A1;256
2025;21;Kadin;SEGMENT_A;BRAND_A1;422
2025;22;Kadin;SEGMENT_A;BRAND_A1;296
2025;23;Kadin;SEGMENT_A;BRAND_A1;494
2025;24;Kadin;SEGMENT_A;BRAND_A1;345
2025;25;Kadin;SEGMENT_A;BRAND_A1;458
2025;26;Kadin;SEGMENT_A;BRAND_A1;373
2025;27;Kadin;SEGMENT_A;BRAND_A1;417
2025;28;Kadin;SEGMENT_A;BRAND_A1;400
2025;29;Kadin;SEGMENT_A;BRAND_A1;406
2025;30;Kadin;SEGMENT_A;BRAND_A1;440
2025;31;Kadin;SEGMENT_A;BRAND_A1;463
2025;32;Kadin;SEGMENT_A;BRAND_A1;455
2025;33;Kadin;SEGMENT_A;BRAND_A1;457
2025;34;Kadin;SEGMENT_A;BRAND_A1;423
2025;35;Kadin;SEGMENT_A;BRAND_A1;461
2025;36;Kadin;SEGMENT_A;BRAND_A1;568
2025;37;Kadin;SEGMENT_A;BRAND_A1;432
2025;38;Kadin;SEGMENT_A;BRAND_A1;490
2025;39;Kadin;SEGMENT_A;BRAND_A1;548
2025;40;Kadin;SEGMENT_A;BRAND_A1;501
2025;41;Kadin;SEGMENT_A;BRAND_A1;526
2025;42;Kadin;SEGMENT_A;BRAND_A1;408
2025;43;Kadin;SEGMENT_A;BRAND_A1;476
2025;44;Kadin;SEGMENT_A;BRAND_A1;439
2025;45;Kadin;SEGMENT_A;BRAND_A1;434
2025;46;Kadin;SEGMENT_A;BRAND_A1;524
2025;47;Kadin;SEGMENT_A;BRAND_A1;564
2025;48;Kadin;SEGMENT_A;BRAND_A1;587
2025;49;Kadin;SEGMENT_A;BRAND_A1;331
2025;50;Kadin;SEGMENT_A;BRAND_A1;490
2025;51;Kadin;SEGMENT_A;BRAND_A1;429
2025;52;Kadin;SEGMENT_A;BRAND_A1;373
2026;1;Kadin;SEGMENT_A;BRAND_A1;351
2026;2;Kadin;SEGMENT_A;BRAND_A1;380
2026;3;Kadin;SEGMENT_A;BRAND_A1;396
2026;4;Kadin;SEGMENT_A;BRAND_A1;412
2026;5;Kadin;SEGMENT_A;BRAND_A1;360
2026;6;Kadin;SEGMENT_A;BRAND_A1;320
2026;7;Kadin;SEGMENT_A;BRAND_A1;350
2026;8;Kadin;SEGMENT_A;BRAND_A1;335
2026;9;Kadin;SEGMENT_A;BRAND_A1;303
2026;10;Kadin;SEGMENT_A;BRAND_A1;326
2026;11;Kadin;SEGMENT_A;BRAND_A1;323
2026;12;Kadin;SEGMENT_A;BRAND_A1;293
2026;13;Kadin;SEGMENT_A;BRAND_A1;279
2026;14;Kadin;SEGMENT_A;BRAND_A1;323
2026;15;Kadin;SEGMENT_A;BRAND_A1;269
2026;16;Kadin;SEGMENT_A;BRAND_A1;267
2026;17;Kadin;SEGMENT_A;BRAND_A1;328
2026;18;Kadin;SEGMENT_A;BRAND_A1;348
2026;19;Kadin;SEGMENT_A;BRAND_A1;345
2026;20;Kadin;SEGMENT_A;BRAND_A1;360
2026;21;Kadin;SEGMENT_A;BRAND_A1;276
2026;22;Kadin;SEGMENT_A;BRAND_A1;392
2026;23;Kadin;SEGMENT_A;BRAND_A1;450
2026;24;Kadin;SEGMENT_A;BRAND_A1;431
2026;25;Kadin;SEGMENT_A;BRAND_A1;443
2026;26;Kadin;SEGMENT_A;BRAND_A1;426
2026;27;Kadin;SEGMENT_A;BRAND_A1;441
2026;28;Kadin;SEGMENT_A;BRAND_A1;432
2026;29;Kadin;SEGMENT_A;BRAND_A1;473
2026;30;Kadin;SEGMENT_A;BRAND_A1;407
2026;31;Kadin;SEGMENT_A;BRAND_A1;565
2026;32;Kadin;SEGMENT_A;BRAND_A1;437
2026;33;Kadin;SEGMENT_A;BRAND_A1;543
2026;34;Kadin;SEGMENT_A;BRAND_A1;583
2023;1;Kadin;SEGMENT_A;BRAND_A2;348
2023;2;Kadin;SEGMENT_A;BRAND_A2;308
2023;3;Kadin;SEGMENT_A;BRAND_A2;373
2023;4;Kadin;SEGMENT_A;BRAND_A2;303
2023;5;Kadin;SEGMENT_A;BRAND_A2;240
2023;6;Kadin;SEGMENT_A;BRAND_A2;234
2023;7;Kadin;SEGMENT_A;BRAND_A2;293
2023;8;Kadin;SEGMENT_A;BRAND_A2;282
2023;9;Kadin;SEGMENT_A;BRAND_A2;204
2023;10;Kadin;SEGMENT_A;BRAND_A2;252
2023;11;Kadin;SEGMENT_A;BRAND_A2;289
2023;12;Kadin;SEGMENT_A;BRAND_A2;245
2023;13;Kadin;SEGMENT_A;BRAND_A2;292
2023;14;Kadin;SEGMENT_A;BRAND_A2;286
2023;15;Kadin;SEGMENT_A;BRAND_A2;267
2023;16;Kadin;SEGMENT_A;BRAND_A2;306
2023;17;Kadin;SEGMENT_A;BRAND_A2;302
2023;18;Kadin;SEGMENT_A;BRAND_A2;287
2023;19;Kadin;SEGMENT_A;BRAND_A2;235
2023;20;Kadin;SEGMENT_A;BRAND_A2;258
2023;21;Kadin;SEGMENT_A;BRAND_A2;293
2023;22;Kadin;SEGMENT_A;BRAND_A2;317
2023;23;Kadin;SEGMENT_A;BRAND_A2;387
2023;24;Kadin;SEGMENT_A;BRAND_A2;348
2023;25;Kadin;SEGMENT_A;BRAND_A2;358
2023;26;Kadin;SEGMENT_A;BRAND_A2;378
2023;27;Kadin;SEGMENT_A;BRAND_A2;359
2023;28;Kadin;SEGMENT_A;BRAND_A2;357
2023;29;Kadin;SEGMENT_A;BRAND_A2;449
2023;30;Kadin;SEGMENT_A;BRAND_A2;354
2023;31;Kadin;SEGMENT_A;BRAND_A2;377
2023;32;Kadin;SEGMENT_A;BRAND_A2;429
2023;33;Kadin;SEGMENT_A;BRAND_A2;496
2023;34;Kadin;SEGMENT_A;BRAND_A2;422
2023;35;Kadin;SEGMENT_A;BRAND_A2;421
2023;36;Kadin;SEGMENT_A;BRAND_A2;449
2023;37;Kadin;SEGMENT_A;BRAND_A2;483
2023;38;Kadin;SEGMENT_A;BRAND_A2;445
2023;39;Kadin;SEGMENT_A;BRAND_A2;527
2023;40;Kadin;SEGMENT_A;BRAND_A2;529
2023;41;Kadin;SEGMENT_A;BRAND_A2;453
2023;42;Kadin;SEGMENT_A;BRAND_A2;577
2023;43;Kadin;SEGMENT_A;BRAND_A2;455
2023;44;Kadin;SEGMENT_A;BRAND_A2;507
2023;45;Kadin;SEGMENT_A;BRAND_A2;456
2023;46;Kadin;SEGMENT_A;BRAND_A2;446
2023;47;Kadin;SEGMENT_A;BRAND_A2;470
2023;48;Kadin;SEGMENT_A;BRAND_A2;486
2023;49;Kadin;SEGMENT_A;BRAND_A2;387
2023;50;Kadin;SEGMENT_A;BRAND_A2;446
2023;51;Kadin;SEGMENT_A;BRAND_A2;396
2023;52;Kadin;SEGMENT_A;BRAND_A2;356
2024;1;Kadin;SEGMENT_A;BRAND_A2;386
2024;2;Kadin;SEGMENT_A;BRAND_A2;395
2024;3;Kadin;SEGMENT_A;BRAND_A2;338
2024;4;Kadin;SEGMENT_A;BRAND_A2;337
2024;5;Kadin;SEGMENT_A;BRAND_A2;324
2024;6;Kadin;SEGMENT_A;BRAND_A2;310
2024;7;Kadin;SEGMENT_A;BRAND_A2;278
2024;8;Kadin;SEGMENT_A;BRAND_A2;271
2024;9;Kadin;SEGMENT_A;BRAND_A2;319
2024;10;Kadin;SEGMENT_A;BRAND_A2;334
2024;11;Kadin;SEGMENT_A;BRAND_A2;281
2024;12;Kadin;SEGMENT_A;BRAND_A2;281
2024;13;Kadin;SEGMENT_A;BRAND_A2;235
2024;14;Kadin;SEGMENT_A;BRAND_A2;232
2024;15;Kadin;SEGMENT_A;BRAND_A2;352
2024;16;Kadin;SEGMENT_A;BRAND_A2;279
2024;17;Kadin;SEGMENT_A;BRAND_A2;218
2024;18;Kadin;SEGMENT_A;BRAND_A2;426
2024;19;Kadin;SEGMENT_A;BRAND_A2;306
2024;20;Kadin;SEGMENT_A;BRAND_A2;280
2024;21;Kadin;SEGMENT_A;BRAND_A2;353
2024;22;Kadin;SEGMENT_A;BRAND_A2;396
2024;23;Kadin;SEGMENT_A;BRAND_A2;403
2024;24;Kadin;SEGMENT_A;BRAND_A2;428
2024;25;Kadin;SEGMENT_A;BRAND_A2;353
2024;26;Kadin;SEGMENT_A;BRAND_A2;481
2024;27;Kadin;SEGMENT_A;BRAND_A2;500
2024;28;Kadin;SEGMENT_A;BRAND_A2;517
2024;29;Kadin;SEGMENT_A;BRAND_A2;460
2024;30;Kadin;SEGMENT_A;BRAND_A2;438
2024;31;Kadin;SEGMENT_A;BRAND_A2;443
2024;32;Kadin;SEGMENT_A;BRAND_A2;395
2024;33;Kadin;SEGMENT_A;BRAND_A2;455
2024;34;Kadin;SEGMENT_A;BRAND_A2;369
2024;35;Kadin;SEGMENT_A;BRAND_A2;407
2024;36;Kadin;SEGMENT_A;BRAND_A2;518
2024;37;Kadin;SEGMENT_A;BRAND_A2;490
2024;38;Kadin;SEGMENT_A;BRAND_A2;520
2024;39;Kadin;SEGMENT_A;BRAND_A2;552
2024;40;Kadin;SEGMENT_A;BRAND_A2;530
2024;41;Kadin;SEGMENT_A;BRAND_A2;521
2024;42;Kadin;SEGMENT_A;BRAND_A2;494
2024;43;Kadin;SEGMENT_A;BRAND_A2;451
2024;44;Kadin;SEGMENT_A;BRAND_A2;419
2024;45;Kadin;SEGMENT_A;BRAND_A2;450
2024;46;Kadin;SEGMENT_A;BRAND_A2;465
2024;47;Kadin;SEGMENT_A;BRAND_A2;624
2024;48;Kadin;SEGMENT_A;BRAND_A2;675
2024;49;Kadin;SEGMENT_A;BRAND_A2;429
2024;50;Kadin;SEGMENT_A;BRAND_A2;455
2024;51;Kadin;SEGMENT_A;BRAND_A2;348
2024;52;Kadin;SEGMENT_A;BRAND_A2;415
2025;1;Kadin;SEGMENT_A;BRAND_A2;400
2025;2;Kadin;SEGMENT_A;BRAND_A2;445
2025;3;Kadin;SEGMENT_A;BRAND_A2;357
2025;4;Kadin;SEGMENT_A;BRAND_A2;268
2025;5;Kadin;SEGMENT_A;BRAND_A2;337
2025;6;Kadin;SEGMENT_A;BRAND_A2;371
2025;7;Kadin;SEGMENT_A;BRAND_A2;289
2025;8;Kadin;SEGMENT_A;BRAND_A2;337
2025;9;Kadin;SEGMENT_A;BRAND_A2;278
2025;10;Kadin;SEGMENT_A;BRAND_A2;397
2025;11;Kadin;SEGMENT_A;BRAND_A2;302
2025;12;Kadin;SEGMENT_A;BRAND_A2;272
2025;13;Kadin;SEGMENT_A;BRAND_A2;299
2025;14;Kadin;SEGMENT_A;BRAND_A2;331
2025;15;Kadin;SEGMENT_A;BRAND_A2;346
2025;16;Kadin;SEGMENT_A;BRAND_A2;386
2025;17;Kadin;SEGMENT_A;BRAND_A2;314
2025;18;Kadin;SEGMENT_A;BRAND_A2;380
2025;19;Kadin;SEGMENT_A;BRAND_A2;291
2025;20;Kadin;SEGMENT_A;BRAND_A2;325
2025;21;Kadin;SEGMENT_A;BRAND_A2;320
2025;22;Kadin;SEGMENT_A;BRAND_A2;355
2025;23;Kadin;SEGMENT_A;BRAND_A2;441
2025;24;Kadin;SEGMENT_A;BRAND_A2;388
2025;25;Kadin;SEGMENT_A;BRAND_A2;409
2025;26;Kadin;SEGMENT_A;BRAND_A2;460
2025;27;Kadin;SEGMENT_A;BRAND_A2;486
2025;28;Kadin;SEGMENT_A;BRAND_A2;449
2025;29;Kadin;SEGMENT_A;BRAND_A2;428
2025;30;Kadin;SEGMENT_A;BRAND_A2;603
2025;31;Kadin;SEGMENT_A;BRAND_A2;484
2025;32;Kadin;SEGMENT_A;BRAND_A2;499
2025;33;Kadin;SEGMENT_A;BRAND_A2;515
2025;34;Kadin;SEGMENT_A;BRAND_A2;573
2025;35;Kadin;SEGMENT_A;BRAND_A2;452
2025;36;Kadin;SEGMENT_A;BRAND_A2;698
2025;37;Kadin;SEGMENT_A;BRAND_A2;527
2025;38;Kadin;SEGMENT_A;BRAND_A2;593
2025;39;Kadin;SEGMENT_A;BRAND_A2;473
2025;40;Kadin;SEGMENT_A;BRAND_A2;560
2025;41;Kadin;SEGMENT_A;BRAND_A2;682
2025;42;Kadin;SEGMENT_A;BRAND_A2;661
2025;43;Kadin;SEGMENT_A;BRAND_A2;574
2025;44;Kadin;SEGMENT_A;BRAND_A2;475
2025;45;Kadin;SEGMENT_A;BRAND_A2;600
2025;46;Kadin;SEGMENT_A;BRAND_A2;415
2025;47;Kadin;SEGMENT_A;BRAND_A2;604
2025;48;Kadin;SEGMENT_A;BRAND_A2;651
2025;49;Kadin;SEGMENT_A;BRAND_A2;391
2025;50;Kadin;SEGMENT_A;BRAND_A2;434
2025;51;Kadin;SEGMENT_A;BRAND_A2;493
2025;52;Kadin;SEGMENT_A;BRAND_A2;400
2026;1;Kadin;SEGMENT_A;BRAND_A2;468
2026;2;Kadin;SEGMENT_A;BRAND_A2;547
2026;3;Kadin;SEGMENT_A;BRAND_A2;418
2026;4;Kadin;SEGMENT_A;BRAND_A2;428
2026;5;Kadin;SEGMENT_A;BRAND_A2;439
2026;6;Kadin;SEGMENT_A;BRAND_A2;350
2026;7;Kadin;SEGMENT_A;BRAND_A2;397
2026;8;Kadin;SEGMENT_A;BRAND_A2;335
2026;9;Kadin;SEGMENT_A;BRAND_A2;362
2026;10;Kadin;SEGMENT_A;BRAND_A2;387
2026;11;Kadin;SEGMENT_A;BRAND_A2;311
2026;12;Kadin;SEGMENT_A;BRAND_A2;260
2026;13;Kadin;SEGMENT_A;BRAND_A2;309
2026;14;Kadin;SEGMENT_A;BRAND_A2;397
2026;15;Kadin;SEGMENT_A;BRAND_A2;311
2026;16;Kadin;SEGMENT_A;BRAND_A2;407
2026;17;Kadin;SEGMENT_A;BRAND_A2;328
2026;18;Kadin;SEGMENT_A;BRAND_A2;365
2026;19;Kadin;SEGMENT_A;BRAND_A2;385
2026;20;Kadin;SEGMENT_A;BRAND_A2;351
2026;21;Kadin;SEGMENT_A;BRAND_A2;400
2026;22;Kadin;SEGMENT_A;BRAND_A2;351
2026;23;Kadin;SEGMENT_A;BRAND_A2;419
2026;24;Kadin;SEGMENT_A;BRAND_A2;446
2026;25;Kadin;SEGMENT_A;BRAND_A2;355
2026;26;Kadin;SEGMENT_A;BRAND_A2;431
2026;27;Kadin;SEGMENT_A;BRAND_A2;513
2026;28;Kadin;SEGMENT_A;BRAND_A2;445
2026;29;Kadin;SEGMENT_A;BRAND_A2;553
2026;30;Kadin;SEGMENT_A;BRAND_A2;573
2026;31;Kadin;SEGMENT_A;BRAND_A2;567
2026;32;Kadin;SEGMENT_A;BRAND_A2;614
2026;33;Kadin;SEGMENT_A;BRAND_A2;468
2026;34;Kadin;SEGMENT_A;BRAND_A2;651
2023;1;Kadin;SEGMENT_A;BRAND_A3;237
2023;2;Kadin;SEGMENT_A;BRAND_A3;282
2023;3;Kadin;SEGMENT_A;BRAND_A3;211
2023;4;Kadin;SEGMENT_A;BRAND_A3;215
2023;5;Kadin;SEGMENT_A;BRAND_A3;185
2023;6;Kadin;SEGMENT_A;BRAND_A3;253
2023;7;Kadin;SEGMENT_A;BRAND_A3;179
2023;8;Kadin;SEGMENT_A;BRAND_A3;212
2023;9;Kadin;SEGMENT_A;BRAND_A3;225
2023;10;Kadin;SEGMENT_A;BRAND_A3;209
2023;11;Kadin;SEGMENT_A;BRAND_A3;199
2023;12;Kadin;SEGMENT_A;BRAND_A3;192
2023;13;Kadin;SEGMENT_A;BRAND_A3;164
2023;14;Kadin;SEGMENT_A;BRAND_A3;238
2023;15;Kadin;SEGMENT_A;BRAND_A3;202
2023;16;Kadin;SEGMENT_A;BRAND_A3;200
2023;17;Kadin;SEGMENT_A;BRAND_A3;179
2023;18;Kadin;SEGMENT_A;BRAND_A3;210
2023;19;Kadin;SEGMENT_A;BRAND_A3;213
2023;20;Kadin;SEGMENT_A;BRAND_A3;275
2023;21;Kadin;SEGMENT_A;BRAND_A3;229
2023;22;Kadin;SEGMENT_A;BRAND_A3;237
2023;23;Kadin;SEGMENT_A;BRAND_A3;214
2023;24;Kadin;SEGMENT_A;BRAND_A3;230
2023;25;Kadin;SEGMENT_A;BRAND_A3;277
2023;26;Kadin;SEGMENT_A;BRAND_A3;217
2023;27;Kadin;SEGMENT_A;BRAND_A3;312
2023;28;Kadin;SEGMENT_A;BRAND_A3;322
2023;29;Kadin;SEGMENT_A;BRAND_A3;265
2023;30;Kadin;SEGMENT_A;BRAND_A3;313
2023;31;Kadin;SEGMENT_A;BRAND_A3;358
2023;32;Kadin;SEGMENT_A;BRAND_A3;308
2023;33;Kadin;SEGMENT_A;BRAND_A3;307
2023;34;Kadin;SEGMENT_A;BRAND_A3;316
2023;35;Kadin;SEGMENT_A;BRAND_A3;337
2023;36;Kadin;SEGMENT_A;BRAND_A3;306
2023;37;Kadin;SEGMENT_A;BRAND_A3;317
2023;38;Kadin;SEGMENT_A;BRAND_A3;344
2023;39;Kadin;SEGMENT_A;BRAND_A3;315
2023;40;Kadin;SEGMENT_A;BRAND_A3;289
2023;41;Kadin;SEGMENT_A;BRAND_A3;264
2023;42;Kadin;SEGMENT_A;BRAND_A3;329
2023;43;Kadin;SEGMENT_A;BRAND_A3;375
2023;44;Kadin;SEGMENT_A;BRAND_A3;336
2023;45;Kadin;SEGMENT_A;BRAND_A3;275
2023;46;Kadin;SEGMENT_A;BRAND_A3;282
2023;47;Kadin;SEGMENT_A;BRAND_A3;393
2023;48;Kadin;SEGMENT_A;BRAND_A3;498
2023;49;Kadin;SEGMENT_A;BRAND_A3;362
2023;50;Kadin;SEGMENT_A;BRAND_A3;346
2023;51;Kadin;SEGMENT_A;BRAND_A3;277
2023;52;Kadin;SEGMENT_A;BRAND_A3;388
2024;1;Kadin;SEGMENT_A;BRAND_A3;236
2024;2;Kadin;SEGMENT_A;BRAND_A3;239
2024;3;Kadin;SEGMENT_A;BRAND_A3;271
2024;4;Kadin;SEGMENT_A;BRAND_A3;244
2024;5;Kadin;SEGMENT_A;BRAND_A3;239
2024;6;Kadin;SEGMENT_A;BRAND_A3;178
2024;7;Kadin;SEGMENT_A;BRAND_A3;195
2024;8;Kadin;SEGMENT_A;BRAND_A3;214
2024;9;Kadin;SEGMENT_A;BRAND_A3;196
2024;10;Kadin;SEGMENT_A;BRAND_A3;179
2024;11;Kadin;SEGMENT_A;BRAND_A3;195
2024;12;Kadin;SEGMENT_A;BRAND_A3;216
2024;13;Kadin;SEGMENT_A;BRAND_A3;229
2024;14;Kadin;SEGMENT_A;BRAND_A3;169
2024;15;Kadin;SEGMENT_A;BRAND_A3;214
2024;16;Kadin;SEGMENT_A;BRAND_A3;216
2024;17;Kadin;SEGMENT_A;BRAND_A3;230
2024;18;Kadin;SEGMENT_A;BRAND_A3;200
2024;19;Kadin;SEGMENT_A;BRAND_A3;206
2024;20;Kadin;SEGMENT_A;BRAND_A3;282
2024;21;Kadin;SEGMENT_A;BRAND_A3;185
2024;22;Kadin;SEGMENT_A;BRAND_A3;234
2024;23;Kadin;SEGMENT_A;BRAND_A3;254
2024;24;Kadin;SEGMENT_A;BRAND_A3;266
2024;25;Kadin;SEGMENT_A;BRAND_A3;263
2024;26;Kadin;SEGMENT_A;BRAND_A3;312
2024;27;Kadin;SEGMENT_A;BRAND_A3;318
2024;28;Kadin;SEGMENT_A;BRAND_A3;307
2024;29;Kadin;SEGMENT_A;BRAND_A3;298
2024;30;Kadin;SEGMENT_A;BRAND_A3;320
2024;31;Kadin;SEGMENT_A;BRAND_A3;339
2024;32;Kadin;SEGMENT_A;BRAND_A3;313
2024;33;Kadin;SEGMENT_A;BRAND_A3;373
2024;34;Kadin;SEGMENT_A;BRAND_A3;398
2024;35;Kadin;SEGMENT_A;BRAND_A3;425
2024;36;Kadin;SEGMENT_A;BRAND_A3;426
2024;37;Kadin;SEGMENT_A;BRAND_A3;350
2024;38;Kadin;SEGMENT_A;BRAND_A3;370
2024;39;Kadin;SEGMENT_A;BRAND_A3;357
2024;40;Kadin;SEGMENT_A;BRAND_A3;356
2024;41;Kadin;SEGMENT_A;BRAND_A3;352
2024;42;Kadin;SEGMENT_A;BRAND_A3;359
2024;43;Kadin;SEGMENT_A;BRAND_A3;408
2024;44;Kadin;SEGMENT_A;BRAND_A3;363
2024;45;Kadin;SEGMENT_A;BRAND_A3;299
2024;46;Kadin;SEGMENT_A;BRAND_A3;378
2024;47;Kadin;SEGMENT_A;BRAND_A3;458
2024;48;Kadin;SEGMENT_A;BRAND_A3;462
2024;49;Kadin;SEGMENT_A;BRAND_A3;326
2024;50;Kadin;SEGMENT_A;BRAND_A3;319
2024;51;Kadin;SEGMENT_A;BRAND_A3;312
2024;52;Kadin;SEGMENT_A;BRAND_A3;235
2025;1;Kadin;SEGMENT_A;BRAND_A3;297
2025;2;Kadin;SEGMENT_A;BRAND_A3;250
2025;3;Kadin;SEGMENT_A;BRAND_A3;250
2025;4;Kadin;SEGMENT_A;BRAND_A3;257
2025;5;Kadin;SEGMENT_A;BRAND_A3;305
2025;6;Kadin;SEGMENT_A;BRAND_A3;217
2025;7;Kadin;SEGMENT_A;BRAND_A3;238
2025;8;Kadin;SEGMENT_A;BRAND_A3;228
2025;9;Kadin;SEGMENT_A;BRAND_A3;259
2025;10;Kadin;SEGMENT_A;BRAND_A3;222
2025;11;Kadin;SEGMENT_A;BRAND_A3;234
2025;12;Kadin;SEGMENT_A;BRAND_A3;202
2025;13;Kadin;SEGMENT_A;BRAND_A3;261
2025;14;Kadin;SEGMENT_A;BRAND_A3;195
2025;15;Kadin;SEGMENT_A;BRAND_A3;247
2025;16;Kadin;SEGMENT_A;BRAND_A3;245
2025;17;Kadin;SEGMENT_A;BRAND_A3;254
2025;18;Kadin;SEGMENT_A;BRAND_A3;211
2025;19;Kadin;SEGMENT_A;BRAND_A3;247
2025;20;Kadin;SEGMENT_A;BRAND_A3;293
2025;21;Kadin;SEGMENT_A;BRAND_A3;338
2025;22;Kadin;SEGMENT_A;BRAND_A3;278
2025;23;Kadin;SEGMENT_A;BRAND_A3;319
2025;24;Kadin;SEGMENT_A;BRAND_A3;305
2025;25;Kadin;SEGMENT_A;BRAND_A3;308
2025;26;Kadin;SEGMENT_A;BRAND_A3;305
2025;27;Kadin;SEGMENT_A;BRAND_A3;330
2025;28;Kadin;SEGMENT_A;BRAND_A3;368
2025;29;Kadin;SEGMENT_A;BRAND_A3;382
2025;30;Kadin;SEGMENT_A;BRAND_A3;308
2025;31;Kadin;SEGMENT_A;BRAND_A3;344
2025;32;Kadin;SEGMENT_A;BRAND_A3;328
2025;33;Kadin;SEGMENT_A;BRAND_A3;381
2025;34;Kadin;SEGMENT_A;BRAND_A3;369
2025;35;Kadin;SEGMENT_A;BRAND_A3;405
2025;36;Kadin;SEGMENT_A;BRAND_A3;412
2025;37;Kadin;SEGMENT_A;BRAND_A3;306
2025;38;Kadin;SEGMENT_A;BRAND_A3;305
2025;39;Kadin;SEGMENT_A;BRAND_A3;396
2025;40;Kadin;SEGMENT_A;BRAND_A3;455
2025;41;Kadin;SEGMENT_A;BRAND_A3;369
2025;42;Kadin;SEGMENT_A;BRAND_A3;365
2025;43;Kadin;SEGMENT_A;BRAND_A3;433
2025;44;Kadin;SEGMENT_A;BRAND_A3;418
2025;45;Kadin;SEGMENT_A;BRAND_A3;333
2025;46;Kadin;SEGMENT_A;BRAND_A3;398
2025;47;Kadin;SEGMENT_A;BRAND_A3;441
2025;48;Kadin;SEGMENT_A;BRAND_A3;443
2025;49;Kadin;SEGMENT_A;BRAND_A3;304
2025;50;Kadin;SEGMENT_A;BRAND_A3;286
2025;51;Kadin;SEGMENT_A;BRAND_A3;327
2025;52;Kadin;SEGMENT_A;BRAND_A3;266
2026;1;Kadin;SEGMENT_A;BRAND_A3;310
2026;2;Kadin;SEGMENT_A;BRAND_A3;300
2026;3;Kadin;SEGMENT_A;BRAND_A3;282
2026;4;Kadin;SEGMENT_A;BRAND_A3;264
2026;5;Kadin;SEGMENT_A;BRAND_A3;251
2026;6;Kadin;SEGMENT_A;BRAND_A3;233
2026;7;Kadin;SEGMENT_A;BRAND_A3;308
2026;8;Kadin;SEGMENT_A;BRAND_A3;249
2026;9;Kadin;SEGMENT_A;BRAND_A3;244
2026;10;Kadin;SEGMENT_A;BRAND_A3;222
2026;11;Kadin;SEGMENT_A;BRAND_A3;289
2026;12;Kadin;SEGMENT_A;BRAND_A3;230
2026;13;Kadin;SEGMENT_A;BRAND_A3;255
2026;14;Kadin;SEGMENT_A;BRAND_A3;263
2026;15;Kadin;SEGMENT_A;BRAND_A3;256
2026;16;Kadin;SEGMENT_A;BRAND_A3;218
2026;17;Kadin;SEGMENT_A;BRAND_A3;285
2026;18;Kadin;SEGMENT_A;BRAND_A3;251
2026;19;Kadin;SEGMENT_A;BRAND_A3;305
2026;20;Kadin;SEGMENT_A;BRAND_A3;264
2026;21;Kadin;SEGMENT_A;BRAND_A3;292
2026;22;Kadin;SEGMENT_A;BRAND_A3;323
2026;23;Kadin;SEGMENT_A;BRAND_A3;365
2026;24;Kadin;SEGMENT_A;BRAND_A3;349
2026;25;Kadin;SEGMENT_A;BRAND_A3;357
2026;26;Kadin;SEGMENT_A;BRAND_A3;376
2026;27;Kadin;SEGMENT_A;BRAND_A3;324
2026;28;Kadin;SEGMENT_A;BRAND_A3;405
2026;29;Kadin;SEGMENT_A;BRAND_A3;364
2026;30;Kadin;SEGMENT_A;BRAND_A3;375
2026;31;Kadin;SEGMENT_A;BRAND_A3;398
2026;32;Kadin;SEGMENT_A;BRAND_A3;385
2026;33;Kadin;SEGMENT_A;BRAND_A3;363
2026;34;Kadin;SEGMENT_A;BRAND_A3;415
2023;1;Kadin;SEGMENT_A;BRAND_A4;275
2023;2;Kadin;SEGMENT_A;BRAND_A4;337
2023;3;Kadin;SEGMENT_A;BRAND_A4;257
2023;4;Kadin;SEGMENT_A;BRAND_A4;231
2023;5;Kadin;SEGMENT_A;BRAND_A4;231
2023;6;Kadin;SEGMENT_A;BRAND_A4;240
2023;7;Kadin;SEGMENT_A;BRAND_A4;242
2023;8;Kadin;SEGMENT_A;BRAND_A4;233
2023;9;Kadin;SEGMENT_A;BRAND_A4;286
2023;10;Kadin;SEGMENT_A;BRAND_A4;181
2023;11;Kadin;SEGMENT_A;BRAND_A4;229
2023;12;Kadin;SEGMENT_A;BRAND_A4;242
2023;13;Kadin;SEGMENT_A;BRAND_A4;260
2023;14;Kadin;SEGMENT_A;BRAND_A4;237
2023;15;Kadin;SEGMENT_A;BRAND_A4;243
2023;16;Kadin;SEGMENT_A;BRAND_A4;260
2023;17;Kadin;SEGMENT_A;BRAND_A4;244
2023;18;Kadin;SEGMENT_A;BRAND_A4;187
2023;19;Kadin;SEGMENT_A;BRAND_A4;223
2023;20;Kadin;SEGMENT_A;BRAND_A4;258
2023;21;Kadin;SEGMENT_A;BRAND_A4;243
2023;22;Kadin;SEGMENT_A;BRAND_A4;380
2023;23;Kadin;SEGMENT_A;BRAND_A4;279
2023;24;Kadin;SEGMENT_A;BRAND_A4;263
2023;25;Kadin;SEGMENT_A;BRAND_A4;308
2023;26;Kadin;SEGMENT_A;BRAND_A4;319
2023;27;Kadin;SEGMENT_A;BRAND_A4;303
2023;28;Kadin;SEGMENT_A;BRAND_A4;357
2023;29;Kadin;SEGMENT_A;BRAND_A4;300
2023;30;Kadin;SEGMENT_A;BRAND_A4;327
2023;31;Kadin;SEGMENT_A;BRAND_A4;368
2023;32;Kadin;SEGMENT_A;BRAND_A4;362
2023;33;Kadin;SEGMENT_A;BRAND_A4;412
2023;34;Kadin;SEGMENT_A;BRAND_A4;466
2023;35;Kadin;SEGMENT_A;BRAND_A4;381
2023;36;Kadin;SEGMENT_A;BRAND_A4;500
2023;37;Kadin;SEGMENT_A;BRAND_A4;344
2023;38;Kadin;SEGMENT_A;BRAND_A4;478
2023;39;Kadin;SEGMENT_A;BRAND_A4;341
2023;40;Kadin;SEGMENT_A;BRAND_A4;420
2023;41;Kadin;SEGMENT_A;BRAND_A4;367
2023;42;Kadin;SEGMENT_A;BRAND_A4;361
2023;43;Kadin;SEGMENT_A;BRAND_A4;512
2023;44;Kadin;SEGMENT_A;BRAND_A4;427
2023;45;Kadin;SEGMENT_A;BRAND_A4;369
2023;46;Kadin;SEGMENT_A;BRAND_A4;270
2023;47;Kadin;SEGMENT_A;BRAND_A4;394
2023;48;Kadin;SEGMENT_A;BRAND_A4;415
2023;49;Kadin;SEGMENT_A;BRAND_A4;344
2023;50;Kadin;SEGMENT_A;BRAND_A4;354
2023;51;Kadin;SEGMENT_A;BRAND_A4;294
2023;52;Kadin;SEGMENT_A;BRAND_A4;347
2024;1;Kadin;SEGMENT_A;BRAND_A4;330
2024;2;Kadin;SEGMENT_A;BRAND_A4;281
2024;3;Kadin;SEGMENT_A;BRAND_A4;253
2024;4;Kadin;SEGMENT_A;BRAND_A4;215
2024;5;Kadin;SEGMENT_A;BRAND_A4;287
2024;6;Kadin;SEGMENT_A;BRAND_A4;270
2024;7;Kadin;SEGMENT_A;BRAND_A4;284
2024;8;Kadin;SEGMENT_A;BRAND_A4;302
2024;9;Kadin;SEGMENT_A;BRAND_A4;312
2024;10;Kadin;SEGMENT_A;BRAND_A4;286
2024;11;Kadin;SEGMENT_A;BRAND_A4;239
2024;12;Kadin;SEGMENT_A;BRAND_A4;246
2024;13;Kadin;SEGMENT_A;BRAND_A4;283
2024;14;Kadin;SEGMENT_A;BRAND_A4;231
2024;15;Kadin;SEGMENT_A;BRAND_A4;236
2024;16;Kadin;SEGMENT_A;BRAND_A4;288
2024;17;Kadin;SEGMENT_A;BRAND_A4;331
2024;18;Kadin;SEGMENT_A;BRAND_A4;310
2024;19;Kadin;SEGMENT_A;BRAND_A4;311
2024;20;Kadin;SEGMENT_A;BRAND_A4;289
2024;21;Kadin;SEGMENT_A;BRAND_A4;272
2024;22;Kadin;SEGMENT_A;BRAND_A4;336
2024;23;Kadin;SEGMENT_A;BRAND_A4;386
2024;24;Kadin;SEGMENT_A;BRAND_A4;317
2024;25;Kadin;SEGMENT_A;BRAND_A4;318
2024;26;Kadin;SEGMENT_A;BRAND_A4;329
2024;27;Kadin;SEGMENT_A;BRAND_A4;380
2024;28;Kadin;SEGMENT_A;BRAND_A4;432
2024;29;Kadin;SEGMENT_A;BRAND_A4;302
2024;30;Kadin;SEGMENT_A;BRAND_A4;397
2024;31;Kadin;SEGMENT_A;BRAND_A4;344
2024;32;Kadin;SEGMENT_A;BRAND_A4;523
2024;33;Kadin;SEGMENT_A;BRAND_A4;427
2024;34;Kadin;SEGMENT_A;BRAND_A4;405
2024;35;Kadin;SEGMENT_A;BRAND_A4;443
2024;36;Kadin;SEGMENT_A;BRAND_A4;359
2024;37;Kadin;SEGMENT_A;BRAND_A4;379
2024;38;Kadin;SEGMENT_A;BRAND_A4;440
2024;39;Kadin;SEGMENT_A;BRAND_A4;322
2024;40;Kadin;SEGMENT_A;BRAND_A4;478
2024;41;Kadin;SEGMENT_A;BRAND_A4;322
2024;42;Kadin;SEGMENT_A;BRAND_A4;499
2024;43;Kadin;SEGMENT_A;BRAND_A4;408
2024;44;Kadin;SEGMENT_A;BRAND_A4;462
2024;45;Kadin;SEGMENT_A;BRAND_A4;433
2024;46;Kadin;SEGMENT_A;BRAND_A4;505
2024;47;Kadin;SEGMENT_A;BRAND_A4;560
2024;48;Kadin;SEGMENT_A;BRAND_A4;603
2024;49;Kadin;SEGMENT_A;BRAND_A4;353
2024;50;Kadin;SEGMENT_A;BRAND_A4;305
2024;51;Kadin;SEGMENT_A;BRAND_A4;401
2024;52;Kadin;SEGMENT_A;BRAND_A4;287
2025;1;Kadin;SEGMENT_A;BRAND_A4;368
2025;2;Kadin;SEGMENT_A;BRAND_A4;288
2025;3;Kadin;SEGMENT_A;BRAND_A4;328
2025;4;Kadin;SEGMENT_A;BRAND_A4;386
2025;5;Kadin;SEGMENT_A;BRAND_A4;326
2025;6;Kadin;SEGMENT_A;BRAND_A4;286
2025;7;Kadin;SEGMENT_A;BRAND_A4;303
2025;8;Kadin;SEGMENT_A;BRAND_A4;265
2025;9;Kadin;SEGMENT_A;BRAND_A4;367
2025;10;Kadin;SEGMENT_A;BRAND_A4;252
2025;11;Kadin;SEGMENT_A;BRAND_A4;270
2025;12;Kadin;SEGMENT_A;BRAND_A4;293
2025;13;Kadin;SEGMENT_A;BRAND_A4;286
2025;14;Kadin;SEGMENT_A;BRAND_A4;293
2025;15;Kadin;SEGMENT_A;BRAND_A4;264
2025;16;Kadin;SEGMENT_A;BRAND_A4;277
2025;17;Kadin;SEGMENT_A;BRAND_A4;326
2025;18;Kadin;SEGMENT_A;BRAND_A4;332
2025;19;Kadin;SEGMENT_A;BRAND_A4;322
2025;20;Kadin;SEGMENT_A;BRAND_A4;372
2025;21;Kadin;SEGMENT_A;BRAND_A4;367
2025;22;Kadin;SEGMENT_A;BRAND_A4;373
2025;23;Kadin;SEGMENT_A;BRAND_A4;288
2025;24;Kadin;SEGMENT_A;BRAND_A4;377
2025;25;Kadin;SEGMENT_A;BRAND_A4;380
2025;26;Kadin;SEGMENT_A;BRAND_A4;459
2025;27;Kadin;SEGMENT_A;BRAND_A4;280
2025;28;Kadin;SEGMENT_A;BRAND_A4;399
2025;29;Kadin;SEGMENT_A;BRAND_A4;423
2025;30;Kadin;SEGMENT_A;BRAND_A4;376
2025;31;Kadin;SEGMENT_A;BRAND_A4;392
2025;32;Kadin;SEGMENT_A;BRAND_A4;534
2025;33;Kadin;SEGMENT_A;BRAND_A4;480
2025;34;Kadin;SEGMENT_A;BRAND_A4;577
2025;35;Kadin;SEGMENT_A;BRAND_A4;456
2025;36;Kadin;SEGMENT_A;BRAND_A4;397
2025;37;Kadin;SEGMENT_A;BRAND_A4;455
2025;38;Kadin;SEGMENT_A;BRAND_A4;448
2025;39;Kadin;SEGMENT_A;BRAND_A4;516
2025;40;Kadin;SEGMENT_A;BRAND_A4;512
2025;41;Kadin;SEGMENT_A;BRAND_A4;501
2025;42;Kadin;SEGMENT_A;BRAND_A4;610
2025;43;Kadin;SEGMENT_A;BRAND_A4;537
2025;44;Kadin;SEGMENT_A;BRAND_A4;411
2025;45;Kadin;SEGMENT_A;BRAND_A4;504
2025;46;Kadin;SEGMENT_A;BRAND_A4;441
2025;47;Kadin;SEGMENT_A;BRAND_A4;566
2025;48;Kadin;SEGMENT_A;BRAND_A4;671
2025;49;Kadin;SEGMENT_A;BRAND_A4;367
2025;50;Kadin;SEGMENT_A;BRAND_A4;445
2025;51;Kadin;SEGMENT_A;BRAND_A4;424
2025;52;Kadin;SEGMENT_A;BRAND_A4;336
2026;1;Kadin;SEGMENT_A;BRAND_A4;300
2026;2;Kadin;SEGMENT_A;BRAND_A4;351
2026;3;Kadin;SEGMENT_A;BRAND_A4;241
2026;4;Kadin;SEGMENT_A;BRAND_A4;383
2026;5;Kadin;SEGMENT_A;BRAND_A4;340
2026;6;Kadin;SEGMENT_A;BRAND_A4;378
2026;7;Kadin;SEGMENT_A;BRAND_A4;322
2026;8;Kadin;SEGMENT_A;BRAND_A4;367
2026;9;Kadin;SEGMENT_A;BRAND_A4;280
2026;10;Kadin;SEGMENT_A;BRAND_A4;317
2026;11;Kadin;SEGMENT_A;BRAND_A4;282
2026;12;Kadin;SEGMENT_A;BRAND_A4;292
2026;13;Kadin;SEGMENT_A;BRAND_A4;300
2026;14;Kadin;SEGMENT_A;BRAND_A4;313
2026;15;Kadin;SEGMENT_A;BRAND_A4;278
2026;16;Kadin;SEGMENT_A;BRAND_A4;327
2026;17;Kadin;SEGMENT_A;BRAND_A4;317
2026;18;Kadin;SEGMENT_A;BRAND_A4;275
2026;19;Kadin;SEGMENT_A;BRAND_A4;269
2026;20;Kadin;SEGMENT_A;BRAND_A4;392
2026;21;Kadin;SEGMENT_A;BRAND_A4;269
2026;22;Kadin;SEGMENT_A;BRAND_A4;358
2026;23;Kadin;SEGMENT_A;BRAND_A4;316
2026;24;Kadin;SEGMENT_A;BRAND_A4;478
2026;25;Kadin;SEGMENT_A;BRAND_A4;430
2026;26;Kadin;SEGMENT_A;BRAND_A4;432
2026;27;Kadin;SEGMENT_A;BRAND_A4;388
2026;28;Kadin;SEGMENT_A;BRAND_A4;373
2026;29;Kadin;SEGMENT_A;BRAND_A4;461
2026;30;Kadin;SEGMENT_A;BRAND_A4;461
2026;31;Kadin;SEGMENT_A;BRAND_A4;416
2026;32;Kadin;SEGMENT_A;BRAND_A4;422
2026;33;Kadin;SEGMENT_A;BRAND_A4;427
2026;34;Kadin;SEGMENT_A;BRAND_A4;432
2023;1;Kadin;SEGMENT_B;BRAND_B1;142
2023;2;Kadin;SEGMENT_B;BRAND_B1;141
2023;3;Kadin;SEGMENT_B;BRAND_B1;128
2023;4;Kadin;SEGMENT_B;BRAND_B1;127
2023;5;Kadin;SEGMENT_B;BRAND_B1;129
2023;6;Kadin;SEGMENT_B;BRAND_B1;91
2023;7;Kadin;SEGMENT_B;BRAND_B1;115
2023;8;Kadin;SEGMENT_B;BRAND_B1;126
2023;9;Kadin;SEGMENT_B;BRAND_B1;82
2023;10;Kadin;SEGMENT_B;BRAND_B1;72
2023;11;Kadin;SEGMENT_B;BRAND_B1;95
2023;12;Kadin;SEGMENT_B;BRAND_B1;107
2023;13;Kadin;SEGMENT_B;BRAND_B1;89
2023;14;Kadin;SEGMENT_B;BRAND_B1;96
2023;15;Kadin;SEGMENT_B;BRAND_B1;91
2023;16;Kadin;SEGMENT_B;BRAND_B1;75
2023;17;Kadin;SEGMENT_B;BRAND_B1;76
2023;18;Kadin;SEGMENT_B;BRAND_B1;70
2023;19;Kadin;SEGMENT_B;BRAND_B1;103
2023;20;Kadin;SEGMENT_B;BRAND_B1;96
2023;21;Kadin;SEGMENT_B;BRAND_B1;87
2023;22;Kadin;SEGMENT_B;BRAND_B1;87
2023;23;Kadin;SEGMENT_B;BRAND_B1;84
2023;24;Kadin;SEGMENT_B;BRAND_B1;100
2023;25;Kadin;SEGMENT_B;BRAND_B1;90
2023;26;Kadin;SEGMENT_B;BRAND_B1;98
2023;27;Kadin;SEGMENT_B;BRAND_B1;98
2023;28;Kadin;SEGMENT_B;BRAND_B1;121
2023;29;Kadin;SEGMENT_B;BRAND_B1;112
2023;30;Kadin;SEGMENT_B;BRAND_B1;121
2023;31;Kadin;SEGMENT_B;BRAND_B1;108
2023;32;Kadin;SEGMENT_B;BRAND_B1;119
2023;33;Kadin;SEGMENT_B;BRAND_B1;135
2023;34;Kadin;SEGMENT_B;BRAND_B1;113
2023;35;Kadin;SEGMENT_B;BRAND_B1;138
2023;36;Kadin;SEGMENT_B;BRAND_B1;145
2023;37;Kadin;SEGMENT_B;BRAND_B1;128
2023;38;Kadin;SEGMENT_B;BRAND_B1;172
2023;39;Kadin;SEGMENT_B;BRAND_B1;162
2023;40;Kadin;SEGMENT_B;BRAND_B1;155
2023;41;Kadin;SEGMENT_B;BRAND_B1;147
2023;42;Kadin;SEGMENT_B;BRAND_B1;133
2023;43;Kadin;SEGMENT_B;BRAND_B1;182
2023;44;Kadin;SEGMENT_B;BRAND_B1;154
2023;45;Kadin;SEGMENT_B;BRAND_B1;137
2023;46;Kadin;SEGMENT_B;BRAND_B1;148
2023;47;Kadin;SEGMENT_B;BRAND_B1;229
2023;48;Kadin;SEGMENT_B;BRAND_B1;221
2023;49;Kadin;SEGMENT_B;BRAND_B1;138
2023;50;Kadin;SEGMENT_B;BRAND_B1;177
2023;51;Kadin;SEGMENT_B;BRAND_B1;127
2023;52;Kadin;SEGMENT_B;BRAND_B1;174
2024;1;Kadin;SEGMENT_B;BRAND_B1;147
2024;2;Kadin;SEGMENT_B;BRAND_B1;133
2024;3;Kadin;SEGMENT_B;BRAND_B1;131
2024;4;Kadin;SEGMENT_B;BRAND_B1;132
2024;5;Kadin;SEGMENT_B;BRAND_B1;135
2024;6;Kadin;SEGMENT_B;BRAND_B1;99
2024;7;Kadin;SEGMENT_B;BRAND_B1;107
2024;8;Kadin;SEGMENT_B;BRAND_B1;114
2024;9;Kadin;SEGMENT_B;BRAND_B1;126
2024;10;Kadin;SEGMENT_B;BRAND_B1;121
2024;11;Kadin;SEGMENT_B;BRAND_B1;123
2024;12;Kadin;SEGMENT_B;BRAND_B1;112
2024;13;Kadin;SEGMENT_B;BRAND_B1;87
2024;14;Kadin;SEGMENT_B;BRAND_B1;93
2024;15;Kadin;SEGMENT_B;BRAND_B1;105
2024;16;Kadin;SEGMENT_B;BRAND_B1;102
2024;17;Kadin;SEGMENT_B;BRAND_B1;88
2024;18;Kadin;SEGMENT_B;BRAND_B1;95
2024;19;Kadin;SEGMENT_B;BRAND_B1;85
2024;20;Kadin;SEGMENT_B;BRAND_B1;76
2024;21;Kadin;SEGMENT_B;BRAND_B1;91
2024;22;Kadin;SEGMENT_B;BRAND_B1;92
2024;23;Kadin;SEGMENT_B;BRAND_B1;91
2024;24;Kadin;SEGMENT_B;BRAND_B1;106
2024;25;Kadin;SEGMENT_B;BRAND_B1;100
2024;26;Kadin;SEGMENT_B;BRAND_B1;112
2024;27;Kadin;SEGMENT_B;BRAND_B1;122
2024;28;Kadin;SEGMENT_B;BRAND_B1;154
2024;29;Kadin;SEGMENT_B;BRAND_B1;119
2024;30;Kadin;SEGMENT_B;BRAND_B1;144
2024;31;Kadin;SEGMENT_B;BRAND_B1;133
2024;32;Kadin;SEGMENT_B;BRAND_B1;139
2024;33;Kadin;SEGMENT_B;BRAND_B1;138
2024;34;Kadin;SEGMENT_B;BRAND_B1;146
2024;35;Kadin;SEGMENT_B;BRAND_B1;144
2024;36;Kadin;SEGMENT_B;BRAND_B1;172
2024;37;Kadin;SEGMENT_B;BRAND_B1;143
2024;38;Kadin;SEGMENT_B;BRAND_B1;133
2024;39;Kadin;SEGMENT_B;BRAND_B1;153
2024;40;Kadin;SEGMENT_B;BRAND_B1;153
2024;41;Kadin;SEGMENT_B;BRAND_B1;157
2024;42;Kadin;SEGMENT_B;BRAND_B1;166
2024;43;Kadin;SEGMENT_B;BRAND_B1;159
2024;44;Kadin;SEGMENT_B;BRAND_B1;167
2024;45;Kadin;SEGMENT_B;BRAND_B1;160
2024;46;Kadin;SEGMENT_B;BRAND_B1;178
2024;47;Kadin;SEGMENT_B;BRAND_B1;303
2024;48;Kadin;SEGMENT_B;BRAND_B1;231
2024;49;Kadin;SEGMENT_B;BRAND_B1;155
2024;50;Kadin;SEGMENT_B;BRAND_B1;122
2024;51;Kadin;SEGMENT_B;BRAND_B1;199
2024;52;Kadin;SEGMENT_B;BRAND_B1;159
2025;1;Kadin;SEGMENT_B;BRAND_B1;148
2025;2;Kadin;SEGMENT_B;BRAND_B1;111
2025;3;Kadin;SEGMENT_B;BRAND_B1;140
2025;4;Kadin;SEGMENT_B;BRAND_B1;139
2025;5;Kadin;SEGMENT_B;BRAND_B1;124
2025;6;Kadin;SEGMENT_B;BRAND_B1;109
2025;7;Kadin;SEGMENT_B;BRAND_B1;104
2025;8;Kadin;SEGMENT_B;BRAND_B1;150
2025;9;Kadin;SEGMENT_B;BRAND_B1;116
2025;10;Kadin;SEGMENT_B;BRAND_B1;104
2025;11;Kadin;SEGMENT_B;BRAND_B1;107
2025;12;Kadin;SEGMENT_B;BRAND_B1;103
2025;13;Kadin;SEGMENT_B;BRAND_B1;84
2025;14;Kadin;SEGMENT_B;BRAND_B1;109
2025;15;Kadin;SEGMENT_B;BRAND_B1;94
2025;16;Kadin;SEGMENT_B;BRAND_B1;96
2025;17;Kadin;SEGMENT_B;BRAND_B1;112
2025;18;Kadin;SEGMENT_B;BRAND_B1;80
2025;19;Kadin;SEGMENT_B;BRAND_B1;86
2025;20;Kadin;SEGMENT_B;BRAND_B1;99
2025;21;Kadin;SEGMENT_B;BRAND_B1;108
2025;22;Kadin;SEGMENT_B;BRAND_B1;92
2025;23;Kadin;SEGMENT_B;BRAND_B1;95
2025;24;Kadin;SEGMENT_B;BRAND_B1;113
2025;25;Kadin;SEGMENT_B;BRAND_B1;142
2025;26;Kadin;SEGMENT_B;BRAND_B1;113
2025;27;Kadin;SEGMENT_B;BRAND_B1;106
2025;28;Kadin;SEGMENT_B;BRAND_B1;106
2025;29;Kadin;SEGMENT_B;BRAND_B1;123
2025;30;Kadin;SEGMENT_B;BRAND_B1;144
2025;31;Kadin;SEGMENT_B;BRAND_B1;190
2025;32;Kadin;SEGMENT_B;BRAND_B1;135
2025;33;Kadin;SEGMENT_B;BRAND_B1;147
2025;34;Kadin;SEGMENT_B;BRAND_B1;185
2025;35;Kadin;SEGMENT_B;BRAND_B1;161
2025;36;Kadin;SEGMENT_B;BRAND_B1;164
2025;37;Kadin;SEGMENT_B;BRAND_B1;195
2025;38;Kadin;SEGMENT_B;BRAND_B1;169
2025;39;Kadin;SEGMENT_B;BRAND_B1;151
2025;40;Kadin;SEGMENT_B;BRAND_B1;200
2025;41;Kadin;SEGMENT_B;BRAND_B1;145
2025;42;Kadin;SEGMENT_B;BRAND_B1;200
2025;43;Kadin;SEGMENT_B;BRAND_B1;178
2025;44;Kadin;SEGMENT_B;BRAND_B1;172
2025;45;Kadin;SEGMENT_B;BRAND_B1;171
2025;46;Kadin;SEGMENT_B;BRAND_B1;174
2025;47;Kadin;SEGMENT_B;BRAND_B1;226
2025;48;Kadin;SEGMENT_B;BRAND_B1;248
2025;49;Kadin;SEGMENT_B;BRAND_B1;164
2025;50;Kadin;SEGMENT_B;BRAND_B1;134
2025;51;Kadin;SEGMENT_B;BRAND_B1;165
2025;52;Kadin;SEGMENT_B;BRAND_B1;181
2026;1;Kadin;SEGMENT_B;BRAND_B1;124
2026;2;Kadin;SEGMENT_B;BRAND_B1;153
2026;3;Kadin;SEGMENT_B;BRAND_B1;140
2026;4;Kadin;SEGMENT_B;BRAND_B1;161
2026;5;Kadin;SEGMENT_B;BRAND_B1;134
2026;6;Kadin;SEGMENT_B;BRAND_B1;147
2026;7;Kadin;SEGMENT_B;BRAND_B1;139
2026;8;Kadin;SEGMENT_B;BRAND_B1;135
2026;9;Kadin;SEGMENT_B;BRAND_B1;144
2026;10;Kadin;SEGMENT_B;BRAND_B1;112
2026;11;Kadin;SEGMENT_B;BRAND_B1;112
2026;12;Kadin;SEGMENT_B;BRAND_B1;114
2026;13;Kadin;SEGMENT_B;BRAND_B1;106
2026;14;Kadin;SEGMENT_B;BRAND_B1;99
2026;15;Kadin;SEGMENT_B;BRAND_B1;90
2026;16;Kadin;SEGMENT_B;BRAND_B1;99
2026;17;Kadin;SEGMENT_B;BRAND_B1;82
2026;18;Kadin;SEGMENT_B;BRAND_B1;77
2026;19;Kadin;SEGMENT_B;BRAND_B1;86
2026;20;Kadin;SEGMENT_B;BRAND_B1;108
2026;21;Kadin;SEGMENT_B;BRAND_B1;104
2026;22;Kadin;SEGMENT_B;BRAND_B1;112
2026;23;Kadin;SEGMENT_B;BRAND_B1;97
2026;24;Kadin;SEGMENT_B;BRAND_B1;124
2026;25;Kadin;SEGMENT_B;BRAND_B1;95
2026;26;Kadin;SEGMENT_B;BRAND_B1;103
2026;27;Kadin;SEGMENT_B;BRAND_B1;137
2026;28;Kadin;SEGMENT_B;BRAND_B1;129
2026;29;Kadin;SEGMENT_B;BRAND_B1;142
2026;30;Kadin;SEGMENT_B;BRAND_B1;140
2026;31;Kadin;SEGMENT_B;BRAND_B1;132
2026;32;Kadin;SEGMENT_B;BRAND_B1;127
2026;33;Kadin;SEGMENT_B;BRAND_B1;122
2026;34;Kadin;SEGMENT_B;BRAND_B1;195
2023;1;Kadin;SEGMENT_B;BRAND_B2;145
2023;2;Kadin;SEGMENT_B;BRAND_B2;122
2023;3;Kadin;SEGMENT_B;BRAND_B2;98
2023;4;Kadin;SEGMENT_B;BRAND_B2;107
2023;5;Kadin;SEGMENT_B;BRAND_B2;97
2023;6;Kadin;SEGMENT_B;BRAND_B2;128
2023;7;Kadin;SEGMENT_B;BRAND_B2;95
2023;8;Kadin;SEGMENT_B;BRAND_B2;102
2023;9;Kadin;SEGMENT_B;BRAND_B2;84
2023;10;Kadin;SEGMENT_B;BRAND_B2;92
2023;11;Kadin;SEGMENT_B;BRAND_B2;88
2023;12;Kadin;SEGMENT_B;BRAND_B2;98
2023;13;Kadin;SEGMENT_B;BRAND_B2;96
2023;14;Kadin;SEGMENT_B;BRAND_B2;87
2023;15;Kadin;SEGMENT_B;BRAND_B2;80
2023;16;Kadin;SEGMENT_B;BRAND_B2;76
2023;17;Kadin;SEGMENT_B;BRAND_B2;89
2023;18;Kadin;SEGMENT_B;BRAND_B2;96
2023;19;Kadin;SEGMENT_B;BRAND_B2;77
2023;20;Kadin;SEGMENT_B;BRAND_B2;81
2023;21;Kadin;SEGMENT_B;BRAND_B2;75
2023;22;Kadin;SEGMENT_B;BRAND_B2;69
2023;23;Kadin;SEGMENT_B;BRAND_B2;89
2023;24;Kadin;SEGMENT_B;BRAND_B2;86
2023;25;Kadin;SEGMENT_B;BRAND_B2;106
2023;26;Kadin;SEGMENT_B;BRAND_B2;80
2023;27;Kadin;SEGMENT_B;BRAND_B2;93
2023;28;Kadin;SEGMENT_B;BRAND_B2;91
2023;29;Kadin;SEGMENT_B;BRAND_B2;111
2023;30;Kadin;SEGMENT_B;BRAND_B2;106
2023;31;Kadin;SEGMENT_B;BRAND_B2;103
2023;32;Kadin;SEGMENT_B;BRAND_B2;107
2023;33;Kadin;SEGMENT_B;BRAND_B2;123
2023;34;Kadin;SEGMENT_B;BRAND_B2;122
2023;35;Kadin;SEGMENT_B;BRAND_B2;124
2023;36;Kadin;SEGMENT_B;BRAND_B2;142
2023;37;Kadin;SEGMENT_B;BRAND_B2;117
2023;38;Kadin;SEGMENT_B;BRAND_B2;152
2023;39;Kadin;SEGMENT_B;BRAND_B2;168
2023;40;Kadin;SEGMENT_B;BRAND_B2;148
2023;41;Kadin;SEGMENT_B;BRAND_B2;158
2023;42;Kadin;SEGMENT_B;BRAND_B2;152
2023;43;Kadin;SEGMENT_B;BRAND_B2;144
2023;44;Kadin;SEGMENT_B;BRAND_B2;163
2023;45;Kadin;SEGMENT_B;BRAND_B2;150
2023;46;Kadin;SEGMENT_B;BRAND_B2;153
2023;47;Kadin;SEGMENT_B;BRAND_B2;214
2023;48;Kadin;SEGMENT_B;BRAND_B2;178
2023;49;Kadin;SEGMENT_B;BRAND_B2;121
2023;50;Kadin;SEGMENT_B;BRAND_B2;181
2023;51;Kadin;SEGMENT_B;BRAND_B2;150
2023;52;Kadin;SEGMENT_B;BRAND_B2;144
2024;1;Kadin;SEGMENT_B;BRAND_B2;127
2024;2;Kadin;SEGMENT_B;BRAND_B2;139
2024;3;Kadin;SEGMENT_B;BRAND_B2;119
2024;4;Kadin;SEGMENT_B;BRAND_B2;133
2024;5;Kadin;SEGMENT_B;BRAND_B2;126
2024;6;Kadin;SEGMENT_B;BRAND_B2;120
2024;7;Kadin;SEGMENT_B;BRAND_B2;119
2024;8;Kadin;SEGMENT_B;BRAND_B2;103
2024;9;Kadin;SEGMENT_B;BRAND_B2;100
2024;10;Kadin;SEGMENT_B;BRAND_B2;108
2024;11;Kadin;SEGMENT_B;BRAND_B2;83
2024;12;Kadin;SEGMENT_B;BRAND_B2;95
2024;13;Kadin;SEGMENT_B;BRAND_B2;107
2024;14;Kadin;SEGMENT_B;BRAND_B2;78
2024;15;Kadin;SEGMENT_B;BRAND_B2;96
2024;16;Kadin;SEGMENT_B;BRAND_B2;90
2024;17;Kadin;SEGMENT_B;BRAND_B2;80
2024;18;Kadin;SEGMENT_B;BRAND_B2;92
2024;19;Kadin;SEGMENT_B;BRAND_B2;79
2024;20;Kadin;SEGMENT_B;BRAND_B2;87
2024;21;Kadin;SEGMENT_B;BRAND_B2;75
2024;22;Kadin;SEGMENT_B;BRAND_B2;67
2024;23;Kadin;SEGMENT_B;BRAND_B2;89
2024;24;Kadin;SEGMENT_B;BRAND_B2;91
2024;25;Kadin;SEGMENT_B;BRAND_B2;95
2024;26;Kadin;SEGMENT_B;BRAND_B2;114
2024;27;Kadin;SEGMENT_B;BRAND_B2;122
2024;28;Kadin;SEGMENT_B;BRAND_B2;116
2024;29;Kadin;SEGMENT_B;BRAND_B2;126
2024;30;Kadin;SEGMENT_B;BRAND_B2;111
2024;31;Kadin;SEGMENT_B;BRAND_B2;112
2024;32;Kadin;SEGMENT_B;BRAND_B2;139
2024;33;Kadin;SEGMENT_B;BRAND_B2;118
2024;34;Kadin;SEGMENT_B;BRAND_B2;121
2024;35;Kadin;SEGMENT_B;BRAND_B2;203
2024;36;Kadin;SEGMENT_B;BRAND_B2;149
2024;37;Kadin;SEGMENT_B;BRAND_B2;143
2024;38;Kadin;SEGMENT_B;BRAND_B2;144
2024;39;Kadin;SEGMENT_B;BRAND_B2;133
2024;40;Kadin;SEGMENT_B;BRAND_B2;166
2024;41;Kadin;SEGMENT_B;BRAND_B2;157
2024;42;Kadin;SEGMENT_B;BRAND_B2;184
2024;43;Kadin;SEGMENT_B;BRAND_B2;176
2024;44;Kadin;SEGMENT_B;BRAND_B2;159
2024;45;Kadin;SEGMENT_B;BRAND_B2;130
2024;46;Kadin;SEGMENT_B;BRAND_B2;166
2024;47;Kadin;SEGMENT_B;BRAND_B2;220
2024;48;Kadin;SEGMENT_B;BRAND_B2;169
2024;49;Kadin;SEGMENT_B;BRAND_B2;168
2024;50;Kadin;SEGMENT_B;BRAND_B2;137
2024;51;Kadin;SEGMENT_B;BRAND_B2;174
2024;52;Kadin;SEGMENT_B;BRAND_B2;148
2025;1;Kadin;SEGMENT_B;BRAND_B2;136
2025;2;Kadin;SEGMENT_B;BRAND_B2;146
2025;3;Kadin;SEGMENT_B;BRAND_B2;140
2025;4;Kadin;SEGMENT_B;BRAND_B2;135
2025;5;Kadin;SEGMENT_B;BRAND_B2;143
2025;6;Kadin;SEGMENT_B;BRAND_B2;100
2025;7;Kadin;SEGMENT_B;BRAND_B2;123
2025;8;Kadin;SEGMENT_B;BRAND_B2;106
2025;9;Kadin;SEGMENT_B;BRAND_B2;107
2025;10;Kadin;SEGMENT_B;BRAND_B2;127
2025;11;Kadin;SEGMENT_B;BRAND_B2;94
2025;12;Kadin;SEGMENT_B;BRAND_B2;105
2025;13;Kadin;SEGMENT_B;BRAND_B2;109
2025;14;Kadin;SEGMENT_B;BRAND_B2;101
2025;15;Kadin;SEGMENT_B;BRAND_B2;94
2025;16;Kadin;SEGMENT_B;BRAND_B2;94
2025;17;Kadin;SEGMENT_B;BRAND_B2;98
2025;18;Kadin;SEGMENT_B;BRAND_B2;83
2025;19;Kadin;SEGMENT_B;BRAND_B2;91
2025;20;Kadin;SEGMENT_B;BRAND_B2;120
2025;21;Kadin;SEGMENT_B;BRAND_B2;99
2025;22;Kadin;SEGMENT_B;BRAND_B2;97
2025;23;Kadin;SEGMENT_B;BRAND_B2;94
2025;24;Kadin;SEGMENT_B;BRAND_B2;92
2025;25;Kadin;SEGMENT_B;BRAND_B2;108
2025;26;Kadin;SEGMENT_B;BRAND_B2;113
2025;27;Kadin;SEGMENT_B;BRAND_B2;112
2025;28;Kadin;SEGMENT_B;BRAND_B2;163
2025;29;Kadin;SEGMENT_B;BRAND_B2;112
2025;30;Kadin;SEGMENT_B;BRAND_B2;113
2025;31;Kadin;SEGMENT_B;BRAND_B2;126
2025;32;Kadin;SEGMENT_B;BRAND_B2;136
2025;33;Kadin;SEGMENT_B;BRAND_B2;128
2025;34;Kadin;SEGMENT_B;BRAND_B2;150
2025;35;Kadin;SEGMENT_B;BRAND_B2;157
2025;36;Kadin;SEGMENT_B;BRAND_B2;168
2025;37;Kadin;SEGMENT_B;BRAND_B2;149
2025;38;Kadin;SEGMENT_B;BRAND_B2;190
2025;39;Kadin;SEGMENT_B;BRAND_B2;178
2025;40;Kadin;SEGMENT_B;BRAND_B2;236
2025;41;Kadin;SEGMENT_B;BRAND_B2;156
2025;42;Kadin;SEGMENT_B;BRAND_B2;155
2025;43;Kadin;SEGMENT_B;BRAND_B2;167
2025;44;Kadin;SEGMENT_B;BRAND_B2;180
2025;45;Kadin;SEGMENT_B;BRAND_B2;183
2025;46;Kadin;SEGMENT_B;BRAND_B2;185
2025;47;Kadin;SEGMENT_B;BRAND_B2;298
2025;48;Kadin;SEGMENT_B;BRAND_B2;183
2025;49;Kadin;SEGMENT_B;BRAND_B2;135
2025;50;Kadin;SEGMENT_B;BRAND_B2;162
2025;51;Kadin;SEGMENT_B;BRAND_B2;205
2025;52;Kadin;SEGMENT_B;BRAND_B2;171
2026;1;Kadin;SEGMENT_B;BRAND_B2;136
2026;2;Kadin;SEGMENT_B;BRAND_B2;152
2026;3;Kadin;SEGMENT_B;BRAND_B2;141
2026;4;Kadin;SEGMENT_B;BRAND_B2;136
2026;5;Kadin;SEGMENT_B;BRAND_B2;126
2026;6;Kadin;SEGMENT_B;BRAND_B2;131
2026;7;Kadin;SEGMENT_B;BRAND_B2;143
2026;8;Kadin;SEGMENT_B;BRAND_B2;114
2026;9;Kadin;SEGMENT_B;BRAND_B2;125
2026;10;Kadin;SEGMENT_B;BRAND_B2;123
2026;11;Kadin;SEGMENT_B;BRAND_B2;127
2026;12;Kadin;SEGMENT_B;BRAND_B2;95
2026;13;Kadin;SEGMENT_B;BRAND_B2;102
2026;14;Kadin;SEGMENT_B;BRAND_B2;92
2026;15;Kadin;SEGMENT_B;BRAND_B2;99
2026;16;Kadin;SEGMENT_B;BRAND_B2;97
2026;17;Kadin;SEGMENT_B;BRAND_B2;83
2026;18;Kadin;SEGMENT_B;BRAND_B2;97
2026;19;Kadin;SEGMENT_B;BRAND_B2;124
2026;20;Kadin;SEGMENT_B;BRAND_B2;102
2026;21;Kadin;SEGMENT_B;BRAND_B2;84
2026;22;Kadin;SEGMENT_B;BRAND_B2;90
2026;23;Kadin;SEGMENT_B;BRAND_B2;102
2026;24;Kadin;SEGMENT_B;BRAND_B2;95
2026;25;Kadin;SEGMENT_B;BRAND_B2;127
2026;26;Kadin;SEGMENT_B;BRAND_B2;96
2026;27;Kadin;SEGMENT_B;BRAND_B2;125
2026;28;Kadin;SEGMENT_B;BRAND_B2;101
2026;29;Kadin;SEGMENT_B;BRAND_B2;127
2026;30;Kadin;SEGMENT_B;BRAND_B2;117
2026;31;Kadin;SEGMENT_B;BRAND_B2;149
2026;32;Kadin;SEGMENT_B;BRAND_B2;162
2026;33;Kadin;SEGMENT_B;BRAND_B2;154
2026;34;Kadin;SEGMENT_B;BRAND_B2;174
2023;1;Kadin;SEGMENT_B;BRAND_B3;323
2023;2;Kadin;SEGMENT_B;BRAND_B3;327
2023;3;Kadin;SEGMENT_B;BRAND_B3;322
2023;4;Kadin;SEGMENT_B;BRAND_B3;232
2023;5;Kadin;SEGMENT_B;BRAND_B3;294
2023;6;Kadin;SEGMENT_B;BRAND_B3;291
2023;7;Kadin;SEGMENT_B;BRAND_B3;264
2023;8;Kadin;SEGMENT_B;BRAND_B3;215
2023;9;Kadin;SEGMENT_B;BRAND_B3;226
2023;10;Kadin;SEGMENT_B;BRAND_B3;270
2023;11;Kadin;SEGMENT_B;BRAND_B3;257
2023;12;Kadin;SEGMENT_B;BRAND_B3;230
2023;13;Kadin;SEGMENT_B;BRAND_B3;231
2023;14;Kadin;SEGMENT_B;BRAND_B3;233
2023;15;Kadin;SEGMENT_B;BRAND_B3;214
2023;16;Kadin;SEGMENT_B;BRAND_B3;231
2023;17;Kadin;SEGMENT_B;BRAND_B3;228
2023;18;Kadin;SEGMENT_B;BRAND_B3;270
2023;19;Kadin;SEGMENT_B;BRAND_B3;187
2023;20;Kadin;SEGMENT_B;BRAND_B3;189
2023;21;Kadin;SEGMENT_B;BRAND_B3;146
2023;22;Kadin;SEGMENT_B;BRAND_B3;218
2023;23;Kadin;SEGMENT_B;BRAND_B3;270
2023;24;Kadin;SEGMENT_B;BRAND_B3;258
2023;25;Kadin;SEGMENT_B;BRAND_B3;252
2023;26;Kadin;SEGMENT_B;BRAND_B3;279
2023;27;Kadin;SEGMENT_B;BRAND_B3;261
2023;28;Kadin;SEGMENT_B;BRAND_B3;247
2023;29;Kadin;SEGMENT_B;BRAND_B3;347
2023;30;Kadin;SEGMENT_B;BRAND_B3;290
2023;31;Kadin;SEGMENT_B;BRAND_B3;329
2023;32;Kadin;SEGMENT_B;BRAND_B3;223
2023;33;Kadin;SEGMENT_B;BRAND_B3;236
2023;34;Kadin;SEGMENT_B;BRAND_B3;324
2023;35;Kadin;SEGMENT_B;BRAND_B3;294
2023;36;Kadin;SEGMENT_B;BRAND_B3;348
2023;37;Kadin;SEGMENT_B;BRAND_B3;326
2023;38;Kadin;SEGMENT_B;BRAND_B3;493
2023;39;Kadin;SEGMENT_B;BRAND_B3;408
2023;40;Kadin;SEGMENT_B;BRAND_B3;437
2023;41;Kadin;SEGMENT_B;BRAND_B3;289
2023;42;Kadin;SEGMENT_B;BRAND_B3;412
2023;43;Kadin;SEGMENT_B;BRAND_B3;368
2023;44;Kadin;SEGMENT_B;BRAND_B3;452
2023;45;Kadin;SEGMENT_B;BRAND_B3;408
2023;46;Kadin;SEGMENT_B;BRAND_B3;374
2023;47;Kadin;SEGMENT_B;BRAND_B3;436
2023;48;Kadin;SEGMENT_B;BRAND_B3;507
2023;49;Kadin;SEGMENT_B;BRAND_B3;420
2023;50;Kadin;SEGMENT_B;BRAND_B3;431
2023;51;Kadin;SEGMENT_B;BRAND_B3;336
2023;52;Kadin;SEGMENT_B;BRAND_B3;464
2024;1;Kadin;SEGMENT_B;BRAND_B3;381
2024;2;Kadin;SEGMENT_B;BRAND_B3;291
2024;3;Kadin;SEGMENT_B;BRAND_B3;275
2024;4;Kadin;SEGMENT_B;BRAND_B3;300
2024;5;Kadin;SEGMENT_B;BRAND_B3;281
2024;6;Kadin;SEGMENT_B;BRAND_B3;301
2024;7;Kadin;SEGMENT_B;BRAND_B3;274
2024;8;Kadin;SEGMENT_B;BRAND_B3;254
2024;9;Kadin;SEGMENT_B;BRAND_B3;211
2024;10;Kadin;SEGMENT_B;BRAND_B3;265
2024;11;Kadin;SEGMENT_B;BRAND_B3;195
2024;12;Kadin;SEGMENT_B;BRAND_B3;262
2024;13;Kadin;SEGMENT_B;BRAND_B3;176
2024;14;Kadin;SEGMENT_B;BRAND_B3;178
2024;15;Kadin;SEGMENT_B;BRAND_B3;191
2024;16;Kadin;SEGMENT_B;BRAND_B3;199
2024;17;Kadin;SEGMENT_B;BRAND_B3;193
2024;18;Kadin;SEGMENT_B;BRAND_B3;197
2024;19;Kadin;SEGMENT_B;BRAND_B3;216
2024;20;Kadin;SEGMENT_B;BRAND_B3;190
2024;21;Kadin;SEGMENT_B;BRAND_B3;222
2024;22;Kadin;SEGMENT_B;BRAND_B3;164
2024;23;Kadin;SEGMENT_B;BRAND_B3;201
2024;24;Kadin;SEGMENT_B;BRAND_B3;189
2024;25;Kadin;SEGMENT_B;BRAND_B3;273
2024;26;Kadin;SEGMENT_B;BRAND_B3;227
2024;27;Kadin;SEGMENT_B;BRAND_B3;277
2024;28;Kadin;SEGMENT_B;BRAND_B3;214
2024;29;Kadin;SEGMENT_B;BRAND_B3;335
2024;30;Kadin;SEGMENT_B;BRAND_B3;293
2024;31;Kadin;SEGMENT_B;BRAND_B3;387
2024;32;Kadin;SEGMENT_B;BRAND_B3;311
2024;33;Kadin;SEGMENT_B;BRAND_B3;269
2024;34;Kadin;SEGMENT_B;BRAND_B3;295
2024;35;Kadin;SEGMENT_B;BRAND_B3;334
2024;36;Kadin;SEGMENT_B;BRAND_B3;314
2024;37;Kadin;SEGMENT_B;BRAND_B3;408
2024;38;Kadin;SEGMENT_B;BRAND_B3;373
2024;39;Kadin;SEGMENT_B;BRAND_B3;336
2024;40;Kadin;SEGMENT_B;BRAND_B3;423
2024;41;Kadin;SEGMENT_B;BRAND_B3;371
2024;42;Kadin;SEGMENT_B;BRAND_B3;430
2024;43;Kadin;SEGMENT_B;BRAND_B3;370
2024;44;Kadin;SEGMENT_B;BRAND_B3;422
2024;45;Kadin;SEGMENT_B;BRAND_B3;376
2024;46;Kadin;SEGMENT_B;BRAND_B3;443
2024;47;Kadin;SEGMENT_B;BRAND_B3;422
2024;48;Kadin;SEGMENT_B;BRAND_B3;448
2024;49;Kadin;SEGMENT_B;BRAND_B3;374
2024;50;Kadin;SEGMENT_B;BRAND_B3;344
2024;51;Kadin;SEGMENT_B;BRAND_B3;348
2024;52;Kadin;SEGMENT_B;BRAND_B3;388
2025;1;Kadin;SEGMENT_B;BRAND_B3;330
2025;2;Kadin;SEGMENT_B;BRAND_B3;353
2025;3;Kadin;SEGMENT_B;BRAND_B3;295
2025;4;Kadin;SEGMENT_B;BRAND_B3;249
2025;5;Kadin;SEGMENT_B;BRAND_B3;337
2025;6;Kadin;SEGMENT_B;BRAND_B3;369
2025;7;Kadin;SEGMENT_B;BRAND_B3;293
2025;8;Kadin;SEGMENT_B;BRAND_B3;272
2025;9;Kadin;SEGMENT_B;BRAND_B3;269
2025;10;Kadin;SEGMENT_B;BRAND_B3;302
2025;11;Kadin;SEGMENT_B;BRAND_B3;254
2025;12;Kadin;SEGMENT_B;BRAND_B3;264
2025;13;Kadin;SEGMENT_B;BRAND_B3;255
2025;14;Kadin;SEGMENT_B;BRAND_B3;259
2025;15;Kadin;SEGMENT_B;BRAND_B3;220
2025;16;Kadin;SEGMENT_B;BRAND_B3;206
2025;17;Kadin;SEGMENT_B;BRAND_B3;233
2025;18;Kadin;SEGMENT_B;BRAND_B3;246
2025;19;Kadin;SEGMENT_B;BRAND_B3;253
2025;20;Kadin;SEGMENT_B;BRAND_B3;265
2025;21;Kadin;SEGMENT_B;BRAND_B3;250
2025;22;Kadin;SEGMENT_B;BRAND_B3;213
2025;23;Kadin;SEGMENT_B;BRAND_B3;241
2025;24;Kadin;SEGMENT_B;BRAND_B3;246
2025;25;Kadin;SEGMENT_B;BRAND_B3;251
2025;26;Kadin;SEGMENT_B;BRAND_B3;278
2025;27;Kadin;SEGMENT_B;BRAND_B3;263
2025;28;Kadin;SEGMENT_B;BRAND_B3;273
2025;29;Kadin;SEGMENT_B;BRAND_B3;366
2025;30;Kadin;SEGMENT_B;BRAND_B3;300
2025;31;Kadin;SEGMENT_B;BRAND_B3;358
2025;32;Kadin;SEGMENT_B;BRAND_B3;374
2025;33;Kadin;SEGMENT_B;BRAND_B3;348
2025;34;Kadin;SEGMENT_B;BRAND_B3;342
2025;35;Kadin;SEGMENT_B;BRAND_B3;324
2025;36;Kadin;SEGMENT_B;BRAND_B3;304
2025;37;Kadin;SEGMENT_B;BRAND_B3;409
2025;38;Kadin;SEGMENT_B;BRAND_B3;407
2025;39;Kadin;SEGMENT_B;BRAND_B3;434
2025;40;Kadin;SEGMENT_B;BRAND_B3;378
2025;41;Kadin;SEGMENT_B;BRAND_B3;518
2025;42;Kadin;SEGMENT_B;BRAND_B3;435
2025;43;Kadin;SEGMENT_B;BRAND_B3;407
2025;44;Kadin;SEGMENT_B;BRAND_B3;322
2025;45;Kadin;SEGMENT_B;BRAND_B3;395
2025;46;Kadin;SEGMENT_B;BRAND_B3;455
2025;47;Kadin;SEGMENT_B;BRAND_B3;659
2025;48;Kadin;SEGMENT_B;BRAND_B3;548
2025;49;Kadin;SEGMENT_B;BRAND_B3;487
2025;50;Kadin;SEGMENT_B;BRAND_B3;349
2025;51;Kadin;SEGMENT_B;BRAND_B3;404
2025;52;Kadin;SEGMENT_B;BRAND_B3;396
2026;1;Kadin;SEGMENT_B;BRAND_B3;394
2026;2;Kadin;SEGMENT_B;BRAND_B3;363
2026;3;Kadin;SEGMENT_B;BRAND_B3;360
2026;4;Kadin;SEGMENT_B;BRAND_B3;296
2026;5;Kadin;SEGMENT_B;BRAND_B3;379
2026;6;Kadin;SEGMENT_B;BRAND_B3;348
2026;7;Kadin;SEGMENT_B;BRAND_B3;311
2026;8;Kadin;SEGMENT_B;BRAND_B3;324
2026;9;Kadin;SEGMENT_B;BRAND_B3;329
2026;10;Kadin;SEGMENT_B;BRAND_B3;288
2026;11;Kadin;SEGMENT_B;BRAND_B3;335
2026;12;Kadin;SEGMENT_B;BRAND_B3;273
2026;13;Kadin;SEGMENT_B;BRAND_B3;221
2026;14;Kadin;SEGMENT_B;BRAND_B3;246
2026;15;Kadin;SEGMENT_B;BRAND_B3;264
2026;16;Kadin;SEGMENT_B;BRAND_B3;272
2026;17;Kadin;SEGMENT_B;BRAND_B3;233
2026;18;Kadin;SEGMENT_B;BRAND_B3;204
2026;19;Kadin;SEGMENT_B;BRAND_B3;223
2026;20;Kadin;SEGMENT_B;BRAND_B3;196
2026;21;Kadin;SEGMENT_B;BRAND_B3;259
2026;22;Kadin;SEGMENT_B;BRAND_B3;228
2026;23;Kadin;SEGMENT_B;BRAND_B3;226
2026;24;Kadin;SEGMENT_B;BRAND_B3;283
2026;25;Kadin;SEGMENT_B;BRAND_B3;319
2026;26;Kadin;SEGMENT_B;BRAND_B3;250
2026;27;Kadin;SEGMENT_B;BRAND_B3;289
2026;28;Kadin;SEGMENT_B;BRAND_B3;287
2026;29;Kadin;SEGMENT_B;BRAND_B3;363
2026;30;Kadin;SEGMENT_B;BRAND_B3;315
2026;31;Kadin;SEGMENT_B;BRAND_B3;292
2026;32;Kadin;SEGMENT_B;BRAND_B3;341
2026;33;Kadin;SEGMENT_B;BRAND_B3;408
2026;34;Kadin;SEGMENT_B;BRAND_B3;355
2023;1;Kadin;SEGMENT_B;BRAND_B4;262
2023;2;Kadin;SEGMENT_B;BRAND_B4;211
2023;3;Kadin;SEGMENT_B;BRAND_B4;274
2023;4;Kadin;SEGMENT_B;BRAND_B4;271
2023;5;Kadin;SEGMENT_B;BRAND_B4;223
2023;6;Kadin;SEGMENT_B;BRAND_B4;183
2023;7;Kadin;SEGMENT_B;BRAND_B4;204
2023;8;Kadin;SEGMENT_B;BRAND_B4;174
2023;9;Kadin;SEGMENT_B;BRAND_B4;173
2023;10;Kadin;SEGMENT_B;BRAND_B4;160
2023;11;Kadin;SEGMENT_B;BRAND_B4;183
2023;12;Kadin;SEGMENT_B;BRAND_B4;154
2023;13;Kadin;SEGMENT_B;BRAND_B4;137
2023;14;Kadin;SEGMENT_B;BRAND_B4;161
2023;15;Kadin;SEGMENT_B;BRAND_B4;151
2023;16;Kadin;SEGMENT_B;BRAND_B4;142
2023;17;Kadin;SEGMENT_B;BRAND_B4;181
2023;18;Kadin;SEGMENT_B;BRAND_B4;161
2023;19;Kadin;SEGMENT_B;BRAND_B4;160
2023;20;Kadin;SEGMENT_B;BRAND_B4;164
2023;21;Kadin;SEGMENT_B;BRAND_B4;166
2023;22;Kadin;SEGMENT_B;BRAND_B4;156
2023;23;Kadin;SEGMENT_B;BRAND_B4;151
2023;24;Kadin;SEGMENT_B;BRAND_B4;173
2023;25;Kadin;SEGMENT_B;BRAND_B4;170
2023;26;Kadin;SEGMENT_B;BRAND_B4;144
2023;27;Kadin;SEGMENT_B;BRAND_B4;167
2023;28;Kadin;SEGMENT_B;BRAND_B4;188
2023;29;Kadin;SEGMENT_B;BRAND_B4;229
2023;30;Kadin;SEGMENT_B;BRAND_B4;216
2023;31;Kadin;SEGMENT_B;BRAND_B4;199
2023;32;Kadin;SEGMENT_B;BRAND_B4;200
2023;33;Kadin;SEGMENT_B;BRAND_B4;273
2023;34;Kadin;SEGMENT_B;BRAND_B4;239
2023;35;Kadin;SEGMENT_B;BRAND_B4;179
2023;36;Kadin;SEGMENT_B;BRAND_B4;256
2023;37;Kadin;SEGMENT_B;BRAND_B4;289
2023;38;Kadin;SEGMENT_B;BRAND_B4;237
2023;39;Kadin;SEGMENT_B;BRAND_B4;279
2023;40;Kadin;SEGMENT_B;BRAND_B4;287
2023;41;Kadin;SEGMENT_B;BRAND_B4;250
2023;42;Kadin;SEGMENT_B;BRAND_B4;336
2023;43;Kadin;SEGMENT_B;BRAND_B4;296
2023;44;Kadin;SEGMENT_B;BRAND_B4;277
2023;45;Kadin;SEGMENT_B;BRAND_B4;284
2023;46;Kadin;SEGMENT_B;BRAND_B4;248
2023;47;Kadin;SEGMENT_B;BRAND_B4;331
2023;48;Kadin;SEGMENT_B;BRAND_B4;362
2023;49;Kadin;SEGMENT_B;BRAND_B4;266
2023;50;Kadin;SEGMENT_B;BRAND_B4;267
2023;51;Kadin;SEGMENT_B;BRAND_B4;318
2023;52;Kadin;SEGMENT_B;BRAND_B4;284
2024;1;Kadin;SEGMENT_B;BRAND_B4;207
2024;2;Kadin;SEGMENT_B;BRAND_B4;286
2024;3;Kadin;SEGMENT_B;BRAND_B4;228
2024;4;Kadin;SEGMENT_B;BRAND_B4;256
2024;5;Kadin;SEGMENT_B;BRAND_B4;215
2024;6;Kadin;SEGMENT_B;BRAND_B4;221
2024;7;Kadin;SEGMENT_B;BRAND_B4;182
2024;8;Kadin;SEGMENT_B;BRAND_B4;210
2024;9;Kadin;SEGMENT_B;BRAND_B4;216
2024;10;Kadin;SEGMENT_B;BRAND_B4;155
2024;11;Kadin;SEGMENT_B;BRAND_B4;202
2024;12;Kadin;SEGMENT_B;BRAND_B4;162
2024;13;Kadin;SEGMENT_B;BRAND_B4;211
2024;14;Kadin;SEGMENT_B;BRAND_B4;183
2024;15;Kadin;SEGMENT_B;BRAND_B4;175
2024;16;Kadin;SEGMENT_B;BRAND_B4;158
2024;17;Kadin;SEGMENT_B;BRAND_B4;220
2024;18;Kadin;SEGMENT_B;BRAND_B4;151
2024;19;Kadin;SEGMENT_B;BRAND_B4;142
2024;20;Kadin;SEGMENT_B;BRAND_B4;150
2024;21;Kadin;SEGMENT_B;BRAND_B4;187
2024;22;Kadin;SEGMENT_B;BRAND_B4;170
2024;23;Kadin;SEGMENT_B;BRAND_B4;171
2024;24;Kadin;SEGMENT_B;BRAND_B4;169
2024;25;Kadin;SEGMENT_B;BRAND_B4;182
2024;26;Kadin;SEGMENT_B;BRAND_B4;179
2024;27;Kadin;SEGMENT_B;BRAND_B4;215
2024;28;Kadin;SEGMENT_B;BRAND_B4;200
2024;29;Kadin;SEGMENT_B;BRAND_B4;198
2024;30;Kadin;SEGMENT_B;BRAND_B4;250
2024;31;Kadin;SEGMENT_B;BRAND_B4;205
2024;32;Kadin;SEGMENT_B;BRAND_B4;243
2024;33;Kadin;SEGMENT_B;BRAND_B4;197
2024;34;Kadin;SEGMENT_B;BRAND_B4;217
2024;35;Kadin;SEGMENT_B;BRAND_B4;253
2024;36;Kadin;SEGMENT_B;BRAND_B4;255
2024;37;Kadin;SEGMENT_B;BRAND_B4;261
2024;38;Kadin;SEGMENT_B;BRAND_B4;313
2024;39;Kadin;SEGMENT_B;BRAND_B4;321
2024;40;Kadin;SEGMENT_B;BRAND_B4;306
2024;41;Kadin;SEGMENT_B;BRAND_B4;264
2024;42;Kadin;SEGMENT_B;BRAND_B4;297
2024;43;Kadin;SEGMENT_B;BRAND_B4;382
2024;44;Kadin;SEGMENT_B;BRAND_B4;410
2024;45;Kadin;SEGMENT_B;BRAND_B4;342
2024;46;Kadin;SEGMENT_B;BRAND_B4;268
2024;47;Kadin;SEGMENT_B;BRAND_B4;400
2024;48;Kadin;SEGMENT_B;BRAND_B4;412
2024;49;Kadin;SEGMENT_B;BRAND_B4;296
2024;50;Kadin;SEGMENT_B;BRAND_B4;328
2024;51;Kadin;SEGMENT_B;BRAND_B4;308
2024;52;Kadin;SEGMENT_B;BRAND_B4;243
2025;1;Kadin;SEGMENT_B;BRAND_B4;249
2025;2;Kadin;SEGMENT_B;BRAND_B4;293
2025;3;Kadin;SEGMENT_B;BRAND_B4;300
2025;4;Kadin;SEGMENT_B;BRAND_B4;252
2025;5;Kadin;SEGMENT_B;BRAND_B4;286
2025;6;Kadin;SEGMENT_B;BRAND_B4;232
2025;7;Kadin;SEGMENT_B;BRAND_B4;197
2025;8;Kadin;SEGMENT_B;BRAND_B4;229
2025;9;Kadin;SEGMENT_B;BRAND_B4;295
2025;10;Kadin;SEGMENT_B;BRAND_B4;169
2025;11;Kadin;SEGMENT_B;BRAND_B4;229
2025;12;Kadin;SEGMENT_B;BRAND_B4;197
2025;13;Kadin;SEGMENT_B;BRAND_B4;165
2025;14;Kadin;SEGMENT_B;BRAND_B4;139
2025;15;Kadin;SEGMENT_B;BRAND_B4;131
2025;16;Kadin;SEGMENT_B;BRAND_B4;158
2025;17;Kadin;SEGMENT_B;BRAND_B4;176
2025;18;Kadin;SEGMENT_B;BRAND_B4;186
2025;19;Kadin;SEGMENT_B;BRAND_B4;193
2025;20;Kadin;SEGMENT_B;BRAND_B4;176
2025;21;Kadin;SEGMENT_B;BRAND_B4;175
2025;22;Kadin;SEGMENT_B;BRAND_B4;169
2025;23;Kadin;SEGMENT_B;BRAND_B4;190
2025;24;Kadin;SEGMENT_B;BRAND_B4;172
2025;25;Kadin;SEGMENT_B;BRAND_B4;166
2025;26;Kadin;SEGMENT_B;BRAND_B4;202
2025;27;Kadin;SEGMENT_B;BRAND_B4;228
2025;28;Kadin;SEGMENT_B;BRAND_B4;182
2025;29;Kadin;SEGMENT_B;BRAND_B4;210
2025;30;Kadin;SEGMENT_B;BRAND_B4;234
2025;31;Kadin;SEGMENT_B;BRAND_B4;242
2025;32;Kadin;SEGMENT_B;BRAND_B4;268
2025;33;Kadin;SEGMENT_B;BRAND_B4;326
2025;34;Kadin;SEGMENT_B;BRAND_B4;205
2025;35;Kadin;SEGMENT_B;BRAND_B4;349
2025;36;Kadin;SEGMENT_B;BRAND_B4;354
2025;37;Kadin;SEGMENT_B;BRAND_B4;325
2025;38;Kadin;SEGMENT_B;BRAND_B4;306
2025;39;Kadin;SEGMENT_B;BRAND_B4;281
2025;40;Kadin;SEGMENT_B;BRAND_B4;344
2025;41;Kadin;SEGMENT_B;BRAND_B4;323
2025;42;Kadin;SEGMENT_B;BRAND_B4;304
2025;43;Kadin;SEGMENT_B;BRAND_B4;352
2025;44;Kadin;SEGMENT_B;BRAND_B4;361
2025;45;Kadin;SEGMENT_B;BRAND_B4;229
2025;46;Kadin;SEGMENT_B;BRAND_B4;375
2025;47;Kadin;SEGMENT_B;BRAND_B4;387
2025;48;Kadin;SEGMENT_B;BRAND_B4;488
2025;49;Kadin;SEGMENT_B;BRAND_B4;296
2025;50;Kadin;SEGMENT_B;BRAND_B4;309
2025;51;Kadin;SEGMENT_B;BRAND_B4;310
2025;52;Kadin;SEGMENT_B;BRAND_B4;332
2026;1;Kadin;SEGMENT_B;BRAND_B4;307
2026;2;Kadin;SEGMENT_B;BRAND_B4;262
2026;3;Kadin;SEGMENT_B;BRAND_B4;205
2026;4;Kadin;SEGMENT_B;BRAND_B4;273
2026;5;Kadin;SEGMENT_B;BRAND_B4;253
2026;6;Kadin;SEGMENT_B;BRAND_B4;205
2026;7;Kadin;SEGMENT_B;BRAND_B4;238
2026;8;Kadin;SEGMENT_B;BRAND_B4;222
2026;9;Kadin;SEGMENT_B;BRAND_B4;253
2026;10;Kadin;SEGMENT_B;BRAND_B4;263
2026;11;Kadin;SEGMENT_B;BRAND_B4;225
2026;12;Kadin;SEGMENT_B;BRAND_B4;192
2026;13;Kadin;SEGMENT_B;BRAND_B4;190
2026;14;Kadin;SEGMENT_B;BRAND_B4;166
2026;15;Kadin;SEGMENT_B;BRAND_B4;166
2026;16;Kadin;SEGMENT_B;BRAND_B4;175
2026;17;Kadin;SEGMENT_B;BRAND_B4;171
2026;18;Kadin;SEGMENT_B;BRAND_B4;149
2026;19;Kadin;SEGMENT_B;BRAND_B4;208
2026;20;Kadin;SEGMENT_B;BRAND_B4;214
2026;21;Kadin;SEGMENT_B;BRAND_B4;213
2026;22;Kadin;SEGMENT_B;BRAND_B4;224
2026;23;Kadin;SEGMENT_B;BRAND_B4;252
2026;24;Kadin;SEGMENT_B;BRAND_B4;177
2026;25;Kadin;SEGMENT_B;BRAND_B4;266
2026;26;Kadin;SEGMENT_B;BRAND_B4;200
2026;27;Kadin;SEGMENT_B;BRAND_B4;235
2026;28;Kadin;SEGMENT_B;BRAND_B4;187
2026;29;Kadin;SEGMENT_B;BRAND_B4;221
2026;30;Kadin;SEGMENT_B;BRAND_B4;276
2026;31;Kadin;SEGMENT_B;BRAND_B4;276
2026;32;Kadin;SEGMENT_B;BRAND_B4;251
2026;33;Kadin;SEGMENT_B;BRAND_B4;275
2026;34;Kadin;SEGMENT_B;BRAND_B4;262
2023;1;Kadin;SEGMENT_C;BRAND_C1;20
2023;2;Kadin;SEGMENT_C;BRAND_C1;32
2023;3;Kadin;SEGMENT_C;BRAND_C1;26
2023;4;Kadin;SEGMENT_C;BRAND_C1;33
2023;5;Kadin;SEGMENT_C;BRAND_C1;32
2023;6;Kadin;SEGMENT_C;BRAND_C1;46
2023;7;Kadin;SEGMENT_C;BRAND_C1;56
2023;8;Kadin;SEGMENT_C;BRAND_C1;64
2023;9;Kadin;SEGMENT_C;BRAND_C1;76
2023;10;Kadin;SEGMENT_C;BRAND_C1;82
2023;11;Kadin;SEGMENT_C;BRAND_C1;94
2023;12;Kadin;SEGMENT_C;BRAND_C1;105
2023;13;Kadin;SEGMENT_C;BRAND_C1;112
2023;14;Kadin;SEGMENT_C;BRAND_C1;126
2023;15;Kadin;SEGMENT_C;BRAND_C1;154
2023;16;Kadin;SEGMENT_C;BRAND_C1;187
2023;17;Kadin;SEGMENT_C;BRAND_C1;152
2023;18;Kadin;SEGMENT_C;BRAND_C1;180
2023;19;Kadin;SEGMENT_C;BRAND_C1;168
2023;20;Kadin;SEGMENT_C;BRAND_C1;192
2023;21;Kadin;SEGMENT_C;BRAND_C1;204
2023;22;Kadin;SEGMENT_C;BRAND_C1;226
2023;23;Kadin;SEGMENT_C;BRAND_C1;232
2023;24;Kadin;SEGMENT_C;BRAND_C1;232
2023;25;Kadin;SEGMENT_C;BRAND_C1;249
2023;26;Kadin;SEGMENT_C;BRAND_C1;216
2023;27;Kadin;SEGMENT_C;BRAND_C1;246
2023;28;Kadin;SEGMENT_C;BRAND_C1;262
2023;29;Kadin;SEGMENT_C;BRAND_C1;213
2023;30;Kadin;SEGMENT_C;BRAND_C1;189
2023;31;Kadin;SEGMENT_C;BRAND_C1;258
2023;32;Kadin;SEGMENT_C;BRAND_C1;193
2023;33;Kadin;SEGMENT_C;BRAND_C1;200
2023;34;Kadin;SEGMENT_C;BRAND_C1;223
2023;35;Kadin;SEGMENT_C;BRAND_C1;174
2023;36;Kadin;SEGMENT_C;BRAND_C1;206
2023;37;Kadin;SEGMENT_C;BRAND_C1;158
2023;38;Kadin;SEGMENT_C;BRAND_C1;145
2023;39;Kadin;SEGMENT_C;BRAND_C1;128
2023;40;Kadin;SEGMENT_C;BRAND_C1;123
2023;41;Kadin;SEGMENT_C;BRAND_C1;130
2023;42;Kadin;SEGMENT_C;BRAND_C1;101
2023;43;Kadin;SEGMENT_C;BRAND_C1;109
2023;44;Kadin;SEGMENT_C;BRAND_C1;84
2023;45;Kadin;SEGMENT_C;BRAND_C1;74
2023;46;Kadin;SEGMENT_C;BRAND_C1;57
2023;47;Kadin;SEGMENT_C;BRAND_C1;84
2023;48;Kadin;SEGMENT_C;BRAND_C1;68
2023;49;Kadin;SEGMENT_C;BRAND_C1;42
2023;50;Kadin;SEGMENT_C;BRAND_C1;33
2023;51;Kadin;SEGMENT_C;BRAND_C1;25
2023;52;Kadin;SEGMENT_C;BRAND_C1;28
2024;1;Kadin;SEGMENT_C;BRAND_C1;28
2024;2;Kadin;SEGMENT_C;BRAND_C1;29
2024;3;Kadin;SEGMENT_C;BRAND_C1;31
2024;4;Kadin;SEGMENT_C;BRAND_C1;35
2024;5;Kadin;SEGMENT_C;BRAND_C1;36
2024;6;Kadin;SEGMENT_C;BRAND_C1;42
2024;7;Kadin;SEGMENT_C;BRAND_C1;47
2024;8;Kadin;SEGMENT_C;BRAND_C1;72
2024;9;Kadin;SEGMENT_C;BRAND_C1;93
2024;10;Kadin;SEGMENT_C;BRAND_C1;122
2024;11;Kadin;SEGMENT_C;BRAND_C1;99
2024;12;Kadin;SEGMENT_C;BRAND_C1;114
2024;13;Kadin;SEGMENT_C;BRAND_C1;120
2024;14;Kadin;SEGMENT_C;BRAND_C1;139
2024;15;Kadin;SEGMENT_C;BRAND_C1;133
2024;16;Kadin;SEGMENT_C;BRAND_C1;158
2024;17;Kadin;SEGMENT_C;BRAND_C1;158
2024;18;Kadin;SEGMENT_C;BRAND_C1;180
2024;19;Kadin;SEGMENT_C;BRAND_C1;181
2024;20;Kadin;SEGMENT_C;BRAND_C1;221
2024;21;Kadin;SEGMENT_C;BRAND_C1;235
2024;22;Kadin;SEGMENT_C;BRAND_C1;234
2024;23;Kadin;SEGMENT_C;BRAND_C1;215
2024;24;Kadin;SEGMENT_C;BRAND_C1;205
2024;25;Kadin;SEGMENT_C;BRAND_C1;262
2024;26;Kadin;SEGMENT_C;BRAND_C1;245
2024;27;Kadin;SEGMENT_C;BRAND_C1;198
2024;28;Kadin;SEGMENT_C;BRAND_C1;249
2024;29;Kadin;SEGMENT_C;BRAND_C1;253
2024;30;Kadin;SEGMENT_C;BRAND_C1;198
2024;31;Kadin;SEGMENT_C;BRAND_C1;248
2024;32;Kadin;SEGMENT_C;BRAND_C1;191
2024;33;Kadin;SEGMENT_C;BRAND_C1;199
2024;34;Kadin;SEGMENT_C;BRAND_C1;177
2024;35;Kadin;SEGMENT_C;BRAND_C1;179
2024;36;Kadin;SEGMENT_C;BRAND_C1;162
2024;37;Kadin;SEGMENT_C;BRAND_C1;198
2024;38;Kadin;SEGMENT_C;BRAND_C1;158
2024;39;Kadin;SEGMENT_C;BRAND_C1;142
2024;40;Kadin;SEGMENT_C;BRAND_C1;157
2024;41;Kadin;SEGMENT_C;BRAND_C1;141
2024;42;Kadin;SEGMENT_C;BRAND_C1;106
2024;43;Kadin;SEGMENT_C;BRAND_C1;101
2024;44;Kadin;SEGMENT_C;BRAND_C1;80
2024;45;Kadin;SEGMENT_C;BRAND_C1;74
2024;46;Kadin;SEGMENT_C;BRAND_C1;56
2024;47;Kadin;SEGMENT_C;BRAND_C1;78
2024;48;Kadin;SEGMENT_C;BRAND_C1;73
2024;49;Kadin;SEGMENT_C;BRAND_C1;45
2024;50;Kadin;SEGMENT_C;BRAND_C1;34
2024;51;Kadin;SEGMENT_C;BRAND_C1;24
2024;52;Kadin;SEGMENT_C;BRAND_C1;26
2025;1;Kadin;SEGMENT_C;BRAND_C1;27
2025;2;Kadin;SEGMENT_C;BRAND_C1;24
2025;3;Kadin;SEGMENT_C;BRAND_C1;25
2025;4;Kadin;SEGMENT_C;BRAND_C1;41
2025;5;Kadin;SEGMENT_C;BRAND_C1;44
2025;6;Kadin;SEGMENT_C;BRAND_C1;50
2025;7;Kadin;SEGMENT_C;BRAND_C1;60
2025;8;Kadin;SEGMENT_C;BRAND_C1;56
2025;9;Kadin;SEGMENT_C;BRAND_C1;67
2025;10;Kadin;SEGMENT_C;BRAND_C1;89
2025;11;Kadin;SEGMENT_C;BRAND_C1;102
2025;12;Kadin;SEGMENT_C;BRAND_C1;94
2025;13;Kadin;SEGMENT_C;BRAND_C1;127
2025;14;Kadin;SEGMENT_C;BRAND_C1;137
2025;15;Kadin;SEGMENT_C;BRAND_C1;169
2025;16;Kadin;SEGMENT_C;BRAND_C1;171
2025;17;Kadin;SEGMENT_C;BRAND_C1;215
2025;18;Kadin;SEGMENT_C;BRAND_C1;182
2025;19;Kadin;SEGMENT_C;BRAND_C1;176
2025;20;Kadin;SEGMENT_C;BRAND_C1;256
2025;21;Kadin;SEGMENT_C;BRAND_C1;231
2025;22;Kadin;SEGMENT_C;BRAND_C1;228
2025;23;Kadin;SEGMENT_C;BRAND_C1;214
2025;24;Kadin;SEGMENT_C;BRAND_C1;232
2025;25;Kadin;SEGMENT_C;BRAND_C1;235
2025;26;Kadin;SEGMENT_C;BRAND_C1;217
2025;27;Kadin;SEGMENT_C;BRAND_C1;193
2025;28;Kadin;SEGMENT_C;BRAND_C1;237
2025;29;Kadin;SEGMENT_C;BRAND_C1;270
2025;30;Kadin;SEGMENT_C;BRAND_C1;283
2025;31;Kadin;SEGMENT_C;BRAND_C1;267
2025;32;Kadin;SEGMENT_C;BRAND_C1;261
2025;33;Kadin;SEGMENT_C;BRAND_C1;196
2025;34;Kadin;SEGMENT_C;BRAND_C1;219
2025;35;Kadin;SEGMENT_C;BRAND_C1;216
2025;36;Kadin;SEGMENT_C;BRAND_C1;205
2025;37;Kadin;SEGMENT_C;BRAND_C1;177
2025;38;Kadin;SEGMENT_C;BRAND_C1;168
2025;39;Kadin;SEGMENT_C;BRAND_C1;195
2025;40;Kadin;SEGMENT_C;BRAND_C1;156
2025;41;Kadin;SEGMENT_C;BRAND_C1;133
2025;42;Kadin;SEGMENT_C;BRAND_C1;122
2025;43;Kadin;SEGMENT_C;BRAND_C1;94
2025;44;Kadin;SEGMENT_C;BRAND_C1;94
2025;45;Kadin;SEGMENT_C;BRAND_C1;77
2025;46;Kadin;SEGMENT_C;BRAND_C1;72
2025;47;Kadin;SEGMENT_C;BRAND_C1;69
2025;48;Kadin;SEGMENT_C;BRAND_C1;70
2025;49;Kadin;SEGMENT_C;BRAND_C1;39
2025;50;Kadin;SEGMENT_C;BRAND_C1;38
2025;51;Kadin;SEGMENT_C;BRAND_C1;32
2025;52;Kadin;SEGMENT_C;BRAND_C1;29
2026;1;Kadin;SEGMENT_C;BRAND_C1;27
2026;2;Kadin;SEGMENT_C;BRAND_C1;28
2026;3;Kadin;SEGMENT_C;BRAND_C1;29
2026;4;Kadin;SEGMENT_C;BRAND_C1;34
2026;5;Kadin;SEGMENT_C;BRAND_C1;43
2026;6;Kadin;SEGMENT_C;BRAND_C1;39
2026;7;Kadin;SEGMENT_C;BRAND_C1;61
2026;8;Kadin;SEGMENT_C;BRAND_C1;72
2026;9;Kadin;SEGMENT_C;BRAND_C1;74
2026;10;Kadin;SEGMENT_C;BRAND_C1;90
2026;11;Kadin;SEGMENT_C;BRAND_C1;90
2026;12;Kadin;SEGMENT_C;BRAND_C1;119
2026;13;Kadin;SEGMENT_C;BRAND_C1;115
2026;14;Kadin;SEGMENT_C;BRAND_C1;101
2026;15;Kadin;SEGMENT_C;BRAND_C1;179
2026;16;Kadin;SEGMENT_C;BRAND_C1;148
2026;17;Kadin;SEGMENT_C;BRAND_C1;179
2026;18;Kadin;SEGMENT_C;BRAND_C1;198
2026;19;Kadin;SEGMENT_C;BRAND_C1;217
2026;20;Kadin;SEGMENT_C;BRAND_C1;216
2026;21;Kadin;SEGMENT_C;BRAND_C1;233
2026;22;Kadin;SEGMENT_C;BRAND_C1;226
2026;23;Kadin;SEGMENT_C;BRAND_C1;201
2026;24;Kadin;SEGMENT_C;BRAND_C1;246
2026;25;Kadin;SEGMENT_C;BRAND_C1;270
2026;26;Kadin;SEGMENT_C;BRAND_C1;225
2026;27;Kadin;SEGMENT_C;BRAND_C1;261
2026;28;Kadin;SEGMENT_C;BRAND_C1;317
2026;29;Kadin;SEGMENT_C;BRAND_C1;248
2026;30;Kadin;SEGMENT_C;BRAND_C1;246
2026;31;Kadin;SEGMENT_C;BRAND_C1;200
2026;32;Kadin;SEGMENT_C;BRAND_C1;206
2026;33;Kadin;SEGMENT_C;BRAND_C1;205
2026;34;Kadin;SEGMENT_C;BRAND_C1;232
2023;1;Kadin;SEGMENT_C;BRAND_C2;25
2023;2;Kadin;SEGMENT_C;BRAND_C2;25
2023;3;Kadin;SEGMENT_C;BRAND_C2;32
2023;4;Kadin;SEGMENT_C;BRAND_C2;38
2023;5;Kadin;SEGMENT_C;BRAND_C2;33
2023;6;Kadin;SEGMENT_C;BRAND_C2;55
2023;7;Kadin;SEGMENT_C;BRAND_C2;53
2023;8;Kadin;SEGMENT_C;BRAND_C2;49
2023;9;Kadin;SEGMENT_C;BRAND_C2;69
2023;10;Kadin;SEGMENT_C;BRAND_C2;84
2023;11;Kadin;SEGMENT_C;BRAND_C2;107
2023;12;Kadin;SEGMENT_C;BRAND_C2;125
2023;13;Kadin;SEGMENT_C;BRAND_C2;118
2023;14;Kadin;SEGMENT_C;BRAND_C2;118
2023;15;Kadin;SEGMENT_C;BRAND_C2;153
2023;16;Kadin;SEGMENT_C;BRAND_C2;169
2023;17;Kadin;SEGMENT_C;BRAND_C2;188
2023;18;Kadin;SEGMENT_C;BRAND_C2;217
2023;19;Kadin;SEGMENT_C;BRAND_C2;197
2023;20;Kadin;SEGMENT_C;BRAND_C2;218
2023;21;Kadin;SEGMENT_C;BRAND_C2;216
2023;22;Kadin;SEGMENT_C;BRAND_C2;279
2023;23;Kadin;SEGMENT_C;BRAND_C2;230
2023;24;Kadin;SEGMENT_C;BRAND_C2;224
2023;25;Kadin;SEGMENT_C;BRAND_C2;229
2023;26;Kadin;SEGMENT_C;BRAND_C2;270
2023;27;Kadin;SEGMENT_C;BRAND_C2;240
2023;28;Kadin;SEGMENT_C;BRAND_C2;262
2023;29;Kadin;SEGMENT_C;BRAND_C2;260
2023;30;Kadin;SEGMENT_C;BRAND_C2;212
2023;31;Kadin;SEGMENT_C;BRAND_C2;205
2023;32;Kadin;SEGMENT_C;BRAND_C2;244
2023;33;Kadin;SEGMENT_C;BRAND_C2;181
2023;34;Kadin;SEGMENT_C;BRAND_C2;174
2023;35;Kadin;SEGMENT_C;BRAND_C2;250
2023;36;Kadin;SEGMENT_C;BRAND_C2;147
2023;37;Kadin;SEGMENT_C;BRAND_C2;193
2023;38;Kadin;SEGMENT_C;BRAND_C2;154
2023;39;Kadin;SEGMENT_C;BRAND_C2;157
2023;40;Kadin;SEGMENT_C;BRAND_C2;145
2023;41;Kadin;SEGMENT_C;BRAND_C2;118
2023;42;Kadin;SEGMENT_C;BRAND_C2;109
2023;43;Kadin;SEGMENT_C;BRAND_C2;107
2023;44;Kadin;SEGMENT_C;BRAND_C2;99
2023;45;Kadin;SEGMENT_C;BRAND_C2;83
2023;46;Kadin;SEGMENT_C;BRAND_C2;65
2023;47;Kadin;SEGMENT_C;BRAND_C2;71
2023;48;Kadin;SEGMENT_C;BRAND_C2;55
2023;49;Kadin;SEGMENT_C;BRAND_C2;40
2023;50;Kadin;SEGMENT_C;BRAND_C2;33
2023;51;Kadin;SEGMENT_C;BRAND_C2;34
2023;52;Kadin;SEGMENT_C;BRAND_C2;29
2024;1;Kadin;SEGMENT_C;BRAND_C2;31
2024;2;Kadin;SEGMENT_C;BRAND_C2;24
2024;3;Kadin;SEGMENT_C;BRAND_C2;36
2024;4;Kadin;SEGMENT_C;BRAND_C2;36
2024;5;Kadin;SEGMENT_C;BRAND_C2;34
2024;6;Kadin;SEGMENT_C;BRAND_C2;39
2024;7;Kadin;SEGMENT_C;BRAND_C2;62
2024;8;Kadin;SEGMENT_C;BRAND_C2;62
2024;9;Kadin;SEGMENT_C;BRAND_C2;71
2024;10;Kadin;SEGMENT_C;BRAND_C2;84
2024;11;Kadin;SEGMENT_C;BRAND_C2;105
2024;12;Kadin;SEGMENT_C;BRAND_C2;110
2024;13;Kadin;SEGMENT_C;BRAND_C2;101
2024;14;Kadin;SEGMENT_C;BRAND_C2;164
2024;15;Kadin;SEGMENT_C;BRAND_C2;127
2024;16;Kadin;SEGMENT_C;BRAND_C2;160
2024;17;Kadin;SEGMENT_C;BRAND_C2;171
2024;18;Kadin;SEGMENT_C;BRAND_C2;195
2024;19;Kadin;SEGMENT_C;BRAND_C2;169
2024;20;Kadin;SEGMENT_C;BRAND_C2;200
2024;21;Kadin;SEGMENT_C;BRAND_C2;198
2024;22;Kadin;SEGMENT_C;BRAND_C2;236
2024;23;Kadin;SEGMENT_C;BRAND_C2;245
2024;24;Kadin;SEGMENT_C;BRAND_C2;221
2024;25;Kadin;SEGMENT_C;BRAND_C2;275
2024;26;Kadin;SEGMENT_C;BRAND_C2;262
2024;27;Kadin;SEGMENT_C;BRAND_C2;213
2024;28;Kadin;SEGMENT_C;BRAND_C2;200
2024;29;Kadin;SEGMENT_C;BRAND_C2;236
2024;30;Kadin;SEGMENT_C;BRAND_C2;251
2024;31;Kadin;SEGMENT_C;BRAND_C2;212
2024;32;Kadin;SEGMENT_C;BRAND_C2;230
2024;33;Kadin;SEGMENT_C;BRAND_C2;214
2024;34;Kadin;SEGMENT_C;BRAND_C2;256
2024;35;Kadin;SEGMENT_C;BRAND_C2;173
2024;36;Kadin;SEGMENT_C;BRAND_C2;208
2024;37;Kadin;SEGMENT_C;BRAND_C2;193
2024;38;Kadin;SEGMENT_C;BRAND_C2;162
2024;39;Kadin;SEGMENT_C;BRAND_C2;120
2024;40;Kadin;SEGMENT_C;BRAND_C2;140
2024;41;Kadin;SEGMENT_C;BRAND_C2;105
2024;42;Kadin;SEGMENT_C;BRAND_C2;142
2024;43;Kadin;SEGMENT_C;BRAND_C2;97
2024;44;Kadin;SEGMENT_C;BRAND_C2;110
2024;45;Kadin;SEGMENT_C;BRAND_C2;77
2024;46;Kadin;SEGMENT_C;BRAND_C2;60
2024;47;Kadin;SEGMENT_C;BRAND_C2;87
2024;48;Kadin;SEGMENT_C;BRAND_C2;67
2024;49;Kadin;SEGMENT_C;BRAND_C2;54
2024;50;Kadin;SEGMENT_C;BRAND_C2;32
2024;51;Kadin;SEGMENT_C;BRAND_C2;36
2024;52;Kadin;SEGMENT_C;BRAND_C2;38
2025;1;Kadin;SEGMENT_C;BRAND_C2;32
2025;2;Kadin;SEGMENT_C;BRAND_C2;31
2025;3;Kadin;SEGMENT_C;BRAND_C2;36
2025;4;Kadin;SEGMENT_C;BRAND_C2;34
2025;5;Kadin;SEGMENT_C;BRAND_C2;36
2025;6;Kadin;SEGMENT_C;BRAND_C2;44
2025;7;Kadin;SEGMENT_C;BRAND_C2;56
2025;8;Kadin;SEGMENT_C;BRAND_C2;72
2025;9;Kadin;SEGMENT_C;BRAND_C2;69
2025;10;Kadin;SEGMENT_C;BRAND_C2;84
2025;11;Kadin;SEGMENT_C;BRAND_C2;92
2025;12;Kadin;SEGMENT_C;BRAND_C2;127
2025;13;Kadin;SEGMENT_C;BRAND_C2;159
2025;14;Kadin;SEGMENT_C;BRAND_C2;124
2025;15;Kadin;SEGMENT_C;BRAND_C2;164
2025;16;Kadin;SEGMENT_C;BRAND_C2;191
2025;17;Kadin;SEGMENT_C;BRAND_C2;175
2025;18;Kadin;SEGMENT_C;BRAND_C2;163
2025;19;Kadin;SEGMENT_C;BRAND_C2;237
2025;20;Kadin;SEGMENT_C;BRAND_C2;181
2025;21;Kadin;SEGMENT_C;BRAND_C2;271
2025;22;Kadin;SEGMENT_C;BRAND_C2;213
2025;23;Kadin;SEGMENT_C;BRAND_C2;199
2025;24;Kadin;SEGMENT_C;BRAND_C2;232
2025;25;Kadin;SEGMENT_C;BRAND_C2;249
2025;26;Kadin;SEGMENT_C;BRAND_C2;258
2025;27;Kadin;SEGMENT_C;BRAND_C2;273
2025;28;Kadin;SEGMENT_C;BRAND_C2;261
2025;29;Kadin;SEGMENT_C;BRAND_C2;312
2025;30;Kadin;SEGMENT_C;BRAND_C2;244
2025;31;Kadin;SEGMENT_C;BRAND_C2;250
2025;32;Kadin;SEGMENT_C;BRAND_C2;240
2025;33;Kadin;SEGMENT_C;BRAND_C2;184
2025;34;Kadin;SEGMENT_C;BRAND_C2;187
2025;35;Kadin;SEGMENT_C;BRAND_C2;206
2025;36;Kadin;SEGMENT_C;BRAND_C2;204
2025;37;Kadin;SEGMENT_C;BRAND_C2;142
2025;38;Kadin;SEGMENT_C;BRAND_C2;211
2025;39;Kadin;SEGMENT_C;BRAND_C2;165
2025;40;Kadin;SEGMENT_C;BRAND_C2;141
2025;41;Kadin;SEGMENT_C;BRAND_C2;135
2025;42;Kadin;SEGMENT_C;BRAND_C2;107
2025;43;Kadin;SEGMENT_C;BRAND_C2;103
2025;44;Kadin;SEGMENT_C;BRAND_C2;92
2025;45;Kadin;SEGMENT_C;BRAND_C2;90
2025;46;Kadin;SEGMENT_C;BRAND_C2;65
2025;47;Kadin;SEGMENT_C;BRAND_C2;64
2025;48;Kadin;SEGMENT_C;BRAND_C2;58
2025;49;Kadin;SEGMENT_C;BRAND_C2;40
2025;50;Kadin;SEGMENT_C;BRAND_C2;30
2025;51;Kadin;SEGMENT_C;BRAND_C2;28
2025;52;Kadin;SEGMENT_C;BRAND_C2;26
2026;1;Kadin;SEGMENT_C;BRAND_C2;27
2026;2;Kadin;SEGMENT_C;BRAND_C2;31
2026;3;Kadin;SEGMENT_C;BRAND_C2;30
2026;4;Kadin;SEGMENT_C;BRAND_C2;38
2026;5;Kadin;SEGMENT_C;BRAND_C2;41
2026;6;Kadin;SEGMENT_C;BRAND_C2;43
2026;7;Kadin;SEGMENT_C;BRAND_C2;59
2026;8;Kadin;SEGMENT_C;BRAND_C2;68
2026;9;Kadin;SEGMENT_C;BRAND_C2;83
2026;10;Kadin;SEGMENT_C;BRAND_C2;99
2026;11;Kadin;SEGMENT_C;BRAND_C2;119
2026;12;Kadin;SEGMENT_C;BRAND_C2;123
2026;13;Kadin;SEGMENT_C;BRAND_C2;131
2026;14;Kadin;SEGMENT_C;BRAND_C2;153
2026;15;Kadin;SEGMENT_C;BRAND_C2;148
2026;16;Kadin;SEGMENT_C;BRAND_C2;159
2026;17;Kadin;SEGMENT_C;BRAND_C2;218
2026;18;Kadin;SEGMENT_C;BRAND_C2;183
2026;19;Kadin;SEGMENT_C;BRAND_C2;188
2026;20;Kadin;SEGMENT_C;BRAND_C2;234
2026;21;Kadin;SEGMENT_C;BRAND_C2;217
2026;22;Kadin;SEGMENT_C;BRAND_C2;262
2026;23;Kadin;SEGMENT_C;BRAND_C2;283
2026;24;Kadin;SEGMENT_C;BRAND_C2;230
2026;25;Kadin;SEGMENT_C;BRAND_C2;276
2026;26;Kadin;SEGMENT_C;BRAND_C2;240
2026;27;Kadin;SEGMENT_C;BRAND_C2;251
2026;28;Kadin;SEGMENT_C;BRAND_C2;267
2026;29;Kadin;SEGMENT_C;BRAND_C2;239
2026;30;Kadin;SEGMENT_C;BRAND_C2;258
2026;31;Kadin;SEGMENT_C;BRAND_C2;241
2026;32;Kadin;SEGMENT_C;BRAND_C2;263
2026;33;Kadin;SEGMENT_C;BRAND_C2;254
2026;34;Kadin;SEGMENT_C;BRAND_C2;206
2023;1;Kadin;SEGMENT_C;BRAND_C3;12
2023;2;Kadin;SEGMENT_C;BRAND_C3;10
2023;3;Kadin;SEGMENT_C;BRAND_C3;12
2023;4;Kadin;SEGMENT_C;BRAND_C3;14
2023;5;Kadin;SEGMENT_C;BRAND_C3;14
2023;6;Kadin;SEGMENT_C;BRAND_C3;23
2023;7;Kadin;SEGMENT_C;BRAND_C3;20
2023;8;Kadin;SEGMENT_C;BRAND_C3;31
2023;9;Kadin;SEGMENT_C;BRAND_C3;28
2023;10;Kadin;SEGMENT_C;BRAND_C3;32
2023;11;Kadin;SEGMENT_C;BRAND_C3;32
2023;12;Kadin;SEGMENT_C;BRAND_C3;47
2023;13;Kadin;SEGMENT_C;BRAND_C3;43
2023;14;Kadin;SEGMENT_C;BRAND_C3;54
2023;15;Kadin;SEGMENT_C;BRAND_C3;54
2023;16;Kadin;SEGMENT_C;BRAND_C3;67
2023;17;Kadin;SEGMENT_C;BRAND_C3;51
2023;18;Kadin;SEGMENT_C;BRAND_C3;76
2023;19;Kadin;SEGMENT_C;BRAND_C3;83
2023;20;Kadin;SEGMENT_C;BRAND_C3;80
2023;21;Kadin;SEGMENT_C;BRAND_C3;84
2023;22;Kadin;SEGMENT_C;BRAND_C3;86
2023;23;Kadin;SEGMENT_C;BRAND_C3;92
2023;24;Kadin;SEGMENT_C;BRAND_C3;115
2023;25;Kadin;SEGMENT_C;BRAND_C3;109
2023;26;Kadin;SEGMENT_C;BRAND_C3;97
2023;27;Kadin;SEGMENT_C;BRAND_C3;94
2023;28;Kadin;SEGMENT_C;BRAND_C3;108
2023;29;Kadin;SEGMENT_C;BRAND_C3;100
2023;30;Kadin;SEGMENT_C;BRAND_C3;85
2023;31;Kadin;SEGMENT_C;BRAND_C3;91
2023;32;Kadin;SEGMENT_C;BRAND_C3;108
2023;33;Kadin;SEGMENT_C;BRAND_C3;94
2023;34;Kadin;SEGMENT_C;BRAND_C3;80
2023;35;Kadin;SEGMENT_C;BRAND_C3;67
2023;36;Kadin;SEGMENT_C;BRAND_C3;78
2023;37;Kadin;SEGMENT_C;BRAND_C3;71
2023;38;Kadin;SEGMENT_C;BRAND_C3;64
2023;39;Kadin;SEGMENT_C;BRAND_C3;66
2023;40;Kadin;SEGMENT_C;BRAND_C3;59
2023;41;Kadin;SEGMENT_C;BRAND_C3;42
2023;42;Kadin;SEGMENT_C;BRAND_C3;45
2023;43;Kadin;SEGMENT_C;BRAND_C3;34
2023;44;Kadin;SEGMENT_C;BRAND_C3;32
2023;45;Kadin;SEGMENT_C;BRAND_C3;26
2023;46;Kadin;SEGMENT_C;BRAND_C3;22
2023;47;Kadin;SEGMENT_C;BRAND_C3;24
2023;48;Kadin;SEGMENT_C;BRAND_C3;26
2023;49;Kadin;SEGMENT_C;BRAND_C3;16
2023;50;Kadin;SEGMENT_C;BRAND_C3;13
2023;51;Kadin;SEGMENT_C;BRAND_C3;11
2023;52;Kadin;SEGMENT_C;BRAND_C3;9
2024;1;Kadin;SEGMENT_C;BRAND_C3;10
2024;2;Kadin;SEGMENT_C;BRAND_C3;11
2024;3;Kadin;SEGMENT_C;BRAND_C3;12
2024;4;Kadin;SEGMENT_C;BRAND_C3;16
2024;5;Kadin;SEGMENT_C;BRAND_C3;18
2024;6;Kadin;SEGMENT_C;BRAND_C3;19
2024;7;Kadin;SEGMENT_C;BRAND_C3;21
2024;8;Kadin;SEGMENT_C;BRAND_C3;23
2024;9;Kadin;SEGMENT_C;BRAND_C3;25
2024;10;Kadin;SEGMENT_C;BRAND_C3;30
2024;11;Kadin;SEGMENT_C;BRAND_C3;32
2024;12;Kadin;SEGMENT_C;BRAND_C3;55
2024;13;Kadin;SEGMENT_C;BRAND_C3;52
2024;14;Kadin;SEGMENT_C;BRAND_C3;60
2024;15;Kadin;SEGMENT_C;BRAND_C3;59
2024;16;Kadin;SEGMENT_C;BRAND_C3;88
2024;17;Kadin;SEGMENT_C;BRAND_C3;62
2024;18;Kadin;SEGMENT_C;BRAND_C3;63
2024;19;Kadin;SEGMENT_C;BRAND_C3;108
2024;20;Kadin;SEGMENT_C;BRAND_C3;72
2024;21;Kadin;SEGMENT_C;BRAND_C3;86
2024;22;Kadin;SEGMENT_C;BRAND_C3;85
2024;23;Kadin;SEGMENT_C;BRAND_C3;99
2024;24;Kadin;SEGMENT_C;BRAND_C3;93
2024;25;Kadin;SEGMENT_C;BRAND_C3;107
2024;26;Kadin;SEGMENT_C;BRAND_C3;111
2024;27;Kadin;SEGMENT_C;BRAND_C3;84
2024;28;Kadin;SEGMENT_C;BRAND_C3;91
2024;29;Kadin;SEGMENT_C;BRAND_C3;108
2024;30;Kadin;SEGMENT_C;BRAND_C3;111
2024;31;Kadin;SEGMENT_C;BRAND_C3;97
2024;32;Kadin;SEGMENT_C;BRAND_C3;98
2024;33;Kadin;SEGMENT_C;BRAND_C3;106
2024;34;Kadin;SEGMENT_C;BRAND_C3;82
2024;35;Kadin;SEGMENT_C;BRAND_C3;83
2024;36;Kadin;SEGMENT_C;BRAND_C3;89
2024;37;Kadin;SEGMENT_C;BRAND_C3;84
2024;38;Kadin;SEGMENT_C;BRAND_C3;66
2024;39;Kadin;SEGMENT_C;BRAND_C3;56
2024;40;Kadin;SEGMENT_C;BRAND_C3;55
2024;41;Kadin;SEGMENT_C;BRAND_C3;50
2024;42;Kadin;SEGMENT_C;BRAND_C3;41
2024;43;Kadin;SEGMENT_C;BRAND_C3;37
2024;44;Kadin;SEGMENT_C;BRAND_C3;41
2024;45;Kadin;SEGMENT_C;BRAND_C3;32
2024;46;Kadin;SEGMENT_C;BRAND_C3;25
2024;47;Kadin;SEGMENT_C;BRAND_C3;27
2024;48;Kadin;SEGMENT_C;BRAND_C3;24
2024;49;Kadin;SEGMENT_C;BRAND_C3;13
2024;50;Kadin;SEGMENT_C;BRAND_C3;14
2024;51;Kadin;SEGMENT_C;BRAND_C3;11
2024;52;Kadin;SEGMENT_C;BRAND_C3;12
2025;1;Kadin;SEGMENT_C;BRAND_C3;12
2025;2;Kadin;SEGMENT_C;BRAND_C3;12
2025;3;Kadin;SEGMENT_C;BRAND_C3;12
2025;4;Kadin;SEGMENT_C;BRAND_C3;12
2025;5;Kadin;SEGMENT_C;BRAND_C3;14
2025;6;Kadin;SEGMENT_C;BRAND_C3;22
2025;7;Kadin;SEGMENT_C;BRAND_C3;23
2025;8;Kadin;SEGMENT_C;BRAND_C3;25
2025;9;Kadin;SEGMENT_C;BRAND_C3;33
2025;10;Kadin;SEGMENT_C;BRAND_C3;40
2025;11;Kadin;SEGMENT_C;BRAND_C3;37
2025;12;Kadin;SEGMENT_C;BRAND_C3;47
2025;13;Kadin;SEGMENT_C;BRAND_C3;52
2025;14;Kadin;SEGMENT_C;BRAND_C3;67
2025;15;Kadin;SEGMENT_C;BRAND_C3;59
2025;16;Kadin;SEGMENT_C;BRAND_C3;61
2025;17;Kadin;SEGMENT_C;BRAND_C3;76
2025;18;Kadin;SEGMENT_C;BRAND_C3;84
2025;19;Kadin;SEGMENT_C;BRAND_C3;84
2025;20;Kadin;SEGMENT_C;BRAND_C3;104
2025;21;Kadin;SEGMENT_C;BRAND_C3;87
2025;22;Kadin;SEGMENT_C;BRAND_C3;96
2025;23;Kadin;SEGMENT_C;BRAND_C3;82
2025;24;Kadin;SEGMENT_C;BRAND_C3;89
2025;25;Kadin;SEGMENT_C;BRAND_C3;93
2025;26;Kadin;SEGMENT_C;BRAND_C3;100
2025;27;Kadin;SEGMENT_C;BRAND_C3;88
2025;28;Kadin;SEGMENT_C;BRAND_C3;109
2025;29;Kadin;SEGMENT_C;BRAND_C3;92
2025;30;Kadin;SEGMENT_C;BRAND_C3;129
2025;31;Kadin;SEGMENT_C;BRAND_C3;89
2025;32;Kadin;SEGMENT_C;BRAND_C3;95
2025;33;Kadin;SEGMENT_C;BRAND_C3;90
2025;34;Kadin;SEGMENT_C;BRAND_C3;77
2025;35;Kadin;SEGMENT_C;BRAND_C3;81
2025;36;Kadin;SEGMENT_C;BRAND_C3;76
2025;37;Kadin;SEGMENT_C;BRAND_C3;81
2025;38;Kadin;SEGMENT_C;BRAND_C3;71
2025;39;Kadin;SEGMENT_C;BRAND_C3;67
2025;40;Kadin;SEGMENT_C;BRAND_C3;63
2025;41;Kadin;SEGMENT_C;BRAND_C3;55
2025;42;Kadin;SEGMENT_C;BRAND_C3;47
2025;43;Kadin;SEGMENT_C;BRAND_C3;37
2025;44;Kadin;SEGMENT_C;BRAND_C3;36
2025;45;Kadin;SEGMENT_C;BRAND_C3;28
2025;46;Kadin;SEGMENT_C;BRAND_C3;26
2025;47;Kadin;SEGMENT_C;BRAND_C3;30
2025;48;Kadin;SEGMENT_C;BRAND_C3;25
2025;49;Kadin;SEGMENT_C;BRAND_C3;14
2025;50;Kadin;SEGMENT_C;BRAND_C3;10
2025;51;Kadin;SEGMENT_C;BRAND_C3;12
2025;52;Kadin;SEGMENT_C;BRAND_C3;13
2026;1;Kadin;SEGMENT_C;BRAND_C3;11
2026;2;Kadin;SEGMENT_C;BRAND_C3;13
2026;3;Kadin;SEGMENT_C;BRAND_C3;11
2026;4;Kadin;SEGMENT_C;BRAND_C3;13
2026;5;Kadin;SEGMENT_C;BRAND_C3;22
2026;6;Kadin;SEGMENT_C;BRAND_C3;17
2026;7;Kadin;SEGMENT_C;BRAND_C3;24
2026;8;Kadin;SEGMENT_C;BRAND_C3;28
2026;9;Kadin;SEGMENT_C;BRAND_C3;33
2026;10;Kadin;SEGMENT_C;BRAND_C3;38
2026;11;Kadin;SEGMENT_C;BRAND_C3;37
2026;12;Kadin;SEGMENT_C;BRAND_C3;44
2026;13;Kadin;SEGMENT_C;BRAND_C3;39
2026;14;Kadin;SEGMENT_C;BRAND_C3;68
2026;15;Kadin;SEGMENT_C;BRAND_C3;67
2026;16;Kadin;SEGMENT_C;BRAND_C3;63
2026;17;Kadin;SEGMENT_C;BRAND_C3;67
2026;18;Kadin;SEGMENT_C;BRAND_C3;90
2026;19;Kadin;SEGMENT_C;BRAND_C3;77
2026;20;Kadin;SEGMENT_C;BRAND_C3;81
2026;21;Kadin;SEGMENT_C;BRAND_C3;82
2026;22;Kadin;SEGMENT_C;BRAND_C3;105
2026;23;Kadin;SEGMENT_C;BRAND_C3;111
2026;24;Kadin;SEGMENT_C;BRAND_C3;98
2026;25;Kadin;SEGMENT_C;BRAND_C3;116
2026;26;Kadin;SEGMENT_C;BRAND_C3;108
2026;27;Kadin;SEGMENT_C;BRAND_C3;92
2026;28;Kadin;SEGMENT_C;BRAND_C3;122
2026;29;Kadin;SEGMENT_C;BRAND_C3;91
2026;30;Kadin;SEGMENT_C;BRAND_C3;99
2026;31;Kadin;SEGMENT_C;BRAND_C3;96
2026;32;Kadin;SEGMENT_C;BRAND_C3;92
2026;33;Kadin;SEGMENT_C;BRAND_C3;74
2026;34;Kadin;SEGMENT_C;BRAND_C3;113
2023;1;Kadin;SEGMENT_C;BRAND_C4;33
2023;2;Kadin;SEGMENT_C;BRAND_C4;38
2023;3;Kadin;SEGMENT_C;BRAND_C4;36
2023;4;Kadin;SEGMENT_C;BRAND_C4;46
2023;5;Kadin;SEGMENT_C;BRAND_C4;59
2023;6;Kadin;SEGMENT_C;BRAND_C4;51
2023;7;Kadin;SEGMENT_C;BRAND_C4;76
2023;8;Kadin;SEGMENT_C;BRAND_C4;81
2023;9;Kadin;SEGMENT_C;BRAND_C4;85
2023;10;Kadin;SEGMENT_C;BRAND_C4;111
2023;11;Kadin;SEGMENT_C;BRAND_C4;145
2023;12;Kadin;SEGMENT_C;BRAND_C4;145
2023;13;Kadin;SEGMENT_C;BRAND_C4;145
2023;14;Kadin;SEGMENT_C;BRAND_C4;157
2023;15;Kadin;SEGMENT_C;BRAND_C4;206
2023;16;Kadin;SEGMENT_C;BRAND_C4;165
2023;17;Kadin;SEGMENT_C;BRAND_C4;265
2023;18;Kadin;SEGMENT_C;BRAND_C4;207
2023;19;Kadin;SEGMENT_C;BRAND_C4;260
2023;20;Kadin;SEGMENT_C;BRAND_C4;288
2023;21;Kadin;SEGMENT_C;BRAND_C4;263
2023;22;Kadin;SEGMENT_C;BRAND_C4;335
2023;23;Kadin;SEGMENT_C;BRAND_C4;328
2023;24;Kadin;SEGMENT_C;BRAND_C4;366
2023;25;Kadin;SEGMENT_C;BRAND_C4;330
2023;26;Kadin;SEGMENT_C;BRAND_C4;252
2023;27;Kadin;SEGMENT_C;BRAND_C4;293
2023;28;Kadin;SEGMENT_C;BRAND_C4;344
2023;29;Kadin;SEGMENT_C;BRAND_C4;378
2023;30;Kadin;SEGMENT_C;BRAND_C4;315
2023;31;Kadin;SEGMENT_C;BRAND_C4;352
2023;32;Kadin;SEGMENT_C;BRAND_C4;300
2023;33;Kadin;SEGMENT_C;BRAND_C4;308
2023;34;Kadin;SEGMENT_C;BRAND_C4;272
2023;35;Kadin;SEGMENT_C;BRAND_C4;303
2023;36;Kadin;SEGMENT_C;BRAND_C4;304
2023;37;Kadin;SEGMENT_C;BRAND_C4;281
2023;38;Kadin;SEGMENT_C;BRAND_C4;318
2023;39;Kadin;SEGMENT_C;BRAND_C4;182
2023;40;Kadin;SEGMENT_C;BRAND_C4;189
2023;41;Kadin;SEGMENT_C;BRAND_C4;150
2023;42;Kadin;SEGMENT_C;BRAND_C4;168
2023;43;Kadin;SEGMENT_C;BRAND_C4;115
2023;44;Kadin;SEGMENT_C;BRAND_C4;131
2023;45;Kadin;SEGMENT_C;BRAND_C4;101
2023;46;Kadin;SEGMENT_C;BRAND_C4;84
2023;47;Kadin;SEGMENT_C;BRAND_C4;98
2023;48;Kadin;SEGMENT_C;BRAND_C4;73
2023;49;Kadin;SEGMENT_C;BRAND_C4;46
2023;50;Kadin;SEGMENT_C;BRAND_C4;46
2023;51;Kadin;SEGMENT_C;BRAND_C4;41
2023;52;Kadin;SEGMENT_C;BRAND_C4;34
2024;1;Kadin;SEGMENT_C;BRAND_C4;35
2024;2;Kadin;SEGMENT_C;BRAND_C4;39
2024;3;Kadin;SEGMENT_C;BRAND_C4;36
2024;4;Kadin;SEGMENT_C;BRAND_C4;37
2024;5;Kadin;SEGMENT_C;BRAND_C4;63
2024;6;Kadin;SEGMENT_C;BRAND_C4;64
2024;7;Kadin;SEGMENT_C;BRAND_C4;69
2024;8;Kadin;SEGMENT_C;BRAND_C4;78
2024;9;Kadin;SEGMENT_C;BRAND_C4;90
2024;10;Kadin;SEGMENT_C;BRAND_C4;131
2024;11;Kadin;SEGMENT_C;BRAND_C4;112
2024;12;Kadin;SEGMENT_C;BRAND_C4;154
2024;13;Kadin;SEGMENT_C;BRAND_C4;172
2024;14;Kadin;SEGMENT_C;BRAND_C4;200
2024;15;Kadin;SEGMENT_C;BRAND_C4;191
2024;16;Kadin;SEGMENT_C;BRAND_C4;257
2024;17;Kadin;SEGMENT_C;BRAND_C4;258
2024;18;Kadin;SEGMENT_C;BRAND_C4;238
2024;19;Kadin;SEGMENT_C;BRAND_C4;244
2024;20;Kadin;SEGMENT_C;BRAND_C4;275
2024;21;Kadin;SEGMENT_C;BRAND_C4;277
2024;22;Kadin;SEGMENT_C;BRAND_C4;273
2024;23;Kadin;SEGMENT_C;BRAND_C4;315
2024;24;Kadin;SEGMENT_C;BRAND_C4;310
2024;25;Kadin;SEGMENT_C;BRAND_C4;398
2024;26;Kadin;SEGMENT_C;BRAND_C4;312
2024;27;Kadin;SEGMENT_C;BRAND_C4;302
2024;28;Kadin;SEGMENT_C;BRAND_C4;329
2024;29;Kadin;SEGMENT_C;BRAND_C4;336
2024;30;Kadin;SEGMENT_C;BRAND_C4;334
2024;31;Kadin;SEGMENT_C;BRAND_C4;326
2024;32;Kadin;SEGMENT_C;BRAND_C4;306
2024;33;Kadin;SEGMENT_C;BRAND_C4;293
2024;34;Kadin;SEGMENT_C;BRAND_C4;303
2024;35;Kadin;SEGMENT_C;BRAND_C4;238
2024;36;Kadin;SEGMENT_C;BRAND_C4;231
2024;37;Kadin;SEGMENT_C;BRAND_C4;197
2024;38;Kadin;SEGMENT_C;BRAND_C4;196
2024;39;Kadin;SEGMENT_C;BRAND_C4;229
2024;40;Kadin;SEGMENT_C;BRAND_C4;197
2024;41;Kadin;SEGMENT_C;BRAND_C4;207
2024;42;Kadin;SEGMENT_C;BRAND_C4;179
2024;43;Kadin;SEGMENT_C;BRAND_C4;141
2024;44;Kadin;SEGMENT_C;BRAND_C4;118
2024;45;Kadin;SEGMENT_C;BRAND_C4;101
2024;46;Kadin;SEGMENT_C;BRAND_C4;67
2024;47;Kadin;SEGMENT_C;BRAND_C4;99
2024;48;Kadin;SEGMENT_C;BRAND_C4;79
2024;49;Kadin;SEGMENT_C;BRAND_C4;48
2024;50;Kadin;SEGMENT_C;BRAND_C4;48
2024;51;Kadin;SEGMENT_C;BRAND_C4;40
2024;52;Kadin;SEGMENT_C;BRAND_C4;38
2025;1;Kadin;SEGMENT_C;BRAND_C4;32
2025;2;Kadin;SEGMENT_C;BRAND_C4;42
2025;3;Kadin;SEGMENT_C;BRAND_C4;39
2025;4;Kadin;SEGMENT_C;BRAND_C4;48
2025;5;Kadin;SEGMENT_C;BRAND_C4;51
2025;6;Kadin;SEGMENT_C;BRAND_C4;48
2025;7;Kadin;SEGMENT_C;BRAND_C4;78
2025;8;Kadin;SEGMENT_C;BRAND_C4;85
2025;9;Kadin;SEGMENT_C;BRAND_C4;84
2025;10;Kadin;SEGMENT_C;BRAND_C4;101
2025;11;Kadin;SEGMENT_C;BRAND_C4;147
2025;12;Kadin;SEGMENT_C;BRAND_C4;125
2025;13;Kadin;SEGMENT_C;BRAND_C4;158
2025;14;Kadin;SEGMENT_C;BRAND_C4;235
2025;15;Kadin;SEGMENT_C;BRAND_C4;216
2025;16;Kadin;SEGMENT_C;BRAND_C4;242
2025;17;Kadin;SEGMENT_C;BRAND_C4;231
2025;18;Kadin;SEGMENT_C;BRAND_C4;210
2025;19;Kadin;SEGMENT_C;BRAND_C4;277
2025;20;Kadin;SEGMENT_C;BRAND_C4;251
2025;21;Kadin;SEGMENT_C;BRAND_C4;259
2025;22;Kadin;SEGMENT_C;BRAND_C4;312
2025;23;Kadin;SEGMENT_C;BRAND_C4;282
2025;24;Kadin;SEGMENT_C;BRAND_C4;324
2025;25;Kadin;SEGMENT_C;BRAND_C4;305
2025;26;Kadin;SEGMENT_C;BRAND_C4;332
2025;27;Kadin;SEGMENT_C;BRAND_C4;315
2025;28;Kadin;SEGMENT_C;BRAND_C4;333
2025;29;Kadin;SEGMENT_C;BRAND_C4;394
2025;30;Kadin;SEGMENT_C;BRAND_C4;358
2025;31;Kadin;SEGMENT_C;BRAND_C4;313
2025;32;Kadin;SEGMENT_C;BRAND_C4;360
2025;33;Kadin;SEGMENT_C;BRAND_C4;313
2025;34;Kadin;SEGMENT_C;BRAND_C4;329
2025;35;Kadin;SEGMENT_C;BRAND_C4;230
2025;36;Kadin;SEGMENT_C;BRAND_C4;228
2025;37;Kadin;SEGMENT_C;BRAND_C4;246
2025;38;Kadin;SEGMENT_C;BRAND_C4;218
2025;39;Kadin;SEGMENT_C;BRAND_C4;204
2025;40;Kadin;SEGMENT_C;BRAND_C4;200
2025;41;Kadin;SEGMENT_C;BRAND_C4;173
2025;42;Kadin;SEGMENT_C;BRAND_C4;168
2025;43;Kadin;SEGMENT_C;BRAND_C4;148
2025;44;Kadin;SEGMENT_C;BRAND_C4;105
2025;45;Kadin;SEGMENT_C;BRAND_C4;79
2025;46;Kadin;SEGMENT_C;BRAND_C4;78
2025;47;Kadin;SEGMENT_C;BRAND_C4;89
2025;48;Kadin;SEGMENT_C;BRAND_C4;87
2025;49;Kadin;SEGMENT_C;BRAND_C4;55
2025;50;Kadin;SEGMENT_C;BRAND_C4;46
2025;51;Kadin;SEGMENT_C;BRAND_C4;44
2025;52;Kadin;SEGMENT_C;BRAND_C4;52
2026;1;Kadin;SEGMENT_C;BRAND_C4;36
2026;2;Kadin;SEGMENT_C;BRAND_C4;39
2026;3;Kadin;SEGMENT_C;BRAND_C4;41
2026;4;Kadin;SEGMENT_C;BRAND_C4;44
2026;5;Kadin;SEGMENT_C;BRAND_C4;58
2026;6;Kadin;SEGMENT_C;BRAND_C4;62
2026;7;Kadin;SEGMENT_C;BRAND_C4;68
2026;8;Kadin;SEGMENT_C;BRAND_C4;81
2026;9;Kadin;SEGMENT_C;BRAND_C4;114
2026;10;Kadin;SEGMENT_C;BRAND_C4;126
2026;11;Kadin;SEGMENT_C;BRAND_C4;127
2026;12;Kadin;SEGMENT_C;BRAND_C4;160
2026;13;Kadin;SEGMENT_C;BRAND_C4;170
2026;14;Kadin;SEGMENT_C;BRAND_C4;195
2026;15;Kadin;SEGMENT_C;BRAND_C4;192
2026;16;Kadin;SEGMENT_C;BRAND_C4;199
2026;17;Kadin;SEGMENT_C;BRAND_C4;234
2026;18;Kadin;SEGMENT_C;BRAND_C4;233
2026;19;Kadin;SEGMENT_C;BRAND_C4;246
2026;20;Kadin;SEGMENT_C;BRAND_C4;246
2026;21;Kadin;SEGMENT_C;BRAND_C4;234
2026;22;Kadin;SEGMENT_C;BRAND_C4;297
2026;23;Kadin;SEGMENT_C;BRAND_C4;370
2026;24;Kadin;SEGMENT_C;BRAND_C4;366
2026;25;Kadin;SEGMENT_C;BRAND_C4;410
2026;26;Kadin;SEGMENT_C;BRAND_C4;302
2026;27;Kadin;SEGMENT_C;BRAND_C4;369
2026;28;Kadin;SEGMENT_C;BRAND_C4;335
2026;29;Kadin;SEGMENT_C;BRAND_C4;309
2026;30;Kadin;SEGMENT_C;BRAND_C4;374
2026;31;Kadin;SEGMENT_C;BRAND_C4;319
2026;32;Kadin;SEGMENT_C;BRAND_C4;257
2026;33;Kadin;SEGMENT_C;BRAND_C4;335
2026;34;Kadin;SEGMENT_C;BRAND_C4;303
2023;1;Kadin;SEGMENT_D;BRAND_D1;161
2023;2;Kadin;SEGMENT_D;BRAND_D1;193
2023;3;Kadin;SEGMENT_D;BRAND_D1;227
2023;4;Kadin;SEGMENT_D;BRAND_D1;201
2023;5;Kadin;SEGMENT_D;BRAND_D1;165
2023;6;Kadin;SEGMENT_D;BRAND_D1;209
2023;7;Kadin;SEGMENT_D;BRAND_D1;211
2023;8;Kadin;SEGMENT_D;BRAND_D1;224
2023;9;Kadin;SEGMENT_D;BRAND_D1;216
2023;10;Kadin;SEGMENT_D;BRAND_D1;189
2023;11;Kadin;SEGMENT_D;BRAND_D1;215
2023;12;Kadin;SEGMENT_D;BRAND_D1;210
2023;13;Kadin;SEGMENT_D;BRAND_D1;224
2023;14;Kadin;SEGMENT_D;BRAND_D1;251
2023;15;Kadin;SEGMENT_D;BRAND_D1;207
2023;16;Kadin;SEGMENT_D;BRAND_D1;281
2023;17;Kadin;SEGMENT_D;BRAND_D1;238
2023;18;Kadin;SEGMENT_D;BRAND_D1;253
2023;19;Kadin;SEGMENT_D;BRAND_D1;249
2023;20;Kadin;SEGMENT_D;BRAND_D1;241
2023;21;Kadin;SEGMENT_D;BRAND_D1;247
2023;22;Kadin;SEGMENT_D;BRAND_D1;160
2023;23;Kadin;SEGMENT_D;BRAND_D1;251
2023;24;Kadin;SEGMENT_D;BRAND_D1;208
2023;25;Kadin;SEGMENT_D;BRAND_D1;228
2023;26;Kadin;SEGMENT_D;BRAND_D1;239
2023;27;Kadin;SEGMENT_D;BRAND_D1;259
2023;28;Kadin;SEGMENT_D;BRAND_D1;204
2023;29;Kadin;SEGMENT_D;BRAND_D1;213
2023;30;Kadin;SEGMENT_D;BRAND_D1;215
2023;31;Kadin;SEGMENT_D;BRAND_D1;226
2023;32;Kadin;SEGMENT_D;BRAND_D1;212
2023;33;Kadin;SEGMENT_D;BRAND_D1;232
2023;34;Kadin;SEGMENT_D;BRAND_D1;176
2023;35;Kadin;SEGMENT_D;BRAND_D1;209
2023;36;Kadin;SEGMENT_D;BRAND_D1;255
2023;37;Kadin;SEGMENT_D;BRAND_D1;203
2023;38;Kadin;SEGMENT_D;BRAND_D1;218
2023;39;Kadin;SEGMENT_D;BRAND_D1;230
2023;40;Kadin;SEGMENT_D;BRAND_D1;214
2023;41;Kadin;SEGMENT_D;BRAND_D1;256
2023;42;Kadin;SEGMENT_D;BRAND_D1;205
2023;43;Kadin;SEGMENT_D;BRAND_D1;217
2023;44;Kadin;SEGMENT_D;BRAND_D1;207
2023;45;Kadin;SEGMENT_D;BRAND_D1;237
2023;46;Kadin;SEGMENT_D;BRAND_D1;193
2023;47;Kadin;SEGMENT_D;BRAND_D1;349
2023;48;Kadin;SEGMENT_D;BRAND_D1;255
2023;49;Kadin;SEGMENT_D;BRAND_D1;251
2023;50;Kadin;SEGMENT_D;BRAND_D1;184
2023;51;Kadin;SEGMENT_D;BRAND_D1;225
2023;52;Kadin;SEGMENT_D;BRAND_D1;211
2024;1;Kadin;SEGMENT_D;BRAND_D1;237
2024;2;Kadin;SEGMENT_D;BRAND_D1;227
2024;3;Kadin;SEGMENT_D;BRAND_D1;242
2024;4;Kadin;SEGMENT_D;BRAND_D1;197
2024;5;Kadin;SEGMENT_D;BRAND_D1;187
2024;6;Kadin;SEGMENT_D;BRAND_D1;199
2024;7;Kadin;SEGMENT_D;BRAND_D1;202
2024;8;Kadin;SEGMENT_D;BRAND_D1;209
2024;9;Kadin;SEGMENT_D;BRAND_D1;223
2024;10;Kadin;SEGMENT_D;BRAND_D1;226
2024;11;Kadin;SEGMENT_D;BRAND_D1;246
2024;12;Kadin;SEGMENT_D;BRAND_D1;226
2024;13;Kadin;SEGMENT_D;BRAND_D1;230
2024;14;Kadin;SEGMENT_D;BRAND_D1;248
2024;15;Kadin;SEGMENT_D;BRAND_D1;290
2024;16;Kadin;SEGMENT_D;BRAND_D1;246
2024;17;Kadin;SEGMENT_D;BRAND_D1;259
2024;18;Kadin;SEGMENT_D;BRAND_D1;265
2024;19;Kadin;SEGMENT_D;BRAND_D1;236
2024;20;Kadin;SEGMENT_D;BRAND_D1;253
2024;21;Kadin;SEGMENT_D;BRAND_D1;244
2024;22;Kadin;SEGMENT_D;BRAND_D1;295
2024;23;Kadin;SEGMENT_D;BRAND_D1;292
2024;24;Kadin;SEGMENT_D;BRAND_D1;241
2024;25;Kadin;SEGMENT_D;BRAND_D1;260
2024;26;Kadin;SEGMENT_D;BRAND_D1;281
2024;27;Kadin;SEGMENT_D;BRAND_D1;270
2024;28;Kadin;SEGMENT_D;BRAND_D1;271
2024;29;Kadin;SEGMENT_D;BRAND_D1;230
2024;30;Kadin;SEGMENT_D;BRAND_D1;310
2024;31;Kadin;SEGMENT_D;BRAND_D1;235
2024;32;Kadin;SEGMENT_D;BRAND_D1;232
2024;33;Kadin;SEGMENT_D;BRAND_D1;213
2024;34;Kadin;SEGMENT_D;BRAND_D1;240
2024;35;Kadin;SEGMENT_D;BRAND_D1;278
2024;36;Kadin;SEGMENT_D;BRAND_D1;249
2024;37;Kadin;SEGMENT_D;BRAND_D1;235
2024;38;Kadin;SEGMENT_D;BRAND_D1;258
2024;39;Kadin;SEGMENT_D;BRAND_D1;267
2024;40;Kadin;SEGMENT_D;BRAND_D1;257
2024;41;Kadin;SEGMENT_D;BRAND_D1;186
2024;42;Kadin;SEGMENT_D;BRAND_D1;252
2024;43;Kadin;SEGMENT_D;BRAND_D1;242
2024;44;Kadin;SEGMENT_D;BRAND_D1;208
2024;45;Kadin;SEGMENT_D;BRAND_D1;242
2024;46;Kadin;SEGMENT_D;BRAND_D1;263
2024;47;Kadin;SEGMENT_D;BRAND_D1;290
2024;48;Kadin;SEGMENT_D;BRAND_D1;347
2024;49;Kadin;SEGMENT_D;BRAND_D1;241
2024;50;Kadin;SEGMENT_D;BRAND_D1;169
2024;51;Kadin;SEGMENT_D;BRAND_D1;236
2024;52;Kadin;SEGMENT_D;BRAND_D1;247
2025;1;Kadin;SEGMENT_D;BRAND_D1;233
2025;2;Kadin;SEGMENT_D;BRAND_D1;255
2025;3;Kadin;SEGMENT_D;BRAND_D1;244
2025;4;Kadin;SEGMENT_D;BRAND_D1;330
2025;5;Kadin;SEGMENT_D;BRAND_D1;244
2025;6;Kadin;SEGMENT_D;BRAND_D1;236
2025;7;Kadin;SEGMENT_D;BRAND_D1;290
2025;8;Kadin;SEGMENT_D;BRAND_D1;258
2025;9;Kadin;SEGMENT_D;BRAND_D1;267
2025;10;Kadin;SEGMENT_D;BRAND_D1;268
2025;11;Kadin;SEGMENT_D;BRAND_D1;304
2025;12;Kadin;SEGMENT_D;BRAND_D1;248
2025;13;Kadin;SEGMENT_D;BRAND_D1;315
2025;14;Kadin;SEGMENT_D;BRAND_D1;305
2025;15;Kadin;SEGMENT_D;BRAND_D1;359
2025;16;Kadin;SEGMENT_D;BRAND_D1;298
2025;17;Kadin;SEGMENT_D;BRAND_D1;261
2025;18;Kadin;SEGMENT_D;BRAND_D1;302
2025;19;Kadin;SEGMENT_D;BRAND_D1;308
2025;20;Kadin;SEGMENT_D;BRAND_D1;344
2025;21;Kadin;SEGMENT_D;BRAND_D1;265
2025;22;Kadin;SEGMENT_D;BRAND_D1;249
2025;23;Kadin;SEGMENT_D;BRAND_D1;305
2025;24;Kadin;SEGMENT_D;BRAND_D1;371
2025;25;Kadin;SEGMENT_D;BRAND_D1;320
2025;26;Kadin;SEGMENT_D;BRAND_D1;321
2025;27;Kadin;SEGMENT_D;BRAND_D1;250
2025;28;Kadin;SEGMENT_D;BRAND_D1;292
2025;29;Kadin;SEGMENT_D;BRAND_D1;334
2025;30;Kadin;SEGMENT_D;BRAND_D1;297
2025;31;Kadin;SEGMENT_D;BRAND_D1;235
2025;32;Kadin;SEGMENT_D;BRAND_D1;281
2025;33;Kadin;SEGMENT_D;BRAND_D1;298
2025;34;Kadin;SEGMENT_D;BRAND_D1;189
2025;35;Kadin;SEGMENT_D;BRAND_D1;269
2025;36;Kadin;SEGMENT_D;BRAND_D1;243
2025;37;Kadin;SEGMENT_D;BRAND_D1;296
2025;38;Kadin;SEGMENT_D;BRAND_D1;252
2025;39;Kadin;SEGMENT_D;BRAND_D1;276
2025;40;Kadin;SEGMENT_D;BRAND_D1;260
2025;41;Kadin;SEGMENT_D;BRAND_D1;245
2025;42;Kadin;SEGMENT_D;BRAND_D1;327
2025;43;Kadin;SEGMENT_D;BRAND_D1;240
2025;44;Kadin;SEGMENT_D;BRAND_D1;259
2025;45;Kadin;SEGMENT_D;BRAND_D1;256
2025;46;Kadin;SEGMENT_D;BRAND_D1;262
2025;47;Kadin;SEGMENT_D;BRAND_D1;436
2025;48;Kadin;SEGMENT_D;BRAND_D1;375
2025;49;Kadin;SEGMENT_D;BRAND_D1;246
2025;50;Kadin;SEGMENT_D;BRAND_D1;313
2025;51;Kadin;SEGMENT_D;BRAND_D1;290
2025;52;Kadin;SEGMENT_D;BRAND_D1;253
2026;1;Kadin;SEGMENT_D;BRAND_D1;315
2026;2;Kadin;SEGMENT_D;BRAND_D1;234
2026;3;Kadin;SEGMENT_D;BRAND_D1;243
2026;4;Kadin;SEGMENT_D;BRAND_D1;231
2026;5;Kadin;SEGMENT_D;BRAND_D1;224
2026;6;Kadin;SEGMENT_D;BRAND_D1;334
2026;7;Kadin;SEGMENT_D;BRAND_D1;300
2026;8;Kadin;SEGMENT_D;BRAND_D1;247
2026;9;Kadin;SEGMENT_D;BRAND_D1;300
2026;10;Kadin;SEGMENT_D;BRAND_D1;340
2026;11;Kadin;SEGMENT_D;BRAND_D1;283
2026;12;Kadin;SEGMENT_D;BRAND_D1;301
2026;13;Kadin;SEGMENT_D;BRAND_D1;404
2026;14;Kadin;SEGMENT_D;BRAND_D1;310
2026;15;Kadin;SEGMENT_D;BRAND_D1;270
2026;16;Kadin;SEGMENT_D;BRAND_D1;305
2026;17;Kadin;SEGMENT_D;BRAND_D1;270
2026;18;Kadin;SEGMENT_D;BRAND_D1;356
2026;19;Kadin;SEGMENT_D;BRAND_D1;297
2026;20;Kadin;SEGMENT_D;BRAND_D1;297
2026;21;Kadin;SEGMENT_D;BRAND_D1;429
2026;22;Kadin;SEGMENT_D;BRAND_D1;287
2026;23;Kadin;SEGMENT_D;BRAND_D1;281
2026;24;Kadin;SEGMENT_D;BRAND_D1;291
2026;25;Kadin;SEGMENT_D;BRAND_D1;368
2026;26;Kadin;SEGMENT_D;BRAND_D1;348
2026;27;Kadin;SEGMENT_D;BRAND_D1;304
2026;28;Kadin;SEGMENT_D;BRAND_D1;299
2026;29;Kadin;SEGMENT_D;BRAND_D1;337
2026;30;Kadin;SEGMENT_D;BRAND_D1;326
2026;31;Kadin;SEGMENT_D;BRAND_D1;308
2026;32;Kadin;SEGMENT_D;BRAND_D1;333
2026;33;Kadin;SEGMENT_D;BRAND_D1;270
2026;34;Kadin;SEGMENT_D;BRAND_D1;275
2023;1;Kadin;SEGMENT_D;BRAND_D2;293
2023;2;Kadin;SEGMENT_D;BRAND_D2;242
2023;3;Kadin;SEGMENT_D;BRAND_D2;261
2023;4;Kadin;SEGMENT_D;BRAND_D2;269
2023;5;Kadin;SEGMENT_D;BRAND_D2;310
2023;6;Kadin;SEGMENT_D;BRAND_D2;241
2023;7;Kadin;SEGMENT_D;BRAND_D2;272
2023;8;Kadin;SEGMENT_D;BRAND_D2;296
2023;9;Kadin;SEGMENT_D;BRAND_D2;248
2023;10;Kadin;SEGMENT_D;BRAND_D2;291
2023;11;Kadin;SEGMENT_D;BRAND_D2;289
2023;12;Kadin;SEGMENT_D;BRAND_D2;331
2023;13;Kadin;SEGMENT_D;BRAND_D2;329
2023;14;Kadin;SEGMENT_D;BRAND_D2;257
2023;15;Kadin;SEGMENT_D;BRAND_D2;348
2023;16;Kadin;SEGMENT_D;BRAND_D2;319
2023;17;Kadin;SEGMENT_D;BRAND_D2;351
2023;18;Kadin;SEGMENT_D;BRAND_D2;279
2023;19;Kadin;SEGMENT_D;BRAND_D2;333
2023;20;Kadin;SEGMENT_D;BRAND_D2;289
2023;21;Kadin;SEGMENT_D;BRAND_D2;257
2023;22;Kadin;SEGMENT_D;BRAND_D2;280
2023;23;Kadin;SEGMENT_D;BRAND_D2;295
2023;24;Kadin;SEGMENT_D;BRAND_D2;286
2023;25;Kadin;SEGMENT_D;BRAND_D2;392
2023;26;Kadin;SEGMENT_D;BRAND_D2;325
2023;27;Kadin;SEGMENT_D;BRAND_D2;343
2023;28;Kadin;SEGMENT_D;BRAND_D2;279
2023;29;Kadin;SEGMENT_D;BRAND_D2;245
2023;30;Kadin;SEGMENT_D;BRAND_D2;389
2023;31;Kadin;SEGMENT_D;BRAND_D2;233
2023;32;Kadin;SEGMENT_D;BRAND_D2;267
2023;33;Kadin;SEGMENT_D;BRAND_D2;318
2023;34;Kadin;SEGMENT_D;BRAND_D2;276
2023;35;Kadin;SEGMENT_D;BRAND_D2;294
2023;36;Kadin;SEGMENT_D;BRAND_D2;251
2023;37;Kadin;SEGMENT_D;BRAND_D2;296
2023;38;Kadin;SEGMENT_D;BRAND_D2;238
2023;39;Kadin;SEGMENT_D;BRAND_D2;201
2023;40;Kadin;SEGMENT_D;BRAND_D2;258
2023;41;Kadin;SEGMENT_D;BRAND_D2;296
2023;42;Kadin;SEGMENT_D;BRAND_D2;253
2023;43;Kadin;SEGMENT_D;BRAND_D2;281
2023;44;Kadin;SEGMENT_D;BRAND_D2;345
2023;45;Kadin;SEGMENT_D;BRAND_D2;288
2023;46;Kadin;SEGMENT_D;BRAND_D2;284
2023;47;Kadin;SEGMENT_D;BRAND_D2;411
2023;48;Kadin;SEGMENT_D;BRAND_D2;371
2023;49;Kadin;SEGMENT_D;BRAND_D2;257
2023;50;Kadin;SEGMENT_D;BRAND_D2;320
2023;51;Kadin;SEGMENT_D;BRAND_D2;312
2023;52;Kadin;SEGMENT_D;BRAND_D2;258
2024;1;Kadin;SEGMENT_D;BRAND_D2;280
2024;2;Kadin;SEGMENT_D;BRAND_D2;309
2024;3;Kadin;SEGMENT_D;BRAND_D2;246
2024;4;Kadin;SEGMENT_D;BRAND_D2;318
2024;5;Kadin;SEGMENT_D;BRAND_D2;318
2024;6;Kadin;SEGMENT_D;BRAND_D2;267
2024;7;Kadin;SEGMENT_D;BRAND_D2;386
2024;8;Kadin;SEGMENT_D;BRAND_D2;304
2024;9;Kadin;SEGMENT_D;BRAND_D2;305
2024;10;Kadin;SEGMENT_D;BRAND_D2;366
2024;11;Kadin;SEGMENT_D;BRAND_D2;380
2024;12;Kadin;SEGMENT_D;BRAND_D2;298
2024;13;Kadin;SEGMENT_D;BRAND_D2;249
2024;14;Kadin;SEGMENT_D;BRAND_D2;338
2024;15;Kadin;SEGMENT_D;BRAND_D2;278
2024;16;Kadin;SEGMENT_D;BRAND_D2;387
2024;17;Kadin;SEGMENT_D;BRAND_D2;351
2024;18;Kadin;SEGMENT_D;BRAND_D2;298
2024;19;Kadin;SEGMENT_D;BRAND_D2;325
2024;20;Kadin;SEGMENT_D;BRAND_D2;313
2024;21;Kadin;SEGMENT_D;BRAND_D2;325
2024;22;Kadin;SEGMENT_D;BRAND_D2;289
2024;23;Kadin;SEGMENT_D;BRAND_D2;423
2024;24;Kadin;SEGMENT_D;BRAND_D2;317
2024;25;Kadin;SEGMENT_D;BRAND_D2;356
2024;26;Kadin;SEGMENT_D;BRAND_D2;373
2024;27;Kadin;SEGMENT_D;BRAND_D2;403
2024;28;Kadin;SEGMENT_D;BRAND_D2;352
2024;29;Kadin;SEGMENT_D;BRAND_D2;337
2024;30;Kadin;SEGMENT_D;BRAND_D2;348
2024;31;Kadin;SEGMENT_D;BRAND_D2;302
2024;32;Kadin;SEGMENT_D;BRAND_D2;301
2024;33;Kadin;SEGMENT_D;BRAND_D2;324
2024;34;Kadin;SEGMENT_D;BRAND_D2;258
2024;35;Kadin;SEGMENT_D;BRAND_D2;303
2024;36;Kadin;SEGMENT_D;BRAND_D2;308
2024;37;Kadin;SEGMENT_D;BRAND_D2;407
2024;38;Kadin;SEGMENT_D;BRAND_D2;372
2024;39;Kadin;SEGMENT_D;BRAND_D2;334
2024;40;Kadin;SEGMENT_D;BRAND_D2;349
2024;41;Kadin;SEGMENT_D;BRAND_D2;279
2024;42;Kadin;SEGMENT_D;BRAND_D2;316
2024;43;Kadin;SEGMENT_D;BRAND_D2;339
2024;44;Kadin;SEGMENT_D;BRAND_D2;276
2024;45;Kadin;SEGMENT_D;BRAND_D2;261
2024;46;Kadin;SEGMENT_D;BRAND_D2;323
2024;47;Kadin;SEGMENT_D;BRAND_D2;359
2024;48;Kadin;SEGMENT_D;BRAND_D2;450
2024;49;Kadin;SEGMENT_D;BRAND_D2;359
2024;50;Kadin;SEGMENT_D;BRAND_D2;284
2024;51;Kadin;SEGMENT_D;BRAND_D2;289
2024;52;Kadin;SEGMENT_D;BRAND_D2;368
2025;1;Kadin;SEGMENT_D;BRAND_D2;329
2025;2;Kadin;SEGMENT_D;BRAND_D2;370
2025;3;Kadin;SEGMENT_D;BRAND_D2;326
2025;4;Kadin;SEGMENT_D;BRAND_D2;333
2025;5;Kadin;SEGMENT_D;BRAND_D2;346
2025;6;Kadin;SEGMENT_D;BRAND_D2;428
2025;7;Kadin;SEGMENT_D;BRAND_D2;392
2025;8;Kadin;SEGMENT_D;BRAND_D2;332
2025;9;Kadin;SEGMENT_D;BRAND_D2;374
2025;10;Kadin;SEGMENT_D;BRAND_D2;357
2025;11;Kadin;SEGMENT_D;BRAND_D2;353
2025;12;Kadin;SEGMENT_D;BRAND_D2;403
2025;13;Kadin;SEGMENT_D;BRAND_D2;397
2025;14;Kadin;SEGMENT_D;BRAND_D2;347
2025;15;Kadin;SEGMENT_D;BRAND_D2;393
2025;16;Kadin;SEGMENT_D;BRAND_D2;370
2025;17;Kadin;SEGMENT_D;BRAND_D2;418
2025;18;Kadin;SEGMENT_D;BRAND_D2;373
2025;19;Kadin;SEGMENT_D;BRAND_D2;393
2025;20;Kadin;SEGMENT_D;BRAND_D2;380
2025;21;Kadin;SEGMENT_D;BRAND_D2;330
2025;22;Kadin;SEGMENT_D;BRAND_D2;488
2025;23;Kadin;SEGMENT_D;BRAND_D2;403
2025;24;Kadin;SEGMENT_D;BRAND_D2;489
2025;25;Kadin;SEGMENT_D;BRAND_D2;403
2025;26;Kadin;SEGMENT_D;BRAND_D2;432
2025;27;Kadin;SEGMENT_D;BRAND_D2;367
2025;28;Kadin;SEGMENT_D;BRAND_D2;365
2025;29;Kadin;SEGMENT_D;BRAND_D2;388
2025;30;Kadin;SEGMENT_D;BRAND_D2;470
2025;31;Kadin;SEGMENT_D;BRAND_D2;344
2025;32;Kadin;SEGMENT_D;BRAND_D2;303
2025;33;Kadin;SEGMENT_D;BRAND_D2;425
2025;34;Kadin;SEGMENT_D;BRAND_D2;406
2025;35;Kadin;SEGMENT_D;BRAND_D2;350
2025;36;Kadin;SEGMENT_D;BRAND_D2;468
2025;37;Kadin;SEGMENT_D;BRAND_D2;466
2025;38;Kadin;SEGMENT_D;BRAND_D2;291
2025;39;Kadin;SEGMENT_D;BRAND_D2;328
2025;40;Kadin;SEGMENT_D;BRAND_D2;351
2025;41;Kadin;SEGMENT_D;BRAND_D2;368
2025;42;Kadin;SEGMENT_D;BRAND_D2;359
2025;43;Kadin;SEGMENT_D;BRAND_D2;348
2025;44;Kadin;SEGMENT_D;BRAND_D2;306
2025;45;Kadin;SEGMENT_D;BRAND_D2;369
2025;46;Kadin;SEGMENT_D;BRAND_D2;372
2025;47;Kadin;SEGMENT_D;BRAND_D2;527
2025;48;Kadin;SEGMENT_D;BRAND_D2;411
2025;49;Kadin;SEGMENT_D;BRAND_D2;343
2025;50;Kadin;SEGMENT_D;BRAND_D2;335
2025;51;Kadin;SEGMENT_D;BRAND_D2;311
2025;52;Kadin;SEGMENT_D;BRAND_D2;352
2026;1;Kadin;SEGMENT_D;BRAND_D2;324
2026;2;Kadin;SEGMENT_D;BRAND_D2;315
2026;3;Kadin;SEGMENT_D;BRAND_D2;410
2026;4;Kadin;SEGMENT_D;BRAND_D2;361
2026;5;Kadin;SEGMENT_D;BRAND_D2;354
2026;6;Kadin;SEGMENT_D;BRAND_D2;451
2026;7;Kadin;SEGMENT_D;BRAND_D2;426
2026;8;Kadin;SEGMENT_D;BRAND_D2;317
2026;9;Kadin;SEGMENT_D;BRAND_D2;427
2026;10;Kadin;SEGMENT_D;BRAND_D2;433
2026;11;Kadin;SEGMENT_D;BRAND_D2;405
2026;12;Kadin;SEGMENT_D;BRAND_D2;408
2026;13;Kadin;SEGMENT_D;BRAND_D2;354
2026;14;Kadin;SEGMENT_D;BRAND_D2;552
2026;15;Kadin;SEGMENT_D;BRAND_D2;424
2026;16;Kadin;SEGMENT_D;BRAND_D2;457
2026;17;Kadin;SEGMENT_D;BRAND_D2;432
2026;18;Kadin;SEGMENT_D;BRAND_D2;409
2026;19;Kadin;SEGMENT_D;BRAND_D2;493
2026;20;Kadin;SEGMENT_D;BRAND_D2;455
2026;21;Kadin;SEGMENT_D;BRAND_D2;436
2026;22;Kadin;SEGMENT_D;BRAND_D2;466
2026;23;Kadin;SEGMENT_D;BRAND_D2;442
2026;24;Kadin;SEGMENT_D;BRAND_D2;548
2026;25;Kadin;SEGMENT_D;BRAND_D2;488
2026;26;Kadin;SEGMENT_D;BRAND_D2;469
2026;27;Kadin;SEGMENT_D;BRAND_D2;368
2026;28;Kadin;SEGMENT_D;BRAND_D2;465
2026;29;Kadin;SEGMENT_D;BRAND_D2;460
2026;30;Kadin;SEGMENT_D;BRAND_D2;381
2026;31;Kadin;SEGMENT_D;BRAND_D2;355
2026;32;Kadin;SEGMENT_D;BRAND_D2;460
2026;33;Kadin;SEGMENT_D;BRAND_D2;463
2026;34;Kadin;SEGMENT_D;BRAND_D2;383
2023;1;Kadin;SEGMENT_D;BRAND_D3;317
2023;2;Kadin;SEGMENT_D;BRAND_D3;300
2023;3;Kadin;SEGMENT_D;BRAND_D3;267
2023;4;Kadin;SEGMENT_D;BRAND_D3;289
2023;5;Kadin;SEGMENT_D;BRAND_D3;342
2023;6;Kadin;SEGMENT_D;BRAND_D3;299
2023;7;Kadin;SEGMENT_D;BRAND_D3;380
2023;8;Kadin;SEGMENT_D;BRAND_D3;366
2023;9;Kadin;SEGMENT_D;BRAND_D3;365
2023;10;Kadin;SEGMENT_D;BRAND_D3;360
2023;11;Kadin;SEGMENT_D;BRAND_D3;330
2023;12;Kadin;SEGMENT_D;BRAND_D3;393
2023;13;Kadin;SEGMENT_D;BRAND_D3;337
2023;14;Kadin;SEGMENT_D;BRAND_D3;420
2023;15;Kadin;SEGMENT_D;BRAND_D3;452
2023;16;Kadin;SEGMENT_D;BRAND_D3;386
2023;17;Kadin;SEGMENT_D;BRAND_D3;450
2023;18;Kadin;SEGMENT_D;BRAND_D3;342
2023;19;Kadin;SEGMENT_D;BRAND_D3;410
2023;20;Kadin;SEGMENT_D;BRAND_D3;387
2023;21;Kadin;SEGMENT_D;BRAND_D3;426
2023;22;Kadin;SEGMENT_D;BRAND_D3;309
2023;23;Kadin;SEGMENT_D;BRAND_D3;423
2023;24;Kadin;SEGMENT_D;BRAND_D3;359
2023;25;Kadin;SEGMENT_D;BRAND_D3;388
2023;26;Kadin;SEGMENT_D;BRAND_D3;492
2023;27;Kadin;SEGMENT_D;BRAND_D3;409
2023;28;Kadin;SEGMENT_D;BRAND_D3;399
2023;29;Kadin;SEGMENT_D;BRAND_D3;392
2023;30;Kadin;SEGMENT_D;BRAND_D3;429
2023;31;Kadin;SEGMENT_D;BRAND_D3;410
2023;32;Kadin;SEGMENT_D;BRAND_D3;383
2023;33;Kadin;SEGMENT_D;BRAND_D3;374
2023;34;Kadin;SEGMENT_D;BRAND_D3;367
2023;35;Kadin;SEGMENT_D;BRAND_D3;355
2023;36;Kadin;SEGMENT_D;BRAND_D3;308
2023;37;Kadin;SEGMENT_D;BRAND_D3;374
2023;38;Kadin;SEGMENT_D;BRAND_D3;326
2023;39;Kadin;SEGMENT_D;BRAND_D3;390
2023;40;Kadin;SEGMENT_D;BRAND_D3;336
2023;41;Kadin;SEGMENT_D;BRAND_D3;380
2023;42;Kadin;SEGMENT_D;BRAND_D3;339
2023;43;Kadin;SEGMENT_D;BRAND_D3;335
2023;44;Kadin;SEGMENT_D;BRAND_D3;345
2023;45;Kadin;SEGMENT_D;BRAND_D3;327
2023;46;Kadin;SEGMENT_D;BRAND_D3;432
2023;47;Kadin;SEGMENT_D;BRAND_D3;573
2023;48;Kadin;SEGMENT_D;BRAND_D3;574
2023;49;Kadin;SEGMENT_D;BRAND_D3;358
2023;50;Kadin;SEGMENT_D;BRAND_D3;323
2023;51;Kadin;SEGMENT_D;BRAND_D3;391
2023;52;Kadin;SEGMENT_D;BRAND_D3;342
2024;1;Kadin;SEGMENT_D;BRAND_D3;405
2024;2;Kadin;SEGMENT_D;BRAND_D3;336
2024;3;Kadin;SEGMENT_D;BRAND_D3;386
2024;4;Kadin;SEGMENT_D;BRAND_D3;429
2024;5;Kadin;SEGMENT_D;BRAND_D3;367
2024;6;Kadin;SEGMENT_D;BRAND_D3;373
2024;7;Kadin;SEGMENT_D;BRAND_D3;329
2024;8;Kadin;SEGMENT_D;BRAND_D3;367
2024;9;Kadin;SEGMENT_D;BRAND_D3;416
2024;10;Kadin;SEGMENT_D;BRAND_D3;429
2024;11;Kadin;SEGMENT_D;BRAND_D3;443
2024;12;Kadin;SEGMENT_D;BRAND_D3;338
2024;13;Kadin;SEGMENT_D;BRAND_D3;407
2024;14;Kadin;SEGMENT_D;BRAND_D3;364
2024;15;Kadin;SEGMENT_D;BRAND_D3;444
2024;16;Kadin;SEGMENT_D;BRAND_D3;359
2024;17;Kadin;SEGMENT_D;BRAND_D3;384
2024;18;Kadin;SEGMENT_D;BRAND_D3;483
2024;19;Kadin;SEGMENT_D;BRAND_D3;415
2024;20;Kadin;SEGMENT_D;BRAND_D3;522
2024;21;Kadin;SEGMENT_D;BRAND_D3;478
2024;22;Kadin;SEGMENT_D;BRAND_D3;431
2024;23;Kadin;SEGMENT_D;BRAND_D3;497
2024;24;Kadin;SEGMENT_D;BRAND_D3;434
2024;25;Kadin;SEGMENT_D;BRAND_D3;481
2024;26;Kadin;SEGMENT_D;BRAND_D3;405
2024;27;Kadin;SEGMENT_D;BRAND_D3;493
2024;28;Kadin;SEGMENT_D;BRAND_D3;362
2024;29;Kadin;SEGMENT_D;BRAND_D3;378
2024;30;Kadin;SEGMENT_D;BRAND_D3;382
2024;31;Kadin;SEGMENT_D;BRAND_D3;395
2024;32;Kadin;SEGMENT_D;BRAND_D3;436
2024;33;Kadin;SEGMENT_D;BRAND_D3;415
2024;34;Kadin;SEGMENT_D;BRAND_D3;449
2024;35;Kadin;SEGMENT_D;BRAND_D3;469
2024;36;Kadin;SEGMENT_D;BRAND_D3;333
2024;37;Kadin;SEGMENT_D;BRAND_D3;467
2024;38;Kadin;SEGMENT_D;BRAND_D3;387
2024;39;Kadin;SEGMENT_D;BRAND_D3;486
2024;40;Kadin;SEGMENT_D;BRAND_D3;358
2024;41;Kadin;SEGMENT_D;BRAND_D3;311
2024;42;Kadin;SEGMENT_D;BRAND_D3;417
2024;43;Kadin;SEGMENT_D;BRAND_D3;412
2024;44;Kadin;SEGMENT_D;BRAND_D3;339
2024;45;Kadin;SEGMENT_D;BRAND_D3;342
2024;46;Kadin;SEGMENT_D;BRAND_D3;425
2024;47;Kadin;SEGMENT_D;BRAND_D3;546
2024;48;Kadin;SEGMENT_D;BRAND_D3;506
2024;49;Kadin;SEGMENT_D;BRAND_D3;414
2024;50;Kadin;SEGMENT_D;BRAND_D3;407
2024;51;Kadin;SEGMENT_D;BRAND_D3;357
2024;52;Kadin;SEGMENT_D;BRAND_D3;447
2025;1;Kadin;SEGMENT_D;BRAND_D3;440
2025;2;Kadin;SEGMENT_D;BRAND_D3;412
2025;3;Kadin;SEGMENT_D;BRAND_D3;459
2025;4;Kadin;SEGMENT_D;BRAND_D3;531
2025;5;Kadin;SEGMENT_D;BRAND_D3;381
2025;6;Kadin;SEGMENT_D;BRAND_D3;421
2025;7;Kadin;SEGMENT_D;BRAND_D3;430
2025;8;Kadin;SEGMENT_D;BRAND_D3;491
2025;9;Kadin;SEGMENT_D;BRAND_D3;422
2025;10;Kadin;SEGMENT_D;BRAND_D3;501
2025;11;Kadin;SEGMENT_D;BRAND_D3;439
2025;12;Kadin;SEGMENT_D;BRAND_D3;413
2025;13;Kadin;SEGMENT_D;BRAND_D3;481
2025;14;Kadin;SEGMENT_D;BRAND_D3;452
2025;15;Kadin;SEGMENT_D;BRAND_D3;496
2025;16;Kadin;SEGMENT_D;BRAND_D3;514
2025;17;Kadin;SEGMENT_D;BRAND_D3;409
2025;18;Kadin;SEGMENT_D;BRAND_D3;472
2025;19;Kadin;SEGMENT_D;BRAND_D3;502
2025;20;Kadin;SEGMENT_D;BRAND_D3;550
2025;21;Kadin;SEGMENT_D;BRAND_D3;542
2025;22;Kadin;SEGMENT_D;BRAND_D3;453
2025;23;Kadin;SEGMENT_D;BRAND_D3;489
2025;24;Kadin;SEGMENT_D;BRAND_D3;526
2025;25;Kadin;SEGMENT_D;BRAND_D3;483
2025;26;Kadin;SEGMENT_D;BRAND_D3;453
2025;27;Kadin;SEGMENT_D;BRAND_D3;488
2025;28;Kadin;SEGMENT_D;BRAND_D3;509
2025;29;Kadin;SEGMENT_D;BRAND_D3;434
2025;30;Kadin;SEGMENT_D;BRAND_D3;513
2025;31;Kadin;SEGMENT_D;BRAND_D3;483
2025;32;Kadin;SEGMENT_D;BRAND_D3;506
2025;33;Kadin;SEGMENT_D;BRAND_D3;462
2025;34;Kadin;SEGMENT_D;BRAND_D3;567
2025;35;Kadin;SEGMENT_D;BRAND_D3;476
2025;36;Kadin;SEGMENT_D;BRAND_D3;493
2025;37;Kadin;SEGMENT_D;BRAND_D3;479
2025;38;Kadin;SEGMENT_D;BRAND_D3;435
2025;39;Kadin;SEGMENT_D;BRAND_D3;454
2025;40;Kadin;SEGMENT_D;BRAND_D3;408
2025;41;Kadin;SEGMENT_D;BRAND_D3;528
2025;42;Kadin;SEGMENT_D;BRAND_D3;456
2025;43;Kadin;SEGMENT_D;BRAND_D3;393
2025;44;Kadin;SEGMENT_D;BRAND_D3;505
2025;45;Kadin;SEGMENT_D;BRAND_D3;424
2025;46;Kadin;SEGMENT_D;BRAND_D3;478
2025;47;Kadin;SEGMENT_D;BRAND_D3;483
2025;48;Kadin;SEGMENT_D;BRAND_D3;670
2025;49;Kadin;SEGMENT_D;BRAND_D3;458
2025;50;Kadin;SEGMENT_D;BRAND_D3;397
2025;51;Kadin;SEGMENT_D;BRAND_D3;465
2025;52;Kadin;SEGMENT_D;BRAND_D3;537
2026;1;Kadin;SEGMENT_D;BRAND_D3;424
2026;2;Kadin;SEGMENT_D;BRAND_D3;429
2026;3;Kadin;SEGMENT_D;BRAND_D3;454
2026;4;Kadin;SEGMENT_D;BRAND_D3;475
2026;5;Kadin;SEGMENT_D;BRAND_D3;534
2026;6;Kadin;SEGMENT_D;BRAND_D3;512
2026;7;Kadin;SEGMENT_D;BRAND_D3;480
2026;8;Kadin;SEGMENT_D;BRAND_D3;516
2026;9;Kadin;SEGMENT_D;BRAND_D3;618
2026;10;Kadin;SEGMENT_D;BRAND_D3;552
2026;11;Kadin;SEGMENT_D;BRAND_D3;512
2026;12;Kadin;SEGMENT_D;BRAND_D3;511
2026;13;Kadin;SEGMENT_D;BRAND_D3;545
2026;14;Kadin;SEGMENT_D;BRAND_D3;598
2026;15;Kadin;SEGMENT_D;BRAND_D3;497
2026;16;Kadin;SEGMENT_D;BRAND_D3;597
2026;17;Kadin;SEGMENT_D;BRAND_D3;541
2026;18;Kadin;SEGMENT_D;BRAND_D3;553
2026;19;Kadin;SEGMENT_D;BRAND_D3;749
2026;20;Kadin;SEGMENT_D;BRAND_D3;600
2026;21;Kadin;SEGMENT_D;BRAND_D3;523
2026;22;Kadin;SEGMENT_D;BRAND_D3;582
2026;23;Kadin;SEGMENT_D;BRAND_D3;623
2026;24;Kadin;SEGMENT_D;BRAND_D3;599
2026;25;Kadin;SEGMENT_D;BRAND_D3;433
2026;26;Kadin;SEGMENT_D;BRAND_D3;392
2026;27;Kadin;SEGMENT_D;BRAND_D3;544
2026;28;Kadin;SEGMENT_D;BRAND_D3;570
2026;29;Kadin;SEGMENT_D;BRAND_D3;560
2026;30;Kadin;SEGMENT_D;BRAND_D3;506
2026;31;Kadin;SEGMENT_D;BRAND_D3;572
2026;32;Kadin;SEGMENT_D;BRAND_D3;597
2026;33;Kadin;SEGMENT_D;BRAND_D3;430
2026;34;Kadin;SEGMENT_D;BRAND_D3;422
2023;1;Kadin;SEGMENT_D;BRAND_D4;297
2023;2;Kadin;SEGMENT_D;BRAND_D4;385
2023;3;Kadin;SEGMENT_D;BRAND_D4;355
2023;4;Kadin;SEGMENT_D;BRAND_D4;354
2023;5;Kadin;SEGMENT_D;BRAND_D4;381
2023;6;Kadin;SEGMENT_D;BRAND_D4;390
2023;7;Kadin;SEGMENT_D;BRAND_D4;398
2023;8;Kadin;SEGMENT_D;BRAND_D4;386
2023;9;Kadin;SEGMENT_D;BRAND_D4;388
2023;10;Kadin;SEGMENT_D;BRAND_D4;428
2023;11;Kadin;SEGMENT_D;BRAND_D4;427
2023;12;Kadin;SEGMENT_D;BRAND_D4;398
2023;13;Kadin;SEGMENT_D;BRAND_D4;393
2023;14;Kadin;SEGMENT_D;BRAND_D4;442
2023;15;Kadin;SEGMENT_D;BRAND_D4;472
2023;16;Kadin;SEGMENT_D;BRAND_D4;540
2023;17;Kadin;SEGMENT_D;BRAND_D4;390
2023;18;Kadin;SEGMENT_D;BRAND_D4;354
2023;19;Kadin;SEGMENT_D;BRAND_D4;516
2023;20;Kadin;SEGMENT_D;BRAND_D4;394
2023;21;Kadin;SEGMENT_D;BRAND_D4;422
2023;22;Kadin;SEGMENT_D;BRAND_D4;523
2023;23;Kadin;SEGMENT_D;BRAND_D4;573
2023;24;Kadin;SEGMENT_D;BRAND_D4;419
2023;25;Kadin;SEGMENT_D;BRAND_D4;351
2023;26;Kadin;SEGMENT_D;BRAND_D4;500
2023;27;Kadin;SEGMENT_D;BRAND_D4;435
2023;28;Kadin;SEGMENT_D;BRAND_D4;443
2023;29;Kadin;SEGMENT_D;BRAND_D4;451
2023;30;Kadin;SEGMENT_D;BRAND_D4;386
2023;31;Kadin;SEGMENT_D;BRAND_D4;289
2023;32;Kadin;SEGMENT_D;BRAND_D4;568
2023;33;Kadin;SEGMENT_D;BRAND_D4;401
2023;34;Kadin;SEGMENT_D;BRAND_D4;387
2023;35;Kadin;SEGMENT_D;BRAND_D4;429
2023;36;Kadin;SEGMENT_D;BRAND_D4;442
2023;37;Kadin;SEGMENT_D;BRAND_D4;584
2023;38;Kadin;SEGMENT_D;BRAND_D4;404
2023;39;Kadin;SEGMENT_D;BRAND_D4;367
2023;40;Kadin;SEGMENT_D;BRAND_D4;332
2023;41;Kadin;SEGMENT_D;BRAND_D4;389
2023;42;Kadin;SEGMENT_D;BRAND_D4;388
2023;43;Kadin;SEGMENT_D;BRAND_D4;308
2023;44;Kadin;SEGMENT_D;BRAND_D4;416
2023;45;Kadin;SEGMENT_D;BRAND_D4;440
2023;46;Kadin;SEGMENT_D;BRAND_D4;441
2023;47;Kadin;SEGMENT_D;BRAND_D4;564
2023;48;Kadin;SEGMENT_D;BRAND_D4;581
2023;49;Kadin;SEGMENT_D;BRAND_D4;326
2023;50;Kadin;SEGMENT_D;BRAND_D4;388
2023;51;Kadin;SEGMENT_D;BRAND_D4;413
2023;52;Kadin;SEGMENT_D;BRAND_D4;461
2024;1;Kadin;SEGMENT_D;BRAND_D4;418
2024;2;Kadin;SEGMENT_D;BRAND_D4;402
2024;3;Kadin;SEGMENT_D;BRAND_D4;277
2024;4;Kadin;SEGMENT_D;BRAND_D4;453
2024;5;Kadin;SEGMENT_D;BRAND_D4;541
2024;6;Kadin;SEGMENT_D;BRAND_D4;442
2024;7;Kadin;SEGMENT_D;BRAND_D4;539
2024;8;Kadin;SEGMENT_D;BRAND_D4;456
2024;9;Kadin;SEGMENT_D;BRAND_D4;488
2024;10;Kadin;SEGMENT_D;BRAND_D4;527
2024;11;Kadin;SEGMENT_D;BRAND_D4;485
2024;12;Kadin;SEGMENT_D;BRAND_D4;482
2024;13;Kadin;SEGMENT_D;BRAND_D4;445
2024;14;Kadin;SEGMENT_D;BRAND_D4;402
2024;15;Kadin;SEGMENT_D;BRAND_D4;458
2024;16;Kadin;SEGMENT_D;BRAND_D4;608
2024;17;Kadin;SEGMENT_D;BRAND_D4;444
2024;18;Kadin;SEGMENT_D;BRAND_D4;587
2024;19;Kadin;SEGMENT_D;BRAND_D4;502
2024;20;Kadin;SEGMENT_D;BRAND_D4;574
2024;21;Kadin;SEGMENT_D;BRAND_D4;527
2024;22;Kadin;SEGMENT_D;BRAND_D4;488
2024;23;Kadin;SEGMENT_D;BRAND_D4;458
2024;24;Kadin;SEGMENT_D;BRAND_D4;474
2024;25;Kadin;SEGMENT_D;BRAND_D4;543
2024;26;Kadin;SEGMENT_D;BRAND_D4;479
2024;27;Kadin;SEGMENT_D;BRAND_D4;440
2024;28;Kadin;SEGMENT_D;BRAND_D4;459
2024;29;Kadin;SEGMENT_D;BRAND_D4;612
2024;30;Kadin;SEGMENT_D;BRAND_D4;518
2024;31;Kadin;SEGMENT_D;BRAND_D4;526
2024;32;Kadin;SEGMENT_D;BRAND_D4;491
2024;33;Kadin;SEGMENT_D;BRAND_D4;496
2024;34;Kadin;SEGMENT_D;BRAND_D4;445
2024;35;Kadin;SEGMENT_D;BRAND_D4;469
2024;36;Kadin;SEGMENT_D;BRAND_D4;364
2024;37;Kadin;SEGMENT_D;BRAND_D4;508
2024;38;Kadin;SEGMENT_D;BRAND_D4;428
2024;39;Kadin;SEGMENT_D;BRAND_D4;390
2024;40;Kadin;SEGMENT_D;BRAND_D4;453
2024;41;Kadin;SEGMENT_D;BRAND_D4;430
2024;42;Kadin;SEGMENT_D;BRAND_D4;489
2024;43;Kadin;SEGMENT_D;BRAND_D4;434
2024;44;Kadin;SEGMENT_D;BRAND_D4;406
2024;45;Kadin;SEGMENT_D;BRAND_D4;435
2024;46;Kadin;SEGMENT_D;BRAND_D4;518
2024;47;Kadin;SEGMENT_D;BRAND_D4;663
2024;48;Kadin;SEGMENT_D;BRAND_D4;635
2024;49;Kadin;SEGMENT_D;BRAND_D4;499
2024;50;Kadin;SEGMENT_D;BRAND_D4;481
2024;51;Kadin;SEGMENT_D;BRAND_D4;406
2024;52;Kadin;SEGMENT_D;BRAND_D4;499
2025;1;Kadin;SEGMENT_D;BRAND_D4;527
2025;2;Kadin;SEGMENT_D;BRAND_D4;537
2025;3;Kadin;SEGMENT_D;BRAND_D4;416
2025;4;Kadin;SEGMENT_D;BRAND_D4;452
2025;5;Kadin;SEGMENT_D;BRAND_D4;450
2025;6;Kadin;SEGMENT_D;BRAND_D4;475
2025;7;Kadin;SEGMENT_D;BRAND_D4;527
2025;8;Kadin;SEGMENT_D;BRAND_D4;517
2025;9;Kadin;SEGMENT_D;BRAND_D4;524
2025;10;Kadin;SEGMENT_D;BRAND_D4;446
2025;11;Kadin;SEGMENT_D;BRAND_D4;496
2025;12;Kadin;SEGMENT_D;BRAND_D4;621
2025;13;Kadin;SEGMENT_D;BRAND_D4;617
2025;14;Kadin;SEGMENT_D;BRAND_D4;541
2025;15;Kadin;SEGMENT_D;BRAND_D4;603
2025;16;Kadin;SEGMENT_D;BRAND_D4;578
2025;17;Kadin;SEGMENT_D;BRAND_D4;621
2025;18;Kadin;SEGMENT_D;BRAND_D4;619
2025;19;Kadin;SEGMENT_D;BRAND_D4;715
2025;20;Kadin;SEGMENT_D;BRAND_D4;566
2025;21;Kadin;SEGMENT_D;BRAND_D4;605
2025;22;Kadin;SEGMENT_D;BRAND_D4;595
2025;23;Kadin;SEGMENT_D;BRAND_D4;568
2025;24;Kadin;SEGMENT_D;BRAND_D4;552
2025;25;Kadin;SEGMENT_D;BRAND_D4;689
2025;26;Kadin;SEGMENT_D;BRAND_D4;562
2025;27;Kadin;SEGMENT_D;BRAND_D4;605
2025;28;Kadin;SEGMENT_D;BRAND_D4;670
2025;29;Kadin;SEGMENT_D;BRAND_D4;586
2025;30;Kadin;SEGMENT_D;BRAND_D4;578
2025;31;Kadin;SEGMENT_D;BRAND_D4;541
2025;32;Kadin;SEGMENT_D;BRAND_D4;562
2025;33;Kadin;SEGMENT_D;BRAND_D4;512
2025;34;Kadin;SEGMENT_D;BRAND_D4;722
2025;35;Kadin;SEGMENT_D;BRAND_D4;444
2025;36;Kadin;SEGMENT_D;BRAND_D4;505
2025;37;Kadin;SEGMENT_D;BRAND_D4;544
2025;38;Kadin;SEGMENT_D;BRAND_D4;535
2025;39;Kadin;SEGMENT_D;BRAND_D4;484
2025;40;Kadin;SEGMENT_D;BRAND_D4;409
2025;41;Kadin;SEGMENT_D;BRAND_D4;430
2025;42;Kadin;SEGMENT_D;BRAND_D4;504
2025;43;Kadin;SEGMENT_D;BRAND_D4;391
2025;44;Kadin;SEGMENT_D;BRAND_D4;527
2025;45;Kadin;SEGMENT_D;BRAND_D4;563
2025;46;Kadin;SEGMENT_D;BRAND_D4;539
2025;47;Kadin;SEGMENT_D;BRAND_D4;748
2025;48;Kadin;SEGMENT_D;BRAND_D4;504
2025;49;Kadin;SEGMENT_D;BRAND_D4;397
2025;50;Kadin;SEGMENT_D;BRAND_D4;485
2025;51;Kadin;SEGMENT_D;BRAND_D4;450
2025;52;Kadin;SEGMENT_D;BRAND_D4;426
2026;1;Kadin;SEGMENT_D;BRAND_D4;488
2026;2;Kadin;SEGMENT_D;BRAND_D4;628
2026;3;Kadin;SEGMENT_D;BRAND_D4;661
2026;4;Kadin;SEGMENT_D;BRAND_D4;484
2026;5;Kadin;SEGMENT_D;BRAND_D4;548
2026;6;Kadin;SEGMENT_D;BRAND_D4;577
2026;7;Kadin;SEGMENT_D;BRAND_D4;542
2026;8;Kadin;SEGMENT_D;BRAND_D4;659
2026;9;Kadin;SEGMENT_D;BRAND_D4;544
2026;10;Kadin;SEGMENT_D;BRAND_D4;541
2026;11;Kadin;SEGMENT_D;BRAND_D4;535
2026;12;Kadin;SEGMENT_D;BRAND_D4;578
2026;13;Kadin;SEGMENT_D;BRAND_D4;445
2026;14;Kadin;SEGMENT_D;BRAND_D4;594
2026;15;Kadin;SEGMENT_D;BRAND_D4;624
2026;16;Kadin;SEGMENT_D;BRAND_D4;477
2026;17;Kadin;SEGMENT_D;BRAND_D4;638
2026;18;Kadin;SEGMENT_D;BRAND_D4;554
2026;19;Kadin;SEGMENT_D;BRAND_D4;642
2026;20;Kadin;SEGMENT_D;BRAND_D4;642
2026;21;Kadin;SEGMENT_D;BRAND_D4;645
2026;22;Kadin;SEGMENT_D;BRAND_D4;696
2026;23;Kadin;SEGMENT_D;BRAND_D4;438
2026;24;Kadin;SEGMENT_D;BRAND_D4;554
2026;25;Kadin;SEGMENT_D;BRAND_D4;608
2026;26;Kadin;SEGMENT_D;BRAND_D4;509
2026;27;Kadin;SEGMENT_D;BRAND_D4;675
2026;28;Kadin;SEGMENT_D;BRAND_D4;551
2026;29;Kadin;SEGMENT_D;BRAND_D4;686
2026;30;Kadin;SEGMENT_D;BRAND_D4;683
2026;31;Kadin;SEGMENT_D;BRAND_D4;589
2026;32;Kadin;SEGMENT_D;BRAND_D4;579
2026;33;Kadin;SEGMENT_D;BRAND_D4;497
2026;34;Kadin;SEGMENT_D;BRAND_D4;584
